county_fips,pm25_ugm3,ozone_ppb,radon_zone
01001,8.71,36.7,2
01003,8.65,37.3,3
01005,8.67,36.8,2
01007,8.21,36.4,2
01009,8.42,38.9,2
01011,8.44,36.8,2
01013,8.04,35.7,3
01015,8.42,37.9,1
01017,8.59,37.0,3
01019,8.35,37.6,2
01021,8.20,36.6,2
01023,7.63,34.7,3
01025,7.92,35.1,3
01027,7.95,37.1,1
01029,8.06,37.4,1
01031,8.73,36.7,3
01033,7.40,38.7,1
01035,8.04,35.8,3
01037,8.09,36.6,1
01039,8.29,36.4,3
01041,8.25,36.4,3
01043,8.34,38.8,2
01045,8.90,37.0,3
01047,8.08,35.5,2
01049,8.37,38.2,2
01051,8.71,36.7,2
01053,8.35,36.2,3
01055,8.49,38.2,2
01057,7.77,37.1,2
01059,7.39,38.4,1
01061,8.80,36.8,3
01063,7.77,35.3,2
01065,7.87,35.4,2
01067,8.92,37.1,3
01069,9.22,37.3,3
01071,7.95,38.6,1
01073,9.33,38.7,2
01075,7.71,37.1,2
01077,7.20,38.9,1
01079,7.74,38.6,1
01081,8.93,37.1,2
01083,7.79,38.8,1
01085,8.24,36.1,2
01087,8.64,36.8,2
01089,8.15,38.8,1
01091,7.71,34.8,3
01093,7.50,37.7,2
01095,8.48,38.6,2
01097,9.23,37.2,3
01099,7.93,35.4,3
01101,9.12,37.1,2
01103,8.38,38.7,1
01105,7.85,35.3,2
01107,7.87,36.2,2
01109,8.45,36.8,3
01111,8.08,36.9,2
01113,9.13,37.2,2
01115,8.71,38.4,2
01117,9.03,37.8,2
01119,7.55,34.7,2
01121,8.44,37.6,1
01123,8.14,36.6,3
01125,8.55,36.2,2
01127,8.24,38.4,2
01129,8.21,35.6,3
01131,7.76,34.9,3
01133,7.77,38.3,2
04001,4.26,44.2,2
04003,5.88,46.4,2
04005,4.47,46.8,2
04007,4.66,48.7,2
04009,4.83,46.4,2
04011,4.78,46.5,2
04012,5.57,43.8,2
04013,7.56,47.7,2
04015,4.71,45.6,2
04017,4.44,46.1,2
04019,6.01,46.8,2
04021,6.45,46.5,2
04023,7.42,45.8,2
04025,4.71,46.8,2
04027,7.91,43.0,2
05001,8.54,37.2,3
05003,8.44,36.5,3
05005,7.70,37.9,2
05007,8.43,39.4,2
05009,7.54,38.4,2
05011,8.46,35.8,3
05013,8.66,35.3,3
05015,7.63,39.0,2
05017,8.47,37.5,3
05019,8.79,34.4,3
05021,8.50,39.7,3
05023,8.29,37.7,3
05025,8.44,35.6,3
05027,8.98,34.5,3
05029,8.64,35.6,3
05031,8.84,39.4,3
05033,8.67,36.6,3
05035,8.64,39.2,3
05037,8.56,38.7,3
05039,8.49,35.2,3
05041,8.42,37.0,3
05043,8.42,36.2,3
05045,9.12,36.2,3
05047,7.86,36.7,3
05051,8.58,33.8,2
05053,8.55,35.4,3
05055,8.70,39.6,3
05057,9.43,33.0,3
05059,8.72,35.0,3
05061,9.25,30.2,3
05063,8.36,38.4,2
05065,7.77,37.9,2
05067,8.63,38.7,3
05069,8.67,36.1,3
05071,8.05,35.4,3
05073,9.31,35.0,3
05075,8.52,38.9,3
05077,8.49,38.2,3
05079,8.54,36.4,3
05081,9.74,32.7,3
05083,8.22,33.2,3
05085,9.02,36.9,3
05087,7.46,38.4,3
05089,7.59,38.0,2
05091,9.98,34.1,3
05093,8.43,39.9,3
05095,8.53,37.7,3
05097,8.26,29.6,2
05099,9.00,33.3,3
05101,7.26,38.2,3
05103,8.85,34.5,3
05105,8.48,34.6,3
05107,8.42,38.1,3
05109,8.80,30.6,3
05111,8.64,39.2,3
05113,8.35,27.4,3
05115,8.35,35.2,3
05117,8.65,37.5,3
05119,9.21,35.7,3
05121,8.38,39.0,2
05123,8.55,38.5,3
05125,8.88,35.4,3
05127,8.21,30.1,3
05129,7.48,37.8,2
05131,8.81,35.9,3
05133,9.16,29.5,3
05135,7.89,38.2,2
05137,7.70,37.9,2
05139,8.94,35.2,3
05141,7.96,37.3,3
05143,8.26,38.8,3
05145,8.65,37.9,3
05147,8.59,38.2,3
05149,8.31,33.2,3
06001,8.35,31.1,2
06003,4.51,46.3,2
06005,5.91,40.9,2
06007,7.77,43.1,3
06009,6.10,41.1,2
06011,7.74,39.6,3
06013,8.38,32.4,2
06015,6.27,29.2,3
06017,5.89,43.7,2
06019,11.98,44.8,2
06021,7.93,41.4,3
06023,6.61,26.1,3
06025,8.77,43.0,3
06027,4.98,46.5,2
06029,11.93,47.6,2
06031,13.61,46.1,3
06033,6.78,37.2,3
06035,6.33,44.2,3
06037,10.57,43.7,2
06039,9.05,45.2,2
06041,7.34,29.8,3
06043,6.77,46.0,2
06045,8.21,31.1,3
06047,10.00,43.1,3
06049,6.21,42.6,3
06051,4.59,47.3,2
06053,5.20,33.6,2
06055,7.15,34.1,3
06057,6.33,46.2,2
06059,10.15,42.2,3
06061,7.68,42.8,2
06063,6.48,45.5,2
06065,9.27,51.3,2
06067,8.85,39.5,3
06069,5.71,36.8,2
06071,10.25,53.1,2
06073,9.08,42.2,3
06075,7.70,28.4,2
06077,9.71,38.0,3
06079,6.61,37.0,2
06081,7.42,29.7,2
06083,6.56,36.2,1
06085,7.87,35.4,2
06087,5.82,32.9,2
06089,6.63,41.4,3
06091,6.41,46.4,2
06093,7.17,39.1,3
06095,7.82,34.4,3
06097,7.01,31.8,3
06099,10.98,41.2,3
06101,9.09,40.7,3
06103,6.70,42.2,3
06105,5.75,38.8,3
06107,12.69,49.0,2
06109,6.38,42.5,2
06111,7.32,42.0,1
06113,8.44,38.5,3
06115,8.73,41.3,2
08001,7.04,46.0,1
08003,4.36,46.7,2
08005,6.45,46.7,1
08007,4.00,46.5,2
08009,5.20,43.7,1
08013,5.96,47.6,1
08014,6.77,46.8,1
08015,3.79,49.2,1
08017,5.17,43.5,1
08019,3.86,50.4,1
08021,3.97,47.3,2
08023,4.00,47.5,2
08029,4.72,46.1,1
08031,6.62,46.0,1
08033,4.10,46.7,1
08035,5.50,48.1,1
08037,4.00,48.9,2
08039,5.00,48.1,1
08041,4.85,47.6,1
08043,4.28,47.6,1
08045,4.45,47.3,1
08049,3.87,48.2,1
08051,3.87,48.5,1
08053,3.76,49.0,2
08055,4.18,46.6,1
08057,3.69,48.4,1
08059,5.77,47.6,1
08061,5.24,43.1,1
08063,5.32,43.2,1
08065,3.73,50.2,1
08067,4.60,47.2,1
08069,6.04,46.5,1
08071,4.23,46.8,1
08073,4.72,45.8,1
08075,4.89,44.8,1
08077,5.13,45.7,1
08079,3.72,48.4,2
08081,4.58,47.0,1
08083,4.45,45.3,1
08085,4.50,46.6,1
08087,5.58,46.0,1
08089,5.00,43.9,1
08093,3.76,50.2,1
08095,4.94,43.5,1
08097,3.86,49.4,1
08099,5.45,42.7,1
08101,5.11,45.5,1
08103,5.09,46.9,1
08105,4.19,47.2,2
08107,4.10,48.0,2
08109,3.92,47.8,2
08111,3.87,49.0,2
08113,4.02,48.1,1
08115,4.78,43.4,
08119,4.12,49.3,1
08121,5.09,45.1,1
08123,7.10,46.0,1
08125,5.14,43.6,1
09001,7.12,39.7,1
09003,6.80,38.5,3
09005,6.17,39.4,2
09007,6.65,39.0,1
09009,6.99,39.2,1
09011,5.72,38.8,1
09013,6.48,38.3,2
09015,5.84,38.3,2
10001,6.60,39.6,3
10003,7.54,38.6,2
10005,6.60,39.5,3
11001,7.68,37.2,3
12001,7.38,36.3,2
12003,7.78,35.7,3
12005,7.94,36.8,3
12007,7.58,36.5,3
12009,7.02,36.6,3
12011,7.43,34.2,3
12013,8.15,36.1,3
12015,7.02,35.7,3
12017,7.27,37.0,2
12019,8.09,36.8,3
12021,6.79,34.0,3
12023,7.81,35.8,2
12027,6.84,35.5,3
12029,7.10,34.8,3
12031,8.40,37.1,3
12033,8.64,38.3,3
12035,7.36,36.5,3
12037,7.19,36.0,3
12039,8.70,35.9,3
12041,7.37,35.7,3
12043,6.41,35.7,3
12045,7.37,36.0,3
12047,7.96,35.3,3
12049,7.05,36.2,3
12051,6.41,35.2,3
12053,7.22,37.5,3
12055,6.85,35.8,3
12057,7.76,38.1,2
12059,8.66,36.7,3
12061,6.78,35.6,3
12063,8.78,36.9,3
12065,8.02,34.7,3
12067,7.76,35.0,3
12069,7.46,37.9,3
12071,6.97,35.2,3
12073,8.66,35.3,2
12075,7.10,36.0,3
12077,7.73,34.8,3
12079,8.25,35.3,3
12081,7.41,36.4,3
12083,7.34,36.9,2
12085,6.60,34.7,3
12086,7.48,33.8,2
12087,6.31,32.7,3
12089,8.03,37.1,3
12091,8.17,38.0,3
12093,6.63,35.5,3
12095,7.83,38.1,3
12097,7.76,37.2,3
12099,6.75,34.2,3
12101,7.34,38.0,3
12103,7.25,38.1,3
12105,7.58,37.1,2
12107,7.27,36.0,3
12109,7.76,36.8,3
12111,6.78,35.1,3
12113,8.50,37.9,3
12115,7.27,36.4,3
12117,7.56,38.1,3
12119,7.42,37.4,3
12121,7.99,35.6,3
12123,7.74,34.6,3
12125,7.59,36.2,2
12127,7.41,37.1,3
12131,8.17,37.0,3
12133,8.37,36.5,3
13001,9.20,35.7,
13003,9.04,35.9,3
13005,9.05,35.8,3
13007,9.79,37.2,3
13009,9.22,36.9,3
13011,8.33,37.5,2
13013,9.08,38.2,2
13015,9.10,37.7,2
13017,9.44,36.7,3
13019,9.41,36.5,3
13021,9.02,36.8,3
13023,9.14,36.8,3
13025,8.46,34.6,3
13027,9.33,36.3,3
13029,9.24,35.8,3
13031,9.21,36.3,3
13033,9.20,36.7,3
13035,8.86,37.5,2
13037,9.34,37.1,3
13039,8.11,36.0,3
13043,9.39,36.6,3
13045,8.58,37.5,2
13047,9.27,39.1,2
13049,7.86,35.0,3
13051,9.24,36.3,3
13053,8.98,37.2,3
13055,8.66,37.6,3
13057,9.27,37.7,2
13059,8.82,38.2,2
13061,8.90,36.9,3
13063,9.25,38.0,2
13065,8.47,34.8,3
13067,9.64,37.9,1
13069,9.19,36.2,3
13071,9.97,37.0,3
13073,8.98,36.4,3
13075,9.67,36.8,3
13077,8.62,37.8,2
13079,8.83,37.1,3
13081,9.50,37.2,3
13083,8.52,38.7,3
13087,9.52,36.6,3
13089,9.51,38.1,1
13091,9.30,36.5,3
13093,9.33,37.1,3
13095,9.84,37.5,3
13097,9.04,37.9,2
13099,9.30,37.2,3
13101,8.43,35.3,3
13103,9.14,35.8,3
13105,8.50,37.5,2
13107,9.51,36.5,3
13109,9.34,36.2,3
13111,7.06,38.3,2
13113,8.88,38.0,2
13115,8.81,37.5,2
13117,8.91,37.5,2
13119,8.59,37.7,2
13121,9.57,38.0,1
13123,7.42,38.2,2
13125,9.34,36.7,3
13127,8.45,36.1,3
13129,9.00,37.9,3
13131,9.78,36.6,3
13133,8.72,36.8,2
13135,9.30,38.0,1
13137,7.65,37.0,2
13139,8.63,37.5,2
13141,9.00,36.7,3
13143,8.44,37.5,2
13145,8.58,37.4,2
13147,8.66,37.8,2
13149,8.30,37.2,2
13151,9.15,37.9,2
13153,9.11,36.9,3
13155,9.54,37.0,3
13157,8.77,37.9,2
13159,8.95,37.2,2
13161,9.19,36.1,3
13163,9.53,36.7,3
13165,9.20,36.5,3
13167,9.63,36.6,3
13169,8.95,37.0,3
13171,8.66,37.6,2
13173,8.88,35.6,3
13175,9.52,36.6,3
13177,9.67,37.4,3
13179,9.06,35.4,3
13181,8.29,36.1,3
13185,9.25,36.2,3
13189,8.96,36.4,3
13191,8.40,35.7,3
13193,9.12,37.2,3
13195,8.67,37.9,2
13197,8.76,37.4,3
13199,8.33,37.5,2
13201,9.54,37.2,3
13205,9.99,37.2,3
13207,8.77,37.2,2
13209,9.37,36.2,3
13211,8.91,37.4,2
13213,8.38,38.5,3
13215,9.05,37.4,3
13217,9.14,37.8,2
13219,8.84,37.9,2
13221,8.45,37.1,2
13223,9.08,37.8,2
13225,9.07,37.1,3
13227,8.07,37.8,2
13229,8.84,35.1,3
13231,8.48,37.8,2
13233,8.46,37.5,3
13235,9.23,36.7,3
13237,8.97,36.9,3
13239,8.81,36.8,3
13241,6.60,36.9,2
13243,8.95,37.0,3
13245,9.20,36.9,2
13247,9.25,38.0,2
13249,8.97,37.4,3
13251,8.86,36.2,3
13253,9.32,37.0,3
13255,8.78,37.8,2
13257,7.91,37.1,2
13259,8.79,37.0,3
13261,9.29,37.3,3
13263,8.43,37.6,2
13265,8.61,36.4,3
13267,9.32,36.1,3
13269,8.75,37.3,3
13271,9.22,36.1,3
13273,9.33,37.3,3
13275,9.77,36.4,3
13277,9.74,37.1,3
13279,9.45,36.2,3
13281,6.59,37.7,2
13283,9.42,36.4,3
13285,8.56,37.2,2
13287,9.54,37.1,3
13289,8.99,36.8,3
13291,6.84,37.9,2
13293,8.47,37.6,2
13295,9.06,38.8,2
13297,9.11,38.2,2
13299,8.75,35.0,3
13301,9.00,36.5,3
13303,9.77,36.7,3
13305,8.90,35.0,3
13307,8.93,37.2,3
13309,9.28,36.1,3
13311,7.26,36.9,2
13313,9.11,38.6,2
13315,9.34,36.7,3
13317,8.40,36.3,3
13319,9.27,36.8,3
13321,9.79,37.4,3
16001,8.95,42.3,2
16003,6.81,41.3,3
16005,6.07,42.5,2
16007,4.59,43.8,2
16009,8.87,36.6,1
16011,5.85,42.8,2
16017,9.55,37.2,1
16019,5.87,42.9,2
16021,8.89,37.8,1
16023,5.22,44.2,1
16025,5.72,44.7,1
16027,10.23,41.0,2
16029,4.85,43.1,2
16031,6.48,42.2,2
16033,5.02,43.5,1
16035,8.12,36.3,1
16037,5.86,45.6,1
16039,6.45,42.7,1
16041,5.74,42.8,2
16043,4.29,43.4,1
16045,8.98,41.7,3
16049,7.93,38.2,1
16051,5.77,42.9,2
16053,7.27,42.0,2
16055,10.00,37.0,1
16057,8.81,36.4,1
16059,8.24,43.9,1
16061,8.44,37.1,3
16063,6.37,42.8,2
16065,5.46,43.1,2
16067,6.91,42.2,2
16069,8.59,37.0,3
16071,5.93,41.4,2
16073,7.43,41.4,2
16075,9.30,41.1,2
16077,6.06,42.4,2
16079,8.71,36.8,1
16083,7.04,41.8,2
16085,6.36,42.9,1
16087,7.93,41.1,3
17001,7.77,37.5,1
17003,8.61,39.9,3
17005,8.52,38.8,2
17007,8.47,37.8,1
17009,7.89,37.7,1
17011,8.62,37.6,1
17013,7.87,38.4,1
17015,8.27,37.1,1
17017,8.19,37.7,1
17019,8.18,37.5,1
17021,8.51,37.8,2
17023,8.64,37.3,2
17025,8.57,38.0,2
17027,8.57,39.0,2
17029,8.55,37.5,1
17031,9.03,36.6,2
17033,8.70,37.6,2
17035,8.65,37.5,2
17037,8.72,37.6,1
17039,8.42,38.2,1
17041,8.33,37.5,1
17043,9.14,36.7,2
17045,8.49,37.2,1
17047,8.68,38.0,2
17049,8.65,37.7,2
17051,8.48,38.3,2
17053,8.14,37.7,1
17055,8.41,39.0,2
17057,8.51,37.7,1
17059,8.53,38.3,2
17061,7.91,38.3,1
17063,8.60,37.9,1
17065,8.32,38.6,2
17067,7.92,37.3,1
17069,8.43,38.8,2
17071,8.10,37.3,1
17073,8.46,37.2,1
17075,8.08,37.6,1
17077,8.33,39.3,2
17079,8.68,37.6,2
17081,8.38,38.8,2
17083,8.10,38.8,1
17085,8.10,37.1,1
17087,8.41,39.4,2
17089,8.98,37.4,1
17091,8.32,37.8,2
17093,9.02,37.5,1
17095,8.46,37.3,1
17097,8.25,38.6,2
17099,8.69,37.9,1
17101,8.70,38.1,2
17103,8.45,37.5,1
17105,8.36,38.1,1
17107,8.60,38.1,1
17109,8.19,37.4,1
17111,8.59,38.0,2
17113,8.51,38.5,1
17115,8.54,37.9,1
17117,8.37,38.3,2
17119,8.79,38.7,2
17121,8.49,38.7,2
17123,8.70,38.0,1
17125,8.50,37.9,1
17127,8.59,39.7,3
17129,8.51,37.9,1
17131,8.19,37.2,1
17133,8.03,38.7,2
17135,8.46,38.2,2
17137,8.17,37.9,1
17139,8.48,37.7,1
17141,8.45,37.5,1
17143,9.01,37.8,1
17145,8.22,39.2,2
17147,8.25,37.9,1
17149,7.72,37.8,1
17151,8.44,39.3,2
17153,8.50,39.8,3
17155,8.72,37.9,1
17157,8.01,39.3,2
17159,8.66,37.9,2
17161,8.40,36.9,1
17163,8.66,38.5,2
17165,8.44,38.7,2
17167,8.64,37.9,1
17169,8.08,37.6,1
17171,7.97,38.0,1
17173,8.53,37.8,2
17175,8.61,37.5,1
17177,8.24,37.3,1
17179,8.97,38.0,1
17181,8.42,39.5,2
17183,8.17,37.3,1
17185,8.78,38.1,2
17187,8.27,37.2,1
17189,8.35,39.1,2
17191,8.52,38.2,2
17193,8.61,38.0,2
17195,8.40,37.2,1
17197,8.96,37.4,2
17199,8.45,39.1,2
17201,8.39,37.7,1
17203,8.81,38.2,1
18001,8.45,38.9,1
18003,8.85,38.5,1
18005,7.68,38.3,1
18007,7.92,37.5,1
18009,8.23,39.1,1
18011,9.04,38.0,1
18013,7.83,37.9,2
18015,8.11,37.8,1
18017,8.23,38.2,1
18019,8.87,38.2,1
18021,8.50,37.6,2
18023,8.25,38.0,1
18025,8.34,38.4,2
18027,8.62,38.7,2
18029,8.54,38.7,2
18031,8.02,38.7,1
18033,8.79,38.3,1
18035,8.19,39.0,1
18037,8.60,38.8,2
18039,9.04,37.7,1
18041,8.17,38.8,1
18043,8.96,37.9,2
18045,8.10,37.5,1
18047,8.29,38.8,2
18049,8.43,38.1,1
18051,8.87,38.3,2
18053,8.26,39.0,1
18055,8.18,38.4,2
18057,9.11,38.0,1
18059,8.71,38.5,1
18061,8.65,38.2,1
18063,9.39,37.4,1
18065,8.18,38.9,1
18067,8.06,38.8,1
18069,8.52,38.8,1
18071,7.84,38.1,2
18073,8.18,37.6,2
18075,8.28,39.0,1
18077,8.07,38.6,2
18079,7.90,38.4,1
18081,8.95,37.8,1
18083,8.70,38.4,2
18085,8.76,38.1,1
18087,9.01,38.0,1
18089,8.86,37.3,2
18091,8.37,37.5,2
18093,7.85,38.3,1
18095,8.40,38.8,1
18097,9.92,37.6,1
18099,8.65,37.6,1
18101,8.28,38.6,2
18103,8.23,38.6,1
18105,7.73,38.0,1
18107,8.34,37.6,1
18109,8.85,37.5,2
18111,8.11,37.6,2
18113,8.89,38.1,1
18115,8.32,38.7,2
18117,8.17,38.4,1
18119,8.17,37.9,2
18121,8.43,37.4,2
18123,8.52,38.8,2
18125,8.73,38.7,2
18127,8.51,37.6,2
18129,8.93,37.6,2
18131,8.27,37.8,2
18133,8.56,37.6,1
18135,8.20,39.0,1
18137,8.09,38.8,2
18139,8.19,38.8,1
18141,9.07,37.8,1
18143,8.15,38.2,1
18145,8.46,38.5,1
18147,8.81,38.7,2
18149,8.36,37.5,2
18151,8.82,38.2,1
18153,8.56,37.8,2
18155,8.15,38.8,2
18157,7.96,37.6,1
18159,8.32,38.6,1
18161,8.32,38.8,1
18163,9.22,37.9,2
18165,8.45,37.3,1
18167,8.66,37.4,2
18169,8.42,38.7,1
18171,7.99,37.4,1
18173,9.04,38.6,2
18175,8.16,38.1,1
18177,8.21,38.8,1
18179,8.49,38.9,1
18181,8.13,37.7,1
18183,8.77,38.4,1
19001,6.11,38.1,1
19003,6.12,38.3,1
19005,7.12,37.2,1
19007,6.86,37.9,1
19009,5.95,38.0,1
19011,7.67,37.6,1
19013,7.37,37.4,1
19015,6.59,37.3,1
19017,7.16,37.4,1
19019,7.56,37.4,1
19021,6.07,38.2,1
19023,6.96,37.4,1
19025,6.24,37.9,1
19027,6.08,37.9,1
19029,5.95,38.1,1
19031,8.19,37.1,1
19033,6.56,37.6,1
19035,5.97,38.4,1
19037,6.94,37.4,1
19039,6.42,38.2,1
19041,6.01,38.6,1
19043,7.45,37.2,1
19045,8.32,36.8,1
19047,5.81,38.4,1
19049,6.56,37.5,1
19051,7.15,37.6,1
19053,6.46,38.4,1
19055,7.78,37.2,1
19057,8.00,37.3,1
19059,5.96,38.5,1
19061,8.00,37.0,1
19063,6.06,38.4,1
19065,7.29,37.3,1
19067,6.75,37.5,1
19069,6.72,37.6,1
19071,6.18,38.7,1
19073,6.29,37.6,1
19075,7.08,37.4,1
19077,6.16,37.8,1
19079,6.62,37.5,1
19081,6.40,37.8,1
19083,6.86,37.5,1
19085,5.50,39.0,1
19087,7.77,37.4,1
19089,6.73,37.5,1
19091,6.35,37.9,1
19093,5.90,38.3,1
19095,7.68,37.6,1
19097,8.15,37.0,1
19099,6.98,37.6,1
19101,7.51,37.5,1
19103,8.22,37.3,1
19105,8.04,37.1,1
19107,7.48,37.6,1
19109,6.23,38.1,1
19111,7.83,37.4,1
19113,8.16,37.3,1
19115,7.93,37.4,1
19117,6.64,38.1,1
19119,5.70,38.7,1
19121,6.32,38.0,1
19123,7.24,37.7,1
19125,6.90,37.8,1
19127,7.02,37.5,1
19129,6.15,38.7,1
19131,6.56,37.6,1
19133,5.60,38.9,1
19135,6.99,37.9,1
19137,6.04,38.3,1
19139,7.99,37.2,1
19141,5.94,38.5,1
19143,5.83,38.5,1
19145,6.18,38.5,1
19147,6.13,38.4,1
19149,6.01,38.4,1
19151,6.20,38.2,1
19153,6.81,37.5,1
19155,6.11,38.8,1
19157,7.21,37.7,1
19159,6.35,38.6,1
19161,6.08,38.0,1
19163,8.40,36.7,1
19165,5.75,38.4,1
19167,5.93,38.5,1
19169,6.79,37.2,1
19171,7.21,37.6,1
19173,6.24,38.6,1
19175,6.24,38.3,1
19177,7.38,37.5,1
19179,7.29,37.6,1
19181,6.65,37.9,1
19183,7.87,37.4,1
19185,6.64,38.1,1
19187,6.44,37.7,1
19189,6.31,37.8,1
19191,6.96,37.4,1
19193,6.04,38.5,1
19195,6.40,37.7,1
19197,6.51,37.7,1
20001,8.41,40.0,2
20003,7.93,39.5,2
20005,7.49,39.5,1
20007,7.43,42.4,2
20009,7.15,41.0,1
20011,7.49,39.9,2
20013,6.83,39.2,1
20015,8.87,41.8,2
20017,8.28,40.7,2
20019,9.28,42.3,2
20021,8.36,40.8,2
20023,5.43,42.3,1
20025,6.84,42.2,2
20027,6.75,39.8,1
20029,6.36,39.8,1
20031,8.41,39.9,2
20033,7.04,42.4,2
20035,8.81,42.5,2
20037,7.91,40.6,2
20041,7.41,40.4,1
20043,7.11,39.4,2
20045,8.15,39.4,1
20047,6.97,41.5,2
20049,9.17,41.6,2
20051,6.73,40.4,1
20053,6.96,40.7,1
20055,6.72,41.9,1
20057,6.97,41.8,1
20059,7.96,39.4,2
20061,7.43,40.0,1
20067,6.57,42.3,1
20069,6.87,41.9,1
20071,5.77,42.4,1
20073,8.86,40.8,2
20075,6.00,42.3,1
20077,8.03,42.5,2
20079,8.45,41.9,2
20081,6.90,42.2,1
20083,6.77,41.5,1
20085,7.36,39.6,1
20087,7.88,39.6,2
20091,8.17,38.9,1
20093,6.34,42.2,1
20095,7.84,42.2,1
20097,7.02,42.0,1
20099,8.79,41.1,2
20101,6.46,41.5,1
20103,7.95,39.5,1
20105,6.67,40.3,1
20107,7.42,39.6,2
20109,5.93,41.8,1
20111,8.34,40.1,2
20113,7.80,41.3,1
20115,8.08,41.3,1
20117,6.33,39.3,1
20119,6.77,42.3,1
20121,7.47,39.1,2
20123,6.44,40.0,1
20125,9.63,42.1,2
20127,7.82,40.3,2
20129,5.97,42.9,2
20131,6.65,39.4,1
20133,8.78,40.3,2
20137,6.01,40.6,1
20139,8.17,39.6,2
20141,6.34,40.1,1
20143,6.84,40.2,1
20145,7.07,41.2,1
20147,6.11,40.2,1
20149,7.41,39.6,1
20151,7.36,42.1,1
20153,5.57,41.6,1
20155,7.89,41.8,2
20157,6.04,39.4,1
20159,7.41,41.3,1
20161,7.40,39.8,1
20163,6.35,40.3,1
20167,6.76,40.4,1
20169,7.41,40.6,1
20171,6.42,41.8,1
20173,8.95,42.0,2
20175,6.71,42.6,2
20177,8.19,39.5,2
20181,5.58,42.3,1
20183,6.11,39.9,1
20185,7.30,41.6,2
20187,5.97,42.6,1
20189,6.46,42.6,2
20191,8.58,42.4,2
20193,5.75,41.6,1
20195,6.45,40.7,1
20197,7.74,39.8,2
20199,5.60,42.4,1
20201,6.12,39.3,1
20203,6.10,42.1,1
20205,9.24,40.9,2
20207,8.81,40.2,2
20209,8.45,39.1,1
21001,7.59,38.2,1
21003,7.64,39.1,1
21005,8.00,39.3,2
21007,8.52,40.0,3
21009,7.66,38.8,1
21011,7.50,38.2,2
21013,8.25,38.2,2
21015,8.46,38.4,2
21017,7.86,38.8,1
21019,7.70,37.0,2
21021,7.91,38.8,1
21023,7.73,38.3,2
21025,7.82,37.7,2
21027,8.29,38.7,2
21029,8.76,38.8,1
21031,8.06,38.8,2
21033,8.38,39.0,2
21035,8.01,39.5,3
21037,8.55,38.3,2
21039,8.43,40.0,3
21041,8.06,38.8,2
21043,7.08,37.2,2
21045,7.71,38.2,1
21047,8.11,39.1,2
21049,7.98,38.7,1
21051,7.99,37.9,2
21053,7.25,37.7,2
21055,8.50,39.0,2
21057,7.30,38.0,1
21059,8.73,38.4,2
21061,7.81,39.1,2
21063,7.03,37.1,2
21065,7.80,38.1,2
21067,8.08,39.2,1
21069,7.48,38.0,2
21071,7.25,36.9,2
21073,7.98,39.3,1
21075,8.24,40.0,3
21077,8.07,38.6,2
21079,7.93,38.5,2
21081,7.70,38.8,2
21083,8.37,39.7,3
21085,8.03,38.9,2
21087,7.73,38.5,1
21089,7.62,37.0,2
21091,8.51,38.7,2
21093,8.40,38.9,2
21095,7.53,38.4,2
21097,7.74,38.7,1
21099,7.78,38.9,1
21101,9.12,38.1,2
21103,8.09,39.0,2
21105,8.30,40.0,3
21107,8.53,38.6,2
21109,7.88,38.2,2
21111,8.99,38.6,1
21113,8.09,39.1,1
21115,7.27,36.8,2
21117,8.59,38.2,2
21119,7.40,37.4,2
21121,8.14,37.8,2
21123,7.95,38.9,2
21125,8.19,37.8,2
21127,7.18,36.8,2
21129,7.82,37.9,2
21131,7.65,38.1,2
21133,7.00,37.7,2
21135,7.33,37.7,2
21137,7.86,38.5,1
21139,8.53,39.3,2
21141,8.12,39.0,2
21143,8.24,39.2,2
21145,8.68,39.6,3
21147,7.51,37.5,2
21149,8.69,38.4,2
21151,8.02,38.6,2
21153,7.43,37.3,2
21155,7.90,38.8,1
21157,8.57,39.4,3
21159,7.14,36.6,2
21161,7.66,38.1,2
21163,8.53,38.6,2
21165,7.43,38.0,2
21167,7.95,39.1,1
21169,7.55,38.4,1
21171,7.37,38.3,1
21173,7.76,38.4,2
21175,7.31,37.5,2
21177,8.41,38.6,2
21179,8.24,39.0,1
21181,7.67,38.4,2
21183,8.34,38.5,2
21185,8.48,38.9,2
21187,7.82,38.9,2
21189,7.94,37.8,2
21191,7.71,38.5,1
21193,7.68,37.8,2
21195,6.95,36.9,2
21199,7.75,37.7,1
21201,7.64,38.4,1
21203,7.91,38.1,2
21205,7.20,37.7,2
21207,7.55,37.9,1
21209,7.92,39.2,1
21211,8.23,39.2,2
21213,7.97,39.2,2
21215,8.37,39.1,2
21217,7.77,38.5,1
21219,8.15,39.1,2
21221,8.13,39.1,2
21223,8.13,38.7,2
21225,8.70,38.2,2
21227,8.00,39.1,1
21229,7.96,39.1,2
21231,7.31,37.6,2
21233,8.71,38.4,2
21235,8.06,37.7,2
21237,7.59,37.8,2
21239,8.02,39.3,1
22001,8.63,37.6,3
22003,8.28,37.1,3
22005,9.18,37.5,3
22007,8.47,36.9,3
22009,8.32,37.1,3
22011,8.41,37.0,3
22013,8.78,36.2,3
22015,9.83,36.9,3
22017,9.84,37.3,3
22019,8.93,36.8,3
22021,8.21,36.7,3
22025,8.16,36.6,3
22027,8.81,35.6,3
22029,8.08,36.5,3
22031,8.98,37.2,3
22033,9.64,37.8,3
22035,8.38,37.5,3
22037,8.45,37.1,3
22039,8.53,37.5,3
22041,8.34,37.0,3
22043,8.40,36.8,3
22045,8.37,38.4,3
22047,9.14,38.8,3
22049,8.52,36.3,3
22051,8.68,38.0,3
22053,8.51,37.1,3
22055,9.04,38.4,3
22057,8.24,36.6,3
22059,8.14,36.6,3
22061,8.78,36.2,3
22063,9.30,37.8,3
22065,8.38,37.3,3
22067,8.63,37.3,3
22069,8.63,36.4,3
22071,8.70,38.4,3
22073,8.81,37.3,3
22075,7.66,38.9,3
22077,8.46,37.6,3
22079,8.50,37.0,3
22081,8.81,36.5,3
22083,8.51,37.4,3
22085,8.59,36.8,3
22087,8.44,38.7,3
22089,8.71,37.4,3
22091,8.26,36.9,3
22093,8.77,36.4,3
22095,8.75,37.3,3
22097,8.60,38.0,3
22099,8.63,38.6,3
22101,7.91,37.3,3
22103,8.53,38.7,3
22105,8.61,37.7,3
22107,8.16,36.7,3
22109,8.02,36.6,3
22111,8.71,36.2,3
22113,8.48,37.8,3
22115,8.39,37.0,3
22117,8.58,37.2,3
22119,9.10,35.9,3
22121,9.39,38.2,3
22123,8.49,37.5,3
22127,8.31,36.3,3
23001,5.04,34.8,1
23003,4.33,32.9,1
23005,5.21,34.9,1
23007,4.70,35.5,1
23009,4.12,36.6,1
23011,5.15,34.9,1
23013,4.68,36.1,2
23015,4.85,35.4,1
23017,4.68,35.4,1
23019,4.52,35.1,1
23021,4.41,35.0,1
23023,5.08,35.2,2
23025,4.91,35.1,1
23027,4.59,35.7,2
23029,3.59,34.7,2
23031,5.38,36.0,1
24001,6.41,38.0,2
24003,7.09,38.5,2
24005,7.27,39.3,1
24009,6.81,39.0,1
24011,6.68,39.8,3
24013,7.35,39.5,1
24015,7.32,39.4,2
24017,7.20,37.8,2
24019,6.69,40.0,3
24021,7.26,38.9,1
24023,6.17,38.4,2
24025,7.24,39.9,1
24027,7.26,38.4,1
24029,6.67,40.1,3
24031,7.53,38.0,1
24033,7.43,37.5,2
24035,6.68,40.1,3
24037,6.76,39.0,2
24039,6.52,39.6,3
24041,6.69,40.0,3
24043,7.16,38.4,1
24045,6.67,39.3,3
24047,6.45,39.2,3
24510,7.31,39.1,2
25001,5.38,38.6,2
25003,5.93,37.4,2
25005,6.04,38.2,2
25007,5.18,39.1,2
25009,6.17,36.7,1
25011,6.35,36.0,2
25013,6.78,37.5,2
25015,6.58,36.9,2
25017,6.50,36.3,1
25019,5.09,39.0,2
25021,6.76,37.8,2
25023,6.45,38.2,2
25025,6.63,37.1,3
25027,6.70,37.1,1
26001,6.62,37.3,2
26003,5.41,36.6,2
26005,8.44,38.7,3
26007,6.65,37.1,2
26009,7.19,38.1,2
26011,7.22,37.6,3
26013,4.33,36.4,2
26015,8.93,37.7,2
26017,7.39,37.5,3
26019,6.79,38.8,3
26021,8.51,38.8,3
26023,8.93,38.1,1
26025,9.05,38.0,1
26027,9.05,38.1,1
26029,7.03,38.1,2
26031,6.60,37.4,3
26033,6.01,36.3,3
26035,7.84,37.4,3
26037,8.50,37.1,2
26039,7.47,37.6,3
26041,6.02,37.5,3
26043,5.41,36.6,2
26045,8.72,37.2,2
26047,6.91,37.8,2
26049,8.38,37.6,2
26051,7.67,37.3,3
26053,4.34,36.2,2
26055,7.33,38.0,3
26057,8.15,37.2,3
26059,8.69,38.1,1
26061,4.00,36.3,2
26063,7.14,37.5,3
26065,8.65,37.1,2
26067,8.65,37.2,2
26069,6.87,37.6,3
26071,4.82,36.8,2
26073,8.06,37.3,3
26075,8.78,37.8,1
26077,9.25,38.3,1
26079,7.45,37.8,3
26081,8.85,37.3,2
26083,3.92,36.7,2
26085,7.14,37.8,3
26087,8.23,37.5,2
26089,6.71,39.7,2
26091,8.59,38.0,1
26093,8.89,37.5,2
26095,5.64,36.5,3
26097,6.16,38.0,3
26099,8.85,37.3,3
26101,6.77,38.4,3
26103,5.14,36.3,2
26105,6.93,38.5,3
26107,7.77,37.5,3
26109,6.21,37.5,2
26111,7.78,37.2,3
26113,7.83,37.8,3
26115,8.82,38.2,2
26117,8.35,37.3,2
26119,6.74,37.1,2
26121,7.62,38.5,3
26123,7.77,37.4,3
26125,9.27,37.2,2
26127,7.19,38.4,3
26129,7.30,37.2,3
26131,4.04,36.2,3
26133,7.63,37.8,3
26135,6.95,37.3,3
26137,7.12,37.4,2
26139,8.07,38.7,3
26141,6.40,37.3,2
26143,7.69,37.5,3
26145,7.80,37.4,3
26147,8.13,37.3,3
26149,9.16,38.0,1
26151,7.52,37.3,2
26153,5.94,37.2,3
26155,8.36,37.4,2
26157,7.58,37.6,3
26159,8.45,39.1,3
26161,9.08,37.5,1
26163,9.52,36.9,3
26165,7.43,38.0,3
27001,4.29,35.3,2
27003,6.46,36.7,2
27005,5.74,36.4,1
27007,5.26,35.5,2
27009,6.26,37.2,2
27011,5.95,37.9,1
27013,6.32,37.8,1
27015,6.12,37.9,1
27017,3.15,34.3,2
27019,6.51,37.5,1
27021,5.17,35.8,2
27023,6.09,37.9,1
27025,5.64,36.8,2
27027,6.60,35.5,1
27029,5.45,35.8,2
27031,3.17,35.8,2
27033,5.89,38.1,1
27035,5.44,36.1,2
27037,6.62,36.4,1
27039,6.47,37.8,1
27041,6.16,37.2,1
27043,6.19,37.9,1
27045,6.70,37.6,1
27047,6.28,37.8,1
27049,6.54,37.5,1
27051,6.03,37.2,1
27053,6.89,36.1,1
27055,7.00,37.1,1
27057,5.53,36.0,1
27059,5.75,37.1,2
27061,4.37,34.7,2
27063,5.92,38.3,1
27065,4.95,36.3,1
27067,6.15,37.8,1
27069,5.59,34.9,1
27071,4.41,34.3,2
27073,5.89,38.2,1
27075,3.58,35.5,2
27077,4.73,34.4,2
27079,6.28,37.8,1
27081,5.26,38.9,1
27083,5.90,38.2,1
27085,6.17,37.9,1
27087,5.78,35.9,1
27089,5.68,35.2,1
27091,6.12,38.1,1
27093,6.16,37.9,1
27095,5.49,36.8,2
27097,5.86,36.7,2
27099,6.40,37.8,1
27101,5.61,38.5,1
27103,6.29,37.8,1
27105,5.75,38.4,1
27107,6.04,35.7,1
27109,6.82,37.7,1
27111,5.98,36.8,1
27113,5.64,35.4,1
27115,4.42,35.7,2
27117,5.24,38.9,1
27119,6.03,35.4,1
27121,6.11,37.5,1
27123,6.75,35.8,1
27125,5.71,35.5,1
27127,5.99,38.0,1
27129,6.06,37.9,1
27131,6.45,37.6,1
27133,5.48,38.7,1
27135,5.31,34.9,1
27137,3.88,34.1,2
27139,6.55,37.2,1
27141,6.48,37.6,1
27143,6.14,37.9,1
27145,6.44,37.4,1
27147,6.32,37.7,1
27149,6.08,37.6,1
27151,6.09,37.8,1
27153,5.99,36.9,1
27155,5.97,37.3,1
27157,6.62,37.4,1
27159,5.76,36.6,1
27161,6.25,37.8,1
27163,6.44,36.3,1
27165,6.09,38.0,1
27167,6.11,36.6,1
27169,6.89,37.2,1
27171,6.45,37.8,1
27173,5.85,38.2,1
28001,8.04,36.3,3
28003,7.47,38.8,2
28005,8.08,36.1,3
28007,7.96,36.5,3
28009,7.90,38.6,3
28011,8.30,37.9,3
28013,7.82,37.0,3
28015,7.89,37.1,3
28017,8.04,37.7,2
28019,7.80,36.4,3
28021,8.14,36.4,3
28023,7.97,35.6,3
28025,8.27,37.0,2
28027,8.33,37.9,3
28029,8.57,36.5,3
28031,8.99,36.4,3
28033,8.75,39.5,3
28035,9.30,36.6,3
28037,7.99,36.0,3
28039,8.51,36.7,3
28043,7.94,36.8,3
28045,8.19,39.0,3
28047,8.46,38.9,3
28049,9.25,37.7,3
28051,8.06,37.2,3
28053,8.32,37.7,3
28055,8.33,37.5,3
28057,7.59,38.2,3
28059,8.30,38.9,3
28061,8.63,36.3,3
28063,8.00,36.2,3
28065,8.87,36.5,3
28067,8.99,36.3,3
28069,7.79,35.5,3
28071,7.99,37.7,3
28073,8.85,37.0,3
28075,8.03,35.9,3
28077,8.67,36.3,3
28079,8.35,36.6,3
28081,8.07,38.6,2
28083,8.11,37.6,3
28085,8.57,36.1,3
28087,8.23,36.7,2
28089,9.14,37.7,3
28091,8.79,36.7,3
28093,7.96,38.8,3
28095,8.06,37.6,3
28097,7.77,36.4,3
28099,8.46,36.2,3
28101,8.36,36.2,3
28103,7.96,35.9,2
28105,8.17,36.7,3
28107,8.10,37.4,3
28109,8.60,37.5,3
28111,8.69,36.4,3
28113,8.49,36.4,3
28115,8.09,38.3,2
28117,7.63,38.7,3
28119,8.29,37.9,3
28121,9.14,37.5,3
28123,8.64,36.6,3
28125,8.32,37.6,3
28127,8.76,36.6,3
28129,8.64,36.4,3
28131,8.60,37.0,3
28133,8.30,38.0,3
28135,8.11,37.5,3
28137,8.38,38.6,3
28139,7.75,38.8,3
28141,7.12,38.7,3
28143,8.52,38.5,3
28145,7.99,38.6,2
28147,8.58,36.7,3
28149,8.47,37.2,3
28151,8.43,37.9,3
28153,8.28,35.5,3
28155,7.75,36.6,3
28157,7.85,36.0,3
28159,8.01,36.2,3
28161,7.90,37.0,3
28163,8.43,37.5,3
29001,7.02,37.6,2
29003,6.98,39.5,1
29005,6.36,38.8,1
29007,7.37,37.2,2
29009,7.76,39.7,2
29011,7.31,40.7,2
29013,6.92,39.4,2
29015,6.77,38.9,2
29017,7.91,39.0,2
29019,7.40,38.0,2
29021,7.27,39.6,1
29023,8.20,39.2,3
29025,6.56,38.9,2
29027,7.26,38.0,2
29029,7.12,38.9,2
29031,8.65,39.5,2
29033,6.65,38.3,2
29035,7.27,38.2,2
29037,7.23,39.0,1
29039,6.71,40.1,2
29041,6.83,37.9,2
29043,7.99,39.7,2
29045,7.53,37.4,2
29047,7.88,39.4,1
29049,6.90,39.6,1
29051,7.34,38.5,2
29053,7.03,38.3,2
29055,6.88,38.2,2
29057,7.16,40.5,2
29059,7.09,39.7,2
29061,6.60,39.1,2
29063,6.84,39.5,2
29065,6.84,38.4,2
29067,7.47,38.9,2
29069,8.57,40.0,3
29071,7.48,38.0,2
29073,7.04,37.9,2
29075,6.59,39.2,2
29077,8.02,40.0,2
29079,6.63,38.5,2
29081,6.51,38.8,2
29083,6.75,39.0,2
29085,6.77,39.3,2
29087,6.68,39.1,1
29089,6.98,38.0,2
29091,7.52,38.3,2
29093,7.00,38.4,1
29095,8.11,38.9,1
29097,8.05,40.8,2
29099,7.93,38.3,2
29101,6.87,38.8,2
29103,7.21,37.4,2
29105,7.19,39.3,2
29107,6.86,38.7,2
29109,7.63,40.2,2
29111,7.56,37.4,2
29113,7.74,38.3,2
29115,6.76,38.0,2
29117,6.63,38.5,2
29119,8.24,40.0,2
29121,7.05,37.6,2
29123,7.34,38.6,2
29125,7.02,38.3,2
29127,7.60,37.4,2
29129,6.57,38.4,2
29131,7.21,38.6,2
29133,8.59,40.1,3
29135,7.21,38.5,2
29137,7.29,36.9,2
29139,7.28,37.5,2
29141,7.05,38.6,2
29143,8.51,40.1,3
29145,8.13,40.4,2
29147,6.48,39.1,1
29149,7.54,38.2,2
29151,7.07,38.1,2
29153,7.49,38.4,2
29155,8.32,40.1,3
29157,8.00,39.2,2
29159,6.91,38.6,2
29161,6.96,38.4,2
29163,7.51,37.6,2
29165,8.10,39.5,1
29169,7.01,38.7,2
29171,6.77,38.0,2
29173,7.50,37.2,2
29175,7.08,37.5,2
29177,6.79,39.0,2
29179,6.91,38.1,2
29181,7.93,38.8,2
29183,8.58,38.2,2
29185,6.63,39.5,2
29186,7.82,38.9,2
29187,7.39,38.7,2
29189,8.62,38.2,2
29195,6.79,38.2,2
29197,7.06,37.6,2
29199,7.25,37.5,2
29201,8.70,39.8,3
29203,7.03,38.2,2
29205,7.28,37.2,2
29207,8.49,39.7,3
29211,6.74,38.1,2
29213,7.76,38.8,2
29217,7.00,40.0,2
29219,7.79,37.9,2
29221,6.99,38.4,2
29223,7.41,38.4,2
29225,7.48,39.6,2
29227,6.40,39.0,2
29229,7.32,38.9,2
29510,8.69,38.1,2
30001,6.35,43.1,1
30003,5.93,40.5,1
30005,4.60,38.6,1
30007,5.98,42.3,1
30009,5.05,41.9,1
30011,5.56,39.9,1
30013,5.52,39.9,1
30015,4.98,39.2,1
30017,5.47,39.1,1
30019,5.07,38.5,1
30021,5.29,38.5,1
30023,6.75,42.3,1
30025,5.47,39.0,1
30027,4.47,40.7,1
30029,9.03,35.8,1
30031,5.58,42.9,1
30033,4.82,39.2,1
30035,5.81,38.0,1
30037,4.88,41.3,2
30041,4.99,38.7,1
30043,6.44,42.6,1
30045,4.56,42.1,1
30047,8.61,36.5,1
30049,6.35,41.8,1
30051,5.32,38.6,1
30053,9.18,37.0,1
30055,4.97,38.7,1
30057,5.60,43.3,1
30059,4.97,42.7,1
30061,8.27,37.1,1
30063,7.81,36.9,1
30065,5.13,40.5,2
30067,4.68,43.3,1
30069,4.68,39.3,2
30071,4.47,37.4,1
30073,5.67,38.6,1
30075,5.88,40.2,1
30077,6.48,41.1,1
30079,5.23,38.9,1
30081,7.91,39.3,1
30083,5.22,38.3,1
30085,5.03,38.4,1
30087,5.89,40.2,1
30089,8.88,36.4,1
30091,5.33,38.2,1
30093,7.06,42.6,1
30095,5.07,41.8,1
30097,4.82,42.5,2
30099,5.52,39.3,1
30101,5.57,38.3,1
30103,5.69,39.8,2
30105,4.81,38.2,1
30107,4.72,42.1,2
30109,5.32,38.4,1
30111,6.34,40.5,2
31001,5.94,39.0,1
31003,5.28,39.6,2
31005,4.49,42.6,3
31007,3.98,45.1,2
31009,4.73,40.6,3
31011,5.39,39.2,1
31013,4.02,43.3,2
31015,4.60,39.8,1
31017,4.44,40.5,3
31019,5.85,39.5,2
31021,5.45,39.0,1
31023,5.64,38.3,1
31025,6.22,38.7,1
31027,5.62,38.9,1
31029,5.16,42.5,2
31031,4.02,41.7,3
31033,4.41,44.4,2
31035,5.82,38.7,1
31037,5.60,38.6,1
31039,5.59,38.9,1
31041,5.15,40.3,2
31043,6.03,38.6,1
31045,4.09,42.8,2
31047,5.62,40.2,2
31049,4.69,43.3,2
31051,5.79,38.7,1
31053,5.65,38.7,1
31055,6.21,38.9,1
31057,5.28,42.4,2
31059,5.66,38.5,1
31061,5.94,39.7,1
31063,5.49,40.9,1
31065,5.87,40.3,1
31067,5.65,38.9,1
31069,4.29,43.1,3
31071,4.97,40.0,3
31073,5.71,40.2,1
31075,4.28,42.6,3
31077,5.29,39.5,1
31079,5.82,38.9,2
31081,5.75,38.5,1
31083,5.98,39.9,1
31085,5.29,41.7,1
31087,5.50,41.6,1
31089,4.83,40.0,3
31091,4.45,42.0,3
31093,5.53,39.3,2
31095,5.70,38.9,1
31097,5.99,38.9,1
31099,5.92,39.4,1
31101,4.86,42.5,2
31103,4.22,40.2,2
31105,4.27,45.8,2
31107,5.24,39.8,1
31109,6.06,38.1,1
31111,5.16,41.4,3
31113,4.83,41.2,3
31115,4.84,40.3,3
31117,4.71,42.0,3
31119,5.52,39.2,1
31121,5.67,38.7,2
31123,4.16,43.7,2
31125,5.53,38.9,1
31127,6.24,38.8,1
31129,5.91,39.2,1
31131,6.11,38.7,1
31133,6.09,39.2,1
31135,5.02,42.5,2
31137,5.91,39.7,1
31139,5.49,39.4,1
31141,5.67,38.5,1
31143,5.65,38.3,1
31145,5.68,41.0,1
31147,6.51,39.0,1
31149,4.58,40.3,3
31151,5.60,38.5,1
31153,6.35,38.9,1
31155,5.84,38.4,1
31157,3.95,44.2,2
31159,5.70,38.2,1
31161,4.04,42.7,2
31163,5.42,39.6,2
31165,3.87,43.9,2
31167,5.58,39.1,1
31169,5.76,38.9,1
31171,4.60,41.2,3
31173,5.72,38.9,1
31175,5.22,39.8,2
31177,5.39,39.0,1
31179,5.67,39.0,1
31181,5.95,39.4,1
31183,5.13,39.8,3
31185,5.68,38.1,1
32001,5.81,41.3,2
32003,6.24,47.0,3
32005,5.64,45.2,1
32007,4.84,43.9,2
32009,4.51,43.9,2
32011,4.47,44.5,1
32013,5.40,42.7,2
32017,4.65,45.8,1
32019,6.25,43.3,1
32021,4.63,44.6,1
32023,4.70,46.2,2
32027,5.29,42.4,1
32029,6.92,42.9,2
32031,7.53,43.4,2
32033,4.49,46.1,1
32510,6.19,44.6,1
33001,4.87,35.5,2
33003,4.75,35.7,1
33005,5.65,35.9,2
33007,4.30,37.0,2
33009,4.81,35.7,2
33011,5.52,36.8,2
33013,5.13,36.1,2
33015,5.84,36.7,2
33017,5.54,36.3,2
33019,5.33,35.2,2
34001,6.10,37.1,3
34003,7.42,35.7,2
34005,7.73,38.3,2
34007,7.77,38.0,2
34009,6.08,38.5,3
34011,6.38,38.6,2
34013,7.61,35.5,2
34015,7.35,38.4,2
34017,7.75,34.9,2
34019,7.68,37.8,1
34021,7.74,38.5,1
34023,7.53,37.3,2
34025,6.97,37.9,1
34027,7.05,37.0,1
34029,6.45,38.1,3
34031,7.25,35.9,2
34033,7.14,38.7,2
34035,7.49,37.6,1
34037,6.87,37.1,1
34039,7.73,36.1,2
34041,7.77,37.0,1
35001,6.94,46.3,1
35005,6.24,46.5,2
35006,4.75,46.6,2
35007,4.33,46.8,1
35009,5.94,45.2,2
35011,5.23,45.2,2
35013,5.80,45.0,2
35015,6.83,49.2,2
35017,4.82,46.4,
35019,4.70,45.7,2
35021,4.88,45.0,2
35023,4.93,45.4,2
35025,6.79,46.5,2
35027,5.00,46.5,2
35028,3.87,46.8,2
35029,5.08,44.9,2
35031,4.62,45.8,2
35035,5.29,46.0,2
35037,5.18,44.9,2
35039,4.01,46.6,1
35041,5.80,45.3,2
35043,5.68,46.5,2
35045,5.13,42.6,2
35047,5.01,47.3,1
35049,4.17,47.3,1
35051,5.28,45.6,2
35053,5.11,45.7,2
35055,4.08,47.3,1
35057,4.71,47.0,2
35059,4.78,45.3,2
35061,6.20,45.3,2
36001,6.58,36.1,1
36003,5.98,37.9,1
36005,7.85,35.4,3
36007,6.55,36.9,1
36009,6.29,37.8,1
36011,6.17,36.1,1
36013,6.62,38.2,1
36015,6.21,37.5,1
36017,6.08,36.6,1
36019,5.68,37.1,2
36021,6.26,37.1,1
36023,6.04,36.9,1
36025,5.66,37.2,1
36027,6.71,37.7,1
36029,7.20,38.3,1
36031,5.19,37.4,3
36033,5.44,36.8,3
36035,6.01,35.6,3
36037,6.52,37.5,1
36039,6.03,37.0,1
36041,5.12,36.6,3
36043,5.95,35.8,3
36045,5.73,35.8,2
36047,8.01,35.2,3
36049,5.42,35.9,2
36051,6.15,37.4,1
36053,5.93,36.0,1
36055,6.52,37.0,2
36057,6.19,35.6,2
36059,7.34,37.7,3
36061,7.83,34.9,3
36063,7.29,38.3,2
36065,6.02,35.6,2
36067,6.15,35.6,1
36069,6.23,36.7,1
36071,6.83,37.0,1
36073,6.55,38.0,2
36075,6.03,36.1,2
36077,5.82,36.7,1
36079,6.84,38.4,1
36081,7.95,35.7,3
36083,6.47,36.3,1
36085,7.86,35.8,3
36087,7.12,37.0,3
36089,5.95,35.4,2
36091,6.65,35.5,2
36093,6.59,35.7,2
36095,5.73,36.6,1
36097,6.08,37.4,1
36099,6.26,36.3,1
36101,5.88,37.6,1
36103,6.71,39.4,3
36105,6.24,37.0,1
36107,6.49,37.2,1
36109,6.20,37.2,1
36111,6.45,37.2,1
36113,6.21,35.2,3
36115,6.36,35.3,1
36117,6.32,36.4,2
36119,7.51,37.2,3
36121,6.24,37.8,1
36123,6.03,37.0,1
37001,7.81,39.4,3
37003,7.65,39.8,2
37005,6.56,39.2,1
37007,7.41,38.5,3
37009,6.15,39.9,2
37011,6.00,40.0,2
37013,6.07,37.3,3
37015,6.37,37.2,3
37017,7.32,38.8,3
37019,6.82,37.4,3
37021,6.37,39.9,1
37023,7.25,39.6,2
37025,8.33,40.8,3
37027,7.11,39.4,2
37029,6.16,37.7,3
37031,5.90,38.1,3
37033,7.60,38.9,2
37035,7.98,40.2,2
37037,7.67,39.1,3
37039,6.36,39.1,1
37041,6.09,37.1,3
37045,8.05,40.1,2
37047,7.25,37.5,3
37049,6.01,37.2,3
37051,7.83,40.2,3
37053,6.06,38.4,3
37055,5.78,39.0,3
37057,8.45,40.3,3
37059,8.22,40.4,3
37061,6.86,37.5,3
37063,7.40,39.1,3
37065,6.79,38.7,3
37067,8.08,40.1,2
37069,7.21,39.0,2
37071,8.29,40.1,2
37073,6.46,37.2,3
37075,6.08,39.8,2
37077,7.19,38.7,3
37079,6.80,39.0,3
37081,8.30,40.2,3
37083,6.75,37.6,3
37085,7.70,39.8,3
37087,6.06,40.5,2
37089,6.64,39.6,1
37091,6.52,37.1,3
37093,7.79,40.0,3
37097,8.25,40.6,2
37099,6.06,39.1,2
37101,7.36,39.6,3
37103,6.27,37.2,3
37105,7.71,39.2,3
37107,6.72,38.6,3
37109,8.24,40.6,2
37111,6.54,39.8,2
37113,6.18,37.6,2
37115,6.20,40.4,2
37117,6.27,37.4,3
37119,8.33,40.1,3
37121,6.00,40.2,1
37123,7.61,38.8,3
37125,7.68,39.2,3
37127,7.01,39.0,3
37129,6.63,37.3,3
37131,6.73,37.4,3
37133,6.32,37.1,3
37135,7.51,39.0,3
37137,5.85,37.4,3
37139,6.15,37.6,3
37141,6.56,36.9,3
37143,6.08,37.4,3
37145,7.32,38.7,3
37147,6.46,38.2,3
37149,7.40,39.6,2
37151,8.16,39.8,3
37153,7.51,38.8,3
37155,7.69,39.2,3
37157,7.80,39.4,1
37159,8.37,40.8,3
37161,7.74,39.8,2
37163,7.32,39.1,3
37165,7.74,39.4,3
37167,7.97,39.9,3
37169,7.58,39.5,2
37171,7.29,39.1,2
37173,5.99,39.5,2
37175,6.36,39.8,1
37177,5.69,37.4,3
37179,7.79,39.2,3
37181,7.05,38.3,2
37183,7.62,39.6,2
37185,6.81,37.9,2
37187,5.93,37.0,3
37189,6.16,39.9,1
37191,7.16,39.3,3
37193,7.09,39.0,2
37195,7.05,39.4,3
37197,7.74,39.5,2
37199,5.98,40.8,2
38001,5.38,37.9,1
38003,5.86,35.9,1
38005,5.78,36.0,1
38007,5.47,37.9,1
38009,5.85,35.9,1
38011,5.48,38.7,1
38013,5.88,37.3,1
38015,6.79,34.3,1
38017,6.77,35.3,1
38019,5.69,35.5,1
38021,5.24,36.6,1
38023,5.65,37.6,1
38025,5.51,37.1,1
38027,5.77,35.9,1
38029,5.52,35.8,1
38031,5.76,35.9,1
38033,5.40,38.2,1
38035,6.30,35.2,1
38037,5.62,36.6,1
38039,5.79,35.8,1
38041,5.56,37.5,1
38043,5.81,35.6,1
38045,5.43,36.2,1
38047,5.38,36.0,1
38049,5.87,36.1,1
38051,5.06,36.4,1
38053,5.49,37.4,1
38055,6.37,36.3,1
38057,6.02,36.5,1
38059,6.60,35.0,1
38061,5.78,37.2,1
38063,5.76,35.8,1
38065,6.58,36.4,1
38067,5.83,35.0,1
38069,5.79,35.9,1
38071,5.79,35.9,1
38073,5.86,36.2,1
38075,5.94,36.5,1
38077,6.08,36.7,1
38079,5.70,35.7,1
38081,5.60,36.7,1
38083,5.96,36.0,1
38085,5.32,36.4,1
38087,5.49,38.4,1
38089,5.78,37.4,1
38091,5.91,35.7,1
38093,5.64,36.0,1
38095,5.69,35.6,1
38097,6.16,35.4,1
38099,5.86,35.3,1
38101,5.97,36.4,1
38103,5.82,35.8,1
38105,5.66,37.6,1
39001,7.70,37.9,1
39003,7.96,38.8,1
39005,7.84,38.0,1
39007,7.37,38.6,2
39009,7.91,37.3,2
39011,8.26,38.8,1
39013,8.76,37.4,1
39015,8.02,38.4,2
39017,9.15,39.1,1
39019,8.36,38.4,1
39021,8.41,38.5,1
39023,8.56,38.5,1
39025,8.59,38.6,2
39027,8.46,39.0,1
39029,8.30,38.5,1
39031,8.25,37.9,1
39033,7.95,37.8,1
39035,8.67,37.5,2
39037,8.49,38.8,1
39039,8.38,38.5,2
39041,8.59,37.6,1
39043,8.09,38.3,2
39045,8.47,37.6,1
39047,8.36,38.4,1
39049,8.78,37.6,1
39051,8.46,38.1,2
39053,7.92,36.9,2
39055,8.02,38.2,2
39057,8.76,38.7,1
39059,8.36,38.1,1
39061,9.05,38.7,1
39063,8.01,38.3,1
39065,7.89,38.4,1
39067,8.45,37.8,1
39069,8.28,38.3,2
39071,8.19,38.5,2
39073,7.95,37.4,2
39075,8.25,38.1,1
39077,7.87,37.7,1
39079,7.93,37.1,2
39081,8.65,37.5,1
39083,8.15,38.0,1
39085,7.99,38.7,2
39087,7.79,36.9,2
39089,8.50,37.7,1
39091,8.13,38.6,1
39093,8.15,37.4,2
39095,8.66,38.0,2
39097,8.49,38.2,1
39099,8.21,38.6,2
39101,8.16,37.8,1
39103,7.92,38.0,2
39105,7.97,37.2,2
39107,8.43,38.9,1
39109,8.69,38.6,1
39111,8.42,38.0,2
39113,8.94,38.8,1
39115,8.02,37.7,2
39117,8.12,37.8,1
39119,8.29,37.8,1
39121,8.33,38.2,2
39123,8.38,38.6,2
39125,8.37,38.7,2
39127,8.05,37.6,1
39129,8.44,37.7,1
39131,7.99,37.4,1
39133,8.16,39.0,2
39135,8.59,38.8,1
39137,8.08,38.6,2
39139,7.92,38.0,1
39141,8.25,37.6,1
39143,8.22,37.9,2
39145,7.73,37.2,2
39147,8.04,37.9,1
39149,8.43,38.7,1
39151,8.46,39.0,1
39153,8.21,38.8,1
39155,7.86,38.6,2
39157,8.44,38.2,1
39159,8.42,37.9,1
39161,8.29,38.8,1
39163,7.90,37.2,2
39165,9.08,39.3,1
39167,8.33,37.7,2
39169,8.06,38.3,1
39171,8.57,38.3,2
39173,8.37,38.0,2
39175,7.98,38.0,1
40001,8.12,39.9,2
40003,7.93,42.8,3
40005,8.50,39.6,3
40007,6.61,42.8,2
40009,6.97,43.7,3
40011,7.85,43.5,3
40013,8.36,41.1,3
40015,7.75,43.8,3
40017,8.86,43.2,3
40019,7.90,43.4,3
40021,8.19,40.1,2
40023,8.70,35.9,3
40025,5.42,43.9,2
40027,9.09,43.3,3
40029,8.49,40.9,3
40031,7.60,43.7,3
40033,7.48,43.3,3
40035,8.85,41.2,3
40037,8.70,42.9,3
40039,7.45,43.5,3
40041,8.28,40.0,2
40043,7.23,43.7,3
40045,6.80,43.4,2
40047,8.50,43.0,3
40049,8.21,43.2,3
40051,8.38,43.6,3
40053,8.34,42.8,3
40055,6.86,43.6,3
40057,6.62,43.6,3
40059,6.86,42.6,3
40061,8.39,37.6,3
40063,8.57,42.1,3
40065,7.03,43.4,3
40067,7.50,43.3,3
40069,8.20,42.3,3
40071,8.57,43.1,3
40073,8.44,43.2,3
40075,7.22,43.8,3
40077,8.28,36.6,3
40079,8.36,33.8,3
40081,8.55,43.2,3
40083,8.70,43.7,3
40085,7.86,43.9,3
40087,8.48,43.5,3
40089,9.02,31.9,3
40091,8.54,40.4,3
40093,7.86,43.2,3
40095,8.11,43.1,3
40097,8.70,40.5,2
40099,8.16,43.0,3
40101,8.61,40.5,3
40103,8.55,43.4,3
40105,9.70,42.8,3
40107,8.47,42.3,3
40109,9.21,43.3,3
40111,8.56,41.7,3
40113,9.06,43.3,3
40115,8.51,40.6,3
40117,8.59,43.3,3
40119,8.64,43.5,3
40121,8.60,40.0,3
40123,8.40,42.3,3
40125,8.58,43.0,3
40127,8.32,34.7,3
40129,6.80,43.8,3
40131,9.40,42.3,3
40133,8.51,42.7,3
40135,8.48,38.4,2
40137,7.72,43.5,3
40139,6.36,43.3,2
40141,7.18,43.2,3
40143,9.38,42.8,3
40145,8.98,41.6,3
40147,9.70,43.1,3
40149,7.28,43.6,3
40151,7.55,42.8,3
40153,7.04,43.3,3
41001,7.07,40.5,2
41003,7.96,30.3,3
41005,8.85,31.3,3
41007,5.21,30.7,2
41009,6.65,30.7,2
41011,6.93,29.0,3
41013,7.17,38.9,2
41015,6.34,30.1,3
41017,8.59,39.4,3
41019,8.20,31.7,3
41021,7.51,37.5,2
41023,6.44,40.7,2
41025,6.69,41.9,2
41027,6.00,36.4,2
41029,8.68,36.0,3
41031,7.16,37.7,2
41033,8.22,33.6,3
41035,8.28,40.4,2
41037,6.92,42.5,2
41039,9.06,31.4,3
41041,5.78,30.1,3
41043,8.72,31.6,3
41045,8.59,40.8,2
41047,9.11,31.3,3
41049,7.35,38.1,2
41051,8.80,30.6,2
41053,7.73,30.5,3
41055,7.24,37.3,2
41057,5.16,30.5,3
41059,8.82,37.4,2
41061,6.91,39.4,2
41063,7.32,39.7,3
41065,6.73,36.6,2
41067,8.63,29.6,2
41069,6.54,38.9,2
41071,7.73,30.1,2
42001,7.78,39.2,1
42003,9.08,37.0,1
42005,8.50,37.9,1
42007,8.58,37.6,1
42009,7.41,38.3,1
42011,8.69,37.9,1
42013,7.80,38.5,1
42015,6.43,37.5,1
42017,8.27,38.3,1
42019,8.62,37.8,1
42021,7.99,38.6,2
42023,6.51,37.7,1
42025,7.67,37.5,1
42027,7.58,38.1,1
42029,8.44,38.0,1
42031,7.70,37.9,1
42033,7.32,37.8,1
42035,7.17,37.6,1
42037,7.61,37.4,1
42039,7.25,37.6,2
42041,8.64,37.9,1
42043,9.04,37.6,1
42045,8.24,37.9,1
42047,6.85,37.8,2
42049,6.95,37.8,2
42051,7.67,37.8,2
42053,6.90,37.8,2
42055,7.57,38.4,1
42057,7.36,38.1,1
42059,7.81,38.0,2
42061,7.71,38.3,1
42063,8.03,38.0,1
42065,7.53,37.9,2
42067,8.11,37.8,1
42069,7.05,37.1,1
42071,9.39,37.9,1
42073,8.36,38.0,2
42075,8.92,37.5,1
42077,8.35,37.4,1
42079,7.28,37.4,1
42081,7.37,37.2,1
42083,6.40,37.8,2
42085,7.80,38.3,2
42087,7.85,38.0,1
42089,7.60,36.9,1
42091,8.51,38.0,1
42093,8.01,37.3,1
42095,8.30,37.2,1
42097,8.10,37.4,1
42099,8.40,37.8,1
42101,8.41,37.7,3
42103,6.81,36.9,2
42105,6.13,38.0,2
42107,7.89,37.7,1
42109,8.25,37.4,1
42111,7.20,38.4,2
42115,6.54,37.0,1
42117,6.13,37.6,1
42119,8.09,37.2,1
42121,7.44,37.8,1
42123,6.71,37.4,2
42125,8.64,37.5,2
42127,6.65,37.1,2
42129,8.66,36.7,1
42131,6.81,37.3,1
42133,8.53,38.8,1
44001,5.68,38.5,3
44003,5.36,38.4,1
44005,5.00,39.0,2
44007,6.16,38.1,2
44009,4.79,39.0,1
45001,8.26,37.2,2
45003,8.73,37.2,3
45007,8.78,38.5,2
45009,8.10,36.1,3
45011,8.31,36.8,3
45013,8.30,36.7,3
45015,7.80,36.0,3
45017,7.89,36.3,3
45019,7.78,36.2,3
45021,8.18,39.5,2
45023,7.42,37.7,3
45025,7.20,38.2,3
45027,7.73,36.7,3
45029,7.89,35.5,3
45031,7.69,38.0,3
45033,7.72,38.5,3
45035,7.92,35.7,3
45037,8.39,36.5,3
45039,7.22,37.1,3
45041,8.02,37.6,3
45043,7.29,37.1,3
45045,8.78,39.5,1
45047,8.18,36.7,3
45049,8.30,35.8,3
45051,7.51,37.8,3
45053,8.53,36.0,3
45055,7.38,37.8,3
45057,7.26,37.9,3
45059,8.16,37.6,2
45061,7.72,37.7,3
45063,8.05,37.2,3
45065,8.13,36.0,3
45067,7.72,37.7,3
45069,7.64,38.7,3
45071,7.72,36.7,3
45073,7.99,37.6,2
45075,7.96,36.2,3
45077,8.21,38.7,2
45079,7.88,37.3,3
45081,7.95,36.3,3
45083,8.60,39.7,2
45085,7.83,37.1,3
45087,7.78,38.1,3
45089,7.59,36.7,3
45091,7.97,38.7,2
46003,4.36,39.1,1
46005,4.54,38.6,1
46007,3.89,42.0,2
46009,5.05,39.7,1
46011,4.71,39.3,1
46013,4.65,37.4,1
46015,3.98,38.9,1
46017,3.88,38.7,1
46019,5.50,39.9,2
46021,4.78,36.7,1
46023,4.66,39.6,1
46025,5.08,38.8,1
46027,5.78,38.2,1
46029,5.88,39.2,1
46031,4.82,37.1,1
46033,4.72,43.7,2
46035,4.66,39.1,1
46037,5.30,38.4,1
46039,5.46,39.2,1
46041,4.08,38.2,2
46043,4.60,39.3,1
46045,4.43,37.3,1
46047,4.45,43.0,2
46049,4.19,37.7,1
46051,5.84,38.4,1
46053,4.19,39.7,2
46055,3.78,40.0,2
46057,5.29,39.3,1
46059,4.04,38.3,1
46061,4.76,39.1,1
46063,5.34,39.4,2
46065,3.20,38.6,1
46067,4.89,39.3,1
46069,3.73,38.3,1
46071,3.72,41.4,2
46073,4.24,38.8,1
46075,3.40,39.7,2
46077,4.78,39.1,1
46079,4.77,39.2,1
46081,5.72,41.6,2
46083,5.43,39.1,1
46085,3.55,38.9,1
46087,4.84,39.2,1
46089,4.70,36.9,1
46091,5.34,37.6,1
46093,5.36,40.6,2
46095,3.59,40.3,2
46097,4.69,39.0,1
46099,5.29,39.2,1
46101,4.92,39.2,1
46103,5.75,41.9,2
46105,5.01,38.6,1
46107,3.97,37.8,1
46109,5.69,38.0,1
46111,4.57,38.9,1
46115,4.52,38.1,1
46117,3.37,39.0,1
46119,3.58,38.2,1
46121,3.84,40.9,2
46123,3.87,39.9,2
46125,5.20,39.2,1
46127,5.82,38.4,1
46129,4.46,37.3,1
46135,5.41,39.0,1
46137,4.27,38.7,2
47001,7.91,38.0,1
47003,7.44,38.7,1
47005,7.33,39.4,2
47007,7.42,38.8,3
47009,7.37,39.2,1
47011,8.39,39.1,1
47013,7.80,37.8,3
47015,7.33,38.2,2
47017,7.65,39.4,3
47019,6.25,40.2,2
47021,7.80,39.6,2
47023,7.53,38.9,2
47025,8.35,38.3,1
47027,7.14,38.0,2
47029,6.95,40.3,2
47031,7.42,38.6,2
47033,8.00,39.8,3
47035,7.10,38.1,3
47037,8.37,39.3,1
47039,6.99,38.9,2
47041,7.20,37.8,2
47043,7.38,39.7,2
47045,7.92,39.9,3
47047,8.05,39.9,3
47049,7.02,37.7,2
47051,7.44,38.8,3
47053,7.94,39.6,3
47055,6.93,39.0,1
47057,8.27,39.0,1
47059,6.97,39.8,1
47061,7.44,39.1,3
47063,8.02,39.6,1
47065,8.96,39.5,2
47067,7.81,38.8,1
47069,7.68,39.2,3
47071,7.04,38.8,2
47073,7.31,39.1,1
47075,8.00,39.9,3
47077,7.38,39.0,2
47079,7.76,39.5,3
47081,6.94,39.5,1
47083,7.31,39.6,2
47085,7.18,39.5,1
47087,7.02,37.8,1
47089,8.13,39.6,1
47091,6.10,40.1,2
47093,8.26,38.3,1
47095,8.19,40.0,3
47097,8.05,40.0,3
47099,6.56,39.1,1
47101,6.57,39.3,1
47103,7.41,38.9,1
47105,7.37,38.2,1
47107,7.50,38.6,1
47109,7.41,38.8,2
47111,7.43,38.7,1
47113,7.92,39.3,1
47115,8.09,39.2,2
47117,7.20,39.0,1
47119,7.03,39.3,3
47121,7.83,38.7,1
47123,7.01,38.7,1
47125,7.76,39.5,2
47127,7.41,38.7,1
47129,7.20,37.9,3
47131,8.10,39.8,3
47133,6.95,37.7,2
47135,6.83,39.1,1
47139,7.27,38.8,2
47141,6.94,37.7,2
47143,7.69,38.7,3
47145,7.37,38.0,1
47147,7.97,39.4,2
47149,7.92,38.7,1
47151,7.25,37.7,3
47153,7.76,39.5,3
47155,7.51,39.9,2
47157,8.67,40.0,3
47159,7.31,38.1,1
47161,7.41,39.5,2
47163,6.76,39.5,1
47165,8.00,39.3,2
47167,8.24,40.1,3
47169,7.57,38.7,1
47171,6.13,40.4,2
47173,8.40,38.1,1
47175,7.16,38.4,2
47177,7.27,38.3,2
47179,6.58,39.9,1
47181,6.54,39.0,1
47183,7.99,39.7,3
47185,7.05,37.9,2
47187,7.97,39.4,1
47189,7.95,38.9,1
48001,8.64,41.2,3
48003,6.95,45.9,3
48005,8.96,38.1,3
48007,8.65,33.9,3
48009,7.15,42.6,3
48011,6.18,45.8,2
48013,8.56,38.2,3
48015,8.55,37.8,3
48019,7.78,40.2,3
48021,8.25,38.6,3
48025,8.55,35.0,3
48027,7.88,41.5,3
48029,8.62,40.2,3
48033,6.37,44.1,3
48035,7.89,41.8,3
48037,9.87,34.2,3
48039,8.82,36.0,3
48041,8.48,40.0,3
48043,6.10,43.8,2
48045,6.15,45.1,3
48047,9.26,34.5,3
48049,7.05,41.1,3
48051,8.36,39.7,3
48053,7.68,41.0,3
48055,8.42,38.9,3
48057,8.35,34.0,3
48059,6.78,42.0,3
48061,9.16,31.7,3
48063,9.31,37.8,3
48065,6.26,45.4,2
48067,9.56,36.5,3
48069,6.22,45.7,2
48071,9.00,37.0,3
48073,8.85,40.3,3
48075,6.42,43.6,3
48077,7.37,42.9,3
48079,5.99,45.6,3
48081,6.66,42.2,3
48083,6.86,41.2,3
48085,8.97,41.4,3
48087,6.45,44.1,3
48089,8.27,36.8,3
48091,8.44,40.5,3
48093,7.22,41.7,3
48095,6.83,41.0,3
48097,7.95,44.3,3
48099,7.76,41.9,3
48101,6.20,43.4,3
48103,7.21,43.9,3
48105,6.95,41.6,3
48107,5.97,44.3,2
48109,5.97,46.8,2
48111,5.78,44.2,2
48113,9.07,40.2,3
48115,6.60,45.0,3
48117,6.14,45.9,2
48119,8.61,37.6,3
48121,8.74,42.6,3
48123,8.21,36.1,3
48125,5.97,43.7,3
48127,8.35,39.4,3
48129,6.23,44.9,2
48131,8.81,35.5,3
48133,7.06,42.0,3
48135,7.43,45.0,3
48137,7.04,40.0,3
48139,8.74,40.6,3
48141,7.26,43.6,3
48143,7.52,42.3,3
48145,8.12,40.2,3
48147,8.47,39.8,3
48149,8.20,38.1,3
48151,6.48,42.9,3
48153,6.14,44.6,2
48155,6.48,43.1,3
48157,9.37,36.6,3
48159,9.06,37.6,3
48161,8.51,41.7,3
48165,6.67,45.5,3
48167,8.64,36.2,3
48171,7.51,40.9,3
48173,6.98,43.5,3
48175,8.33,35.0,3
48177,8.24,37.8,3
48179,6.32,44.8,2
48181,8.33,42.4,3
48183,9.49,39.5,3
48185,8.81,40.0,3
48187,8.44,39.5,3
48189,6.54,44.9,2
48191,6.24,44.2,3
48193,7.48,41.9,3
48195,6.45,44.0,2
48197,6.63,43.2,3
48199,8.60,36.4,3
48201,10.10,37.2,3
48203,9.65,39.1,3
48205,5.67,44.4,2
48207,6.66,42.6,3
48209,8.51,40.0,3
48211,6.57,43.9,2
48213,8.45,41.5,3
48215,9.79,34.2,3
48217,8.34,41.0,3
48219,6.10,45.2,2
48221,8.05,42.8,3
48223,8.74,38.0,3
48225,8.74,40.1,3
48227,6.89,43.9,3
48229,5.85,45.5,2
48231,8.58,39.0,3
48233,6.29,45.0,2
48235,6.78,42.0,3
48237,7.32,42.9,3
48239,8.31,34.4,3
48241,8.35,36.5,3
48243,5.76,45.6,2
48245,8.81,35.9,3
48247,9.03,36.6,3
48249,9.06,34.2,3
48251,8.58,42.7,3
48253,6.73,42.4,3
48255,8.27,36.7,3
48257,8.54,40.1,3
48259,8.05,41.7,3
48261,9.36,32.5,3
48263,6.06,43.4,3
48265,7.56,40.5,3
48267,7.00,40.4,3
48269,6.17,43.1,3
48271,7.38,39.6,3
48273,9.33,33.2,3
48275,6.57,42.7,3
48277,8.71,36.4,3
48279,6.13,45.1,2
48281,7.53,41.4,3
48285,8.16,36.6,3
48287,8.25,39.0,3
48291,9.36,38.2,3
48293,8.38,41.1,3
48295,6.58,43.4,2
48297,8.59,35.6,3
48299,7.44,40.7,2
48301,8.17,47.0,3
48303,6.24,44.7,2
48305,6.18,44.6,2
48307,6.98,40.6,3
48309,8.23,40.3,3
48311,8.55,36.3,3
48313,8.69,40.7,3
48315,9.62,38.3,3
48317,7.18,44.6,3
48319,7.14,40.4,2
48321,8.43,34.7,3
48323,8.13,39.0,3
48325,8.40,39.3,3
48327,6.87,40.8,3
48329,7.41,44.8,3
48331,8.13,39.8,3
48333,7.20,41.1,3
48335,6.56,43.0,3
48337,7.53,43.8,3
48339,10.01,40.8,3
48341,6.18,44.6,2
48343,9.42,37.0,3
48345,5.99,44.0,3
48347,9.12,38.5,3
48349,8.39,41.0,3
48351,8.33,36.8,3
48353,6.55,42.8,3
48355,9.14,33.1,3
48357,6.57,43.5,2
48359,5.63,45.1,2
48361,8.64,36.4,3
48363,7.48,42.7,3
48365,9.33,38.6,3
48367,7.93,43.2,3
48369,6.06,45.5,2
48371,6.74,43.4,3
48373,8.79,38.9,3
48375,6.37,45.8,2
48377,5.82,43.1,2
48379,8.51,39.2,3
48381,6.38,45.9,2
48383,6.94,42.7,3
48385,7.20,39.6,3
48387,9.05,34.8,3
48389,7.17,45.5,2
48391,8.44,33.7,3
48393,6.35,44.4,2
48395,8.35,40.6,3
48397,8.90,38.9,3
48399,6.83,41.5,3
48401,9.25,39.9,3
48403,8.48,37.0,3
48405,8.75,37.1,3
48409,8.88,33.6,3
48411,7.17,40.7,3
48413,6.85,41.1,3
48415,6.40,43.2,3
48417,6.73,42.3,3
48419,9.04,37.8,3
48421,6.18,44.0,2
48423,9.01,41.4,3
48425,7.93,42.6,3
48427,9.04,37.1,3
48429,6.90,42.2,3
48431,6.67,42.7,3
48433,6.34,42.9,3
48435,6.90,40.6,3
48437,6.40,45.7,2
48439,8.86,42.2,3
48441,6.80,42.2,3
48443,7.19,41.5,2
48445,6.30,45.1,3
48447,6.73,42.4,3
48449,9.30,36.8,3
48451,6.89,41.5,3
48453,8.78,39.9,3
48455,8.77,39.8,3
48457,8.39,36.5,3
48459,9.34,39.2,3
48461,7.19,43.3,3
48463,7.80,39.2,3
48465,7.68,39.9,3
48467,8.52,40.1,3
48469,8.44,34.2,3
48471,8.96,41.1,3
48473,9.21,37.6,3
48475,7.29,45.0,3
48477,8.47,38.6,3
48479,9.40,37.8,3
48481,8.51,35.4,3
48483,6.57,44.2,3
48485,7.40,42.6,3
48487,6.87,43.0,3
48489,9.48,32.8,3
48491,8.55,40.2,3
48493,8.12,38.2,3
48495,7.37,46.0,3
48497,7.80,43.5,3
48499,8.94,39.7,3
48501,6.46,45.7,3
48503,7.09,42.4,3
48507,8.04,39.5,3
49001,5.07,45.1,2
49003,7.02,42.6,2
49005,6.93,43.0,2
49007,4.82,45.9,1
49009,4.28,47.0,2
49011,7.71,43.8,2
49013,5.32,47.4,1
49015,4.96,45.6,2
49017,4.78,45.9,2
49019,4.66,45.8,1
49021,5.21,45.3,2
49023,5.55,43.7,2
49025,4.78,45.4,2
49027,5.42,43.9,2
49029,6.85,45.3,2
49031,4.94,46.5,1
49033,4.98,45.2,2
49035,8.31,43.2,2
49037,4.44,43.1,2
49039,5.26,45.4,1
49041,5.13,46.0,1
49043,6.32,46.4,2
49045,6.21,43.1,2
49047,5.21,46.4,1
49049,7.09,44.1,2
49051,6.24,46.5,2
49053,5.18,45.3,2
49055,4.71,44.8,2
49057,7.41,43.5,2
50001,5.78,36.0,2
50003,5.71,36.5,2
50005,4.91,36.7,2
50007,5.70,37.0,3
50009,4.64,36.8,2
50011,5.57,36.9,2
50013,5.89,36.9,3
50015,4.99,37.4,2
50017,5.21,35.9,2
50019,5.01,36.8,2
50021,6.16,35.0,2
50023,5.21,36.8,2
50025,5.88,35.5,2
50027,5.50,35.0,2
51001,6.41,40.0,3
51003,7.11,37.5,2
51005,6.62,37.4,1
51007,6.92,37.1,1
51009,6.98,37.3,2
51011,6.96,37.1,1
51013,7.76,37.3,2
51015,6.79,37.8,1
51019,7.14,37.8,2
51021,6.58,39.1,1
51023,6.98,38.0,1
51025,6.67,37.2,1
51027,6.65,37.8,2
51029,6.91,36.8,1
51031,7.21,37.6,1
51033,7.09,37.3,3
51035,6.73,39.2,2
51036,6.96,37.7,3
51037,7.02,37.4,2
51041,7.45,37.6,1
51043,7.12,37.4,1
51045,6.62,38.8,1
51047,7.11,37.0,2
51049,6.90,36.8,1
51051,6.72,37.7,2
51053,7.01,37.2,1
51057,6.67,38.0,3
51059,7.74,37.5,1
51061,7.24,37.0,2
51063,6.75,39.2,2
51065,7.15,36.9,1
51067,7.12,38.6,2
51069,7.16,37.2,1
51071,6.77,39.1,1
51073,6.66,38.5,3
51075,7.18,37.0,1
51077,6.49,39.3,2
51079,6.87,38.6,2
51081,6.68,37.1,3
51083,7.27,38.0,2
51085,7.41,37.8,3
51087,7.57,37.9,3
51089,7.43,38.6,1
51091,6.04,38.0,1
51093,6.82,37.3,3
51095,6.80,37.6,3
51097,6.71,37.9,3
51099,6.95,37.6,3
51101,6.92,37.9,3
51103,6.46,39.1,3
51105,7.52,38.5,1
51107,7.51,38.0,2
51109,7.21,36.8,1
51111,6.81,37.1,2
51117,6.93,37.7,2
51119,6.51,38.8,3
51121,6.91,39.5,1
51125,6.60,37.5,2
51127,7.06,38.0,3
51131,6.38,40.3,3
51133,6.48,39.5,3
51135,6.84,36.9,1
51137,7.21,37.0,1
51139,6.68,39.0,1
51141,7.14,38.8,1
51143,7.48,38.4,1
51145,7.19,37.2,1
51147,6.90,36.8,2
51149,7.01,37.3,3
51153,7.58,37.3,2
51155,6.84,39.2,1
51157,6.66,38.0,2
51159,6.57,38.5,3
51161,7.05,38.7,1
51163,6.65,37.0,1
51165,6.87,38.4,1
51167,6.59,38.6,1
51169,6.92,38.8,1
51171,6.62,38.4,1
51173,6.37,39.3,1
51175,6.62,37.1,3
51177,7.33,36.7,1
51179,7.37,36.9,1
51181,6.68,37.3,3
51183,6.63,37.1,3
51185,6.48,38.7,1
51187,6.82,37.8,1
51191,6.49,39.4,1
51193,6.70,38.3,3
51195,6.83,38.2,2
51197,6.59,39.2,1
51199,6.84,38.2,3
51510,7.72,37.2,3
51520,6.64,39.6,1
51540,7.26,37.5,2
51550,6.90,37.4,3
51570,7.20,37.4,3
51580,6.66,37.5,1
51590,7.70,38.6,1
51595,6.69,37.1,3
51600,7.82,37.5,
51610,7.80,37.4,1
51620,6.68,37.2,
51630,7.37,36.7,3
51640,6.70,39.2,2
51650,6.91,38.0,3
51660,7.06,38.2,1
51670,7.18,37.5,3
51680,7.19,37.4,2
51683,7.69,37.2,1
51685,7.71,37.3,1
51690,7.51,38.6,1
51700,6.94,37.8,3
51710,7.01,37.6,3
51720,6.80,38.3,2
51730,7.08,37.3,3
51735,6.79,38.5,3
51740,7.01,37.2,3
51750,6.99,39.4,1
51760,7.66,38.0,
51770,7.11,38.7,
51775,7.00,38.9,1
51790,6.88,37.8,1
51800,6.79,37.1,3
51810,6.81,38.2,3
51820,6.96,37.8,1
51830,6.82,37.6,3
51840,7.25,37.2,1
53001,9.44,37.3,2
53003,8.24,37.0,2
53005,9.98,37.1,2
53007,7.84,38.8,3
53009,4.42,32.4,3
53011,7.80,31.2,1
53013,7.46,37.0,2
53015,6.21,31.3,3
53017,8.14,38.7,2
53019,7.47,38.8,1
53021,10.22,36.9,2
53023,7.49,37.0,2
53025,9.11,38.0,1
53027,4.95,30.2,3
53029,7.05,30.2,3
53031,5.38,31.5,1
53033,8.95,30.3,3
53035,6.91,30.1,3
53037,7.47,38.8,2
53039,6.54,36.7,2
53041,6.22,32.1,2
53043,8.45,37.9,2
53045,5.72,30.8,2
53047,8.11,38.8,1
53049,5.02,30.6,3
53051,9.00,37.4,1
53053,8.16,32.0,3
53055,5.99,30.3,3
53057,7.07,31.0,3
53059,5.88,35.0,1
53061,9.30,30.6,3
53063,9.66,37.1,1
53065,8.37,37.8,1
53067,7.04,31.4,3
53069,5.41,30.7,3
53071,8.58,36.7,2
53073,6.91,31.1,3
53075,8.55,36.5,2
53077,8.76,38.5,2
54001,6.60,37.9,2
54003,7.40,37.3,1
54005,7.02,37.1,3
54007,6.78,37.0,2
54009,8.70,37.3,1
54011,7.74,36.9,2
54013,7.31,36.8,2
54015,6.90,36.8,2
54017,7.63,37.6,2
54019,6.87,37.2,2
54021,7.25,37.0,2
54023,6.03,38.3,1
54025,6.57,37.5,1
54027,6.34,38.0,1
54029,8.41,37.7,1
54031,6.15,38.3,1
54033,7.40,37.7,2
54035,7.81,37.1,2
54037,7.33,37.5,1
54039,7.54,36.7,3
54041,7.06,37.4,2
54043,7.32,36.8,2
54045,6.94,37.2,3
54047,6.58,38.2,3
54049,7.45,37.9,2
54051,8.73,37.5,1
54053,7.93,37.0,2
54055,6.68,38.7,1
54057,6.31,37.9,1
54059,6.97,37.0,3
54061,7.25,37.8,1
54063,6.71,38.5,1
54065,6.97,37.6,1
54067,6.49,37.4,2
54069,8.79,37.1,1
54071,5.99,38.4,1
54073,8.12,37.6,2
54075,6.06,38.1,1
54077,6.60,38.1,1
54079,7.79,36.8,2
54081,6.81,37.8,2
54083,6.12,38.2,2
54085,7.74,37.3,2
54087,7.37,36.8,2
54089,6.74,37.9,1
54091,7.05,37.9,2
54093,6.10,38.3,2
54095,8.13,37.8,2
54097,6.62,37.7,2
54099,7.52,36.9,2
54101,6.17,37.9,2
54103,8.10,37.9,1
54105,7.69,37.1,2
54107,8.27,37.4,2
54109,6.71,37.9,3
55001,6.87,37.2,2
55003,4.24,35.9,2
55005,5.35,36.3,2
55007,3.97,35.7,2
55009,7.17,37.6,2
55011,6.57,37.0,1
55013,4.56,35.8,2
55015,7.53,37.9,2
55017,6.31,36.5,2
55019,6.32,36.5,2
55021,7.32,37.4,2
55023,7.28,37.0,1
55025,7.74,37.6,1
55027,7.57,37.7,1
55029,6.56,39.1,1
55031,3.67,34.3,2
55033,6.17,36.8,2
55035,6.60,36.6,2
55037,5.09,37.0,2
55039,7.40,37.8,1
55041,5.17,37.4,2
55043,7.66,37.1,1
55045,8.03,37.5,1
55047,7.17,37.5,1
55049,7.52,37.3,1
55051,4.51,36.2,2
55053,6.44,36.7,2
55055,8.08,38.0,1
55057,6.86,36.9,2
55059,8.03,39.3,2
55061,6.87,38.8,2
55063,7.05,36.8,2
55065,7.89,37.2,1
55067,5.84,37.2,1
55069,5.81,36.9,2
55071,7.18,38.9,2
55073,6.59,36.9,1
55075,6.25,37.5,2
55077,7.04,37.4,2
55078,6.34,37.2,1
55079,8.31,38.1,2
55081,6.73,36.8,2
55083,6.43,37.4,2
55085,5.23,37.1,2
55087,7.50,37.6,2
55089,7.76,38.5,2
55091,6.41,37.0,1
55093,6.29,36.9,1
55095,5.46,36.6,2
55097,6.77,37.2,1
55099,5.12,36.3,2
55101,8.15,39.1,2
55103,7.16,37.0,1
55105,8.33,38.0,1
55107,5.39,36.1,2
55109,6.10,36.7,1
55111,7.16,37.1,2
55113,4.68,35.8,2
55115,6.56,37.3,1
55117,7.27,38.9,2
55119,5.90,36.4,2
55121,6.73,36.8,2
55123,7.00,36.9,1
55125,4.91,36.9,2
55127,8.31,38.3,1
55129,4.59,35.7,2
55131,7.84,37.8,1
55133,8.33,37.8,1
55135,6.91,37.5,1
55137,6.92,37.5,2
55139,7.57,37.7,2
55141,6.65,36.9,1
56001,3.43,46.2,1
56003,5.11,41.4,1
56005,6.07,42.6,1
56007,3.48,46.5,1
56009,3.94,44.0,1
56011,5.70,42.0,1
56013,3.82,43.8,1
56015,4.17,44.2,1
56017,3.83,42.4,1
56019,4.42,42.9,1
56021,4.56,46.3,1
56023,3.89,44.9,1
56025,3.62,44.2,1
56027,4.32,43.3,1
56029,5.01,41.7,1
56031,3.98,44.3,2
56033,6.27,42.0,1
56035,3.41,44.8,1
56037,4.30,45.9,1
56039,3.45,44.5,1
56043,4.35,41.4,1
56045,5.24,42.6,2
