county_fips,iecc_zone
01001,3A
01003,2A
01005,3A
01007,3A
01009,3A
01011,3A
01013,3A
01015,3A
01017,3A
01019,3A
01021,3A
01023,3A
01025,3A
01027,3A
01029,3A
01031,2A
01033,3A
01035,3A
01037,3A
01039,2A
01041,3A
01043,3A
01045,2A
01047,3A
01049,3A
01051,3A
01053,2A
01055,3A
01057,3A
01059,3A
01061,2A
01063,3A
01065,3A
01067,2A
01069,2A
01071,3A
01073,3A
01075,3A
01077,3A
01079,3A
01081,3A
01083,3A
01085,3A
01087,3A
01089,3A
01091,3A
01093,3A
01095,3A
01097,2A
01099,3A
01101,3A
01103,3A
01105,3A
01107,3A
01109,3A
01111,3A
01113,3A
01115,3A
01117,3A
01119,3A
01121,3A
01123,3A
01125,3A
01127,3A
01129,3A
01131,3A
01133,3A
02013,7
02016,7
02020,7
02050,7
02060,7
02068,8
02070,7
02090,8
02100,6A
02105,6A
02110,6A
02122,7
02130,5C
02150,6A
02158,8
02164,7
02170,7
02180,8
02185,8
02188,8
02195,6A
02198,5C
02220,5C
02230,6A
02240,8
02261,7
02275,6A
02282,7
02290,8
04001,5B
04003,3B
04005,5B
04007,4B
04009,3B
04011,3B
04012,2B
04013,2B
04015,3B
04017,5B
04019,2B
04021,2B
04023,3B
04025,4B
04027,2B
05001,3A
05003,3A
05005,4A
05007,4A
05009,4A
05011,3A
05013,3A
05015,4A
05017,3A
05019,3A
05021,3A
05023,3A
05025,3A
05027,3A
05029,3A
05031,3A
05033,3A
05035,3A
05037,3A
05039,3A
05041,3A
05043,3A
05045,3A
05047,3A
05049,4A
05051,3A
05053,3A
05055,3A
05057,3A
05059,3A
05061,3A
05063,3A
05065,4A
05067,3A
05069,3A
05071,3A
05073,3A
05075,3A
05077,3A
05079,3A
05081,3A
05083,3A
05085,3A
05087,4A
05089,4A
05091,3A
05093,3A
05095,3A
05097,3A
05099,3A
05101,4A
05103,3A
05105,3A
05107,3A
05109,3A
05111,3A
05113,3A
05115,3A
05117,3A
05119,3A
05121,3A
05123,3A
05125,3A
05127,3A
05129,4A
05131,3A
05133,3A
05135,3A
05137,4A
05139,3A
05141,3A
05143,4A
05145,3A
05147,3A
05149,3A
06001,3C
06003,6B
06005,4B
06007,3B
06009,4B
06011,3B
06013,3B
06015,4C
06017,4B
06019,3B
06021,3B
06023,4C
06025,2B
06027,4B
06029,3B
06031,3B
06033,4B
06035,5B
06037,3B
06039,3B
06041,3C
06043,4B
06045,3C
06047,3B
06049,5B
06051,6B
06053,3C
06055,3C
06057,5B
06059,3B
06061,3B
06063,5B
06065,3B
06067,3B
06069,3C
06071,3B
06073,3B
06075,3C
06077,3B
06079,3C
06081,3C
06083,3C
06085,3C
06087,3C
06089,3B
06091,5B
06093,5B
06095,3B
06097,3C
06099,3B
06101,3B
06103,3B
06105,4B
06107,3B
06109,4B
06111,3C
06113,3B
06115,3B
08001,5B
08003,6B
08005,5B
08007,6B
08009,4B
08011,4B
08013,5B
08014,5B
08015,6B
08017,5B
08019,7
08021,6B
08023,6B
08025,5B
08027,5B
08029,5B
08031,5B
08033,6B
08035,5B
08037,6B
08039,5B
08041,5B
08043,5B
08045,5B
08047,5B
08049,7
08051,7
08053,7
08055,5B
08057,7
08059,5B
08061,5B
08063,5B
08065,7
08067,5B
08069,5B
08071,4B
08073,5B
08075,5B
08077,5B
08079,7
08081,6B
08083,5B
08085,5B
08087,5B
08089,4B
08091,6B
08093,7
08095,5B
08097,7
08099,4B
08101,5B
08103,6B
08105,7
08107,7
08109,6B
08111,7
08113,6B
08115,5B
08117,7
08119,5B
08121,5B
08123,5B
08125,5B
09001,5A
09003,5A
09005,5A
09007,5A
09009,5A
09011,5A
09013,5A
09015,5A
10001,4A
10003,4A
10005,4A
11001,4A
12001,2A
12003,2A
12005,2A
12007,2A
12009,2A
12011,1A
12013,2A
12015,2A
12017,2A
12019,2A
12021,2A
12023,2A
12027,2A
12029,2A
12031,2A
12033,2A
12035,2A
12037,2A
12039,2A
12041,2A
12043,2A
12045,2A
12047,2A
12049,2A
12051,2A
12053,2A
12055,2A
12057,2A
12059,2A
12061,2A
12063,2A
12065,2A
12067,2A
12069,2A
12071,2A
12073,2A
12075,2A
12077,2A
12079,2A
12081,2A
12083,2A
12085,2A
12086,1A
12087,1A
12089,2A
12091,2A
12093,2A
12095,2A
12097,2A
12099,1A
12101,2A
12103,2A
12105,2A
12107,2A
12109,2A
12111,2A
12113,2A
12115,2A
12117,2A
12119,2A
12121,2A
12123,2A
12125,2A
12127,2A
12129,2A
12131,2A
12133,2A
13001,2A
13003,2A
13005,2A
13007,2A
13009,3A
13011,3A
13013,3A
13015,3A
13017,3A
13019,2A
13021,3A
13023,3A
13025,2A
13027,2A
13029,2A
13031,3A
13033,3A
13035,3A
13037,2A
13039,2A
13043,3A
13045,3A
13047,3A
13049,2A
13051,2A
13053,3A
13055,3A
13057,3A
13059,3A
13061,3A
13063,3A
13065,2A
13067,3A
13069,2A
13071,2A
13073,3A
13075,2A
13077,3A
13079,3A
13081,3A
13083,3A
13085,3A
13087,2A
13089,3A
13091,3A
13093,3A
13095,2A
13097,3A
13099,2A
13101,2A
13103,2A
13105,3A
13107,3A
13109,2A
13111,3A
13113,3A
13115,3A
13117,3A
13119,3A
13121,3A
13123,3A
13125,3A
13127,2A
13129,3A
13131,2A
13133,3A
13135,3A
13137,3A
13139,3A
13141,3A
13143,3A
13145,3A
13147,3A
13149,3A
13151,3A
13153,3A
13155,3A
13157,3A
13159,3A
13161,2A
13163,3A
13165,3A
13167,3A
13169,3A
13171,3A
13173,2A
13175,3A
13177,3A
13179,2A
13181,3A
13183,2A
13185,2A
13187,3A
13189,3A
13191,2A
13193,3A
13195,3A
13197,3A
13199,3A
13201,2A
13205,2A
13207,3A
13209,3A
13211,3A
13213,3A
13215,3A
13217,3A
13219,3A
13221,3A
13223,3A
13225,3A
13227,3A
13229,2A
13231,3A
13233,3A
13235,3A
13237,3A
13239,3A
13241,3A
13243,3A
13245,3A
13247,3A
13249,3A
13251,3A
13253,2A
13255,3A
13257,3A
13259,3A
13261,3A
13263,3A
13265,3A
13267,2A
13269,3A
13271,3A
13273,3A
13275,2A
13277,2A
13279,2A
13281,3A
13283,3A
13285,3A
13287,3A
13289,3A
13291,3A
13293,3A
13295,3A
13297,3A
13299,2A
13301,3A
13303,3A
13305,2A
13307,3A
13309,3A
13311,3A
13313,3A
13315,3A
13317,3A
13319,3A
13321,2A
15001,1A
15003,1A
15005,1A
15007,1A
15009,1A
16001,5B
16003,6B
16005,6B
16007,6B
16009,5B
16011,6B
16013,6B
16015,6B
16017,6B
16019,6B
16021,6B
16023,6B
16025,6B
16027,5B
16029,6B
16031,5B
16033,6B
16035,5B
16037,6B
16039,5B
16041,6B
16043,6B
16045,5B
16047,5B
16049,5B
16051,6B
16053,5B
16055,5B
16057,5B
16059,6B
16061,5B
16063,5B
16065,6B
16067,5B
16069,5B
16071,6B
16073,5B
16075,5B
16077,5B
16079,5B
16081,6B
16083,5B
16085,6B
16087,5B
17001,5A
17003,4A
17005,4A
17007,5A
17009,5A
17011,5A
17013,4A
17015,5A
17017,5A
17019,5A
17021,4A
17023,4A
17025,4A
17027,4A
17029,4A
17031,5A
17033,4A
17035,4A
17037,5A
17039,5A
17041,5A
17043,5A
17045,5A
17047,4A
17049,4A
17051,4A
17053,5A
17055,4A
17057,5A
17059,4A
17061,4A
17063,5A
17065,4A
17067,5A
17069,4A
17071,5A
17073,5A
17075,5A
17077,4A
17079,4A
17081,4A
17083,4A
17085,5A
17087,4A
17089,5A
17091,5A
17093,5A
17095,5A
17097,5A
17099,5A
17101,4A
17103,5A
17105,5A
17107,5A
17109,5A
17111,5A
17113,5A
17115,5A
17117,4A
17119,4A
17121,4A
17123,5A
17125,5A
17127,4A
17129,5A
17131,5A
17133,4A
17135,4A
17137,5A
17139,5A
17141,5A
17143,5A
17145,4A
17147,5A
17149,5A
17151,4A
17153,4A
17155,5A
17157,4A
17159,4A
17161,5A
17163,4A
17165,4A
17167,5A
17169,5A
17171,5A
17173,4A
17175,5A
17177,5A
17179,5A
17181,4A
17183,5A
17185,4A
17187,5A
17189,4A
17191,4A
17193,4A
17195,5A
17197,5A
17199,4A
17201,5A
17203,5A
18001,5A
18003,5A
18005,4A
18007,5A
18009,5A
18011,5A
18013,4A
18015,5A
18017,5A
18019,4A
18021,4A
18023,5A
18025,4A
18027,4A
18029,4A
18031,4A
18033,5A
18035,5A
18037,4A
18039,5A
18041,4A
18043,4A
18045,5A
18047,4A
18049,5A
18051,4A
18053,5A
18055,4A
18057,5A
18059,5A
18061,4A
18063,4A
18065,5A
18067,5A
18069,5A
18071,4A
18073,5A
18075,5A
18077,4A
18079,4A
18081,4A
18083,4A
18085,5A
18087,5A
18089,5A
18091,5A
18093,4A
18095,5A
18097,4A
18099,5A
18101,4A
18103,5A
18105,4A
18107,5A
18109,4A
18111,5A
18113,5A
18115,4A
18117,4A
18119,4A
18121,5A
18123,4A
18125,4A
18127,5A
18129,4A
18131,5A
18133,4A
18135,5A
18137,4A
18139,4A
18141,5A
18143,4A
18145,4A
18147,4A
18149,5A
18151,5A
18153,4A
18155,4A
18157,5A
18159,5A
18161,4A
18163,4A
18165,5A
18167,4A
18169,5A
18171,5A
18173,4A
18175,4A
18177,5A
18179,5A
18181,5A
18183,5A
19001,5A
19003,5A
19005,5A
19007,5A
19009,5A
19011,5A
19013,6A
19015,5A
19017,5A
19019,5A
19021,5A
19023,5A
19025,5A
19027,5A
19029,5A
19031,5A
19033,6A
19035,5A
19037,5A
19039,5A
19041,6A
19043,5A
19045,5A
19047,5A
19049,5A
19051,5A
19053,5A
19055,5A
19057,5A
19059,6A
19061,5A
19063,6A
19065,5A
19067,5A
19069,5A
19071,5A
19073,5A
19075,5A
19077,5A
19079,5A
19081,6A
19083,5A
19085,5A
19087,5A
19089,5A
19091,5A
19093,5A
19095,5A
19097,5A
19099,5A
19101,5A
19103,5A
19105,5A
19107,5A
19109,6A
19111,5A
19113,5A
19115,5A
19117,5A
19119,6A
19121,5A
19123,5A
19125,5A
19127,5A
19129,5A
19131,6A
19133,5A
19135,5A
19137,5A
19139,5A
19141,6A
19143,6A
19145,5A
19147,6A
19149,5A
19151,5A
19153,5A
19155,5A
19157,5A
19159,5A
19161,5A
19163,5A
19165,5A
19167,6A
19169,5A
19171,5A
19173,5A
19175,5A
19177,5A
19179,5A
19181,5A
19183,5A
19185,5A
19187,5A
19189,6A
19191,5A
19193,5A
19195,6A
19197,5A
20001,4A
20003,4A
20005,4A
20007,4A
20009,4A
20011,4A
20013,4A
20015,4A
20017,4A
20019,4A
20021,4A
20023,5A
20025,4A
20027,4A
20029,4A
20031,4A
20033,4A
20035,4A
20037,4A
20039,5A
20041,4A
20043,4A
20045,4A
20047,4A
20049,4A
20051,4A
20053,4A
20055,4A
20057,4A
20059,4A
20061,4A
20063,5A
20065,4A
20067,4A
20069,4A
20071,5A
20073,4A
20075,4A
20077,4A
20079,4A
20081,4A
20083,4A
20085,4A
20087,4A
20089,5A
20091,4A
20093,4A
20095,4A
20097,4A
20099,4A
20101,5A
20103,4A
20105,4A
20107,4A
20109,5A
20111,4A
20113,4A
20115,4A
20117,4A
20119,4A
20121,4A
20123,4A
20125,4A
20127,4A
20129,4A
20131,4A
20133,4A
20135,4A
20137,5A
20139,4A
20141,4A
20143,4A
20145,4A
20147,5A
20149,4A
20151,4A
20153,5A
20155,4A
20157,5A
20159,4A
20161,4A
20163,4A
20165,4A
20167,4A
20169,4A
20171,5A
20173,4A
20175,4A
20177,4A
20179,5A
20181,5A
20183,5A
20185,4A
20187,4A
20189,4A
20191,4A
20193,5A
20195,4A
20197,4A
20199,5A
20201,4A
20203,5A
20205,4A
20207,4A
20209,4A
21001,4A
21003,4A
21005,4A
21007,4A
21009,4A
21011,4A
21013,4A
21015,4A
21017,4A
21019,4A
21021,4A
21023,4A
21025,4A
21027,4A
21029,4A
21031,4A
21033,4A
21035,4A
21037,4A
21039,4A
21041,4A
21043,4A
21045,4A
21047,4A
21049,4A
21051,4A
21053,4A
21055,4A
21057,4A
21059,4A
21061,4A
21063,4A
21065,4A
21067,4A
21069,4A
21071,4A
21073,4A
21075,4A
21077,4A
21079,4A
21081,4A
21083,4A
21085,4A
21087,4A
21089,4A
21091,4A
21093,4A
21095,4A
21097,4A
21099,4A
21101,4A
21103,4A
21105,4A
21107,4A
21109,4A
21111,4A
21113,4A
21115,4A
21117,4A
21119,4A
21121,4A
21123,4A
21125,4A
21127,4A
21129,4A
21131,4A
21133,4A
21135,4A
21137,4A
21139,4A
21141,4A
21143,4A
21145,4A
21147,4A
21149,4A
21151,4A
21153,4A
21155,4A
21157,4A
21159,4A
21161,4A
21163,4A
21165,4A
21167,4A
21169,4A
21171,4A
21173,4A
21175,4A
21177,4A
21179,4A
21181,4A
21183,4A
21185,4A
21187,4A
21189,4A
21191,4A
21193,4A
21195,4A
21197,4A
21199,4A
21201,4A
21203,4A
21205,4A
21207,4A
21209,4A
21211,4A
21213,4A
21215,4A
21217,4A
21219,4A
21221,4A
21223,4A
21225,4A
21227,4A
21229,4A
21231,4A
21233,4A
21235,4A
21237,4A
21239,4A
22001,2A
22003,2A
22005,2A
22007,2A
22009,2A
22011,2A
22013,3A
22015,3A
22017,3A
22019,2A
22021,3A
22023,2A
22025,3A
22027,3A
22029,3A
22031,3A
22033,2A
22035,3A
22037,2A
22039,2A
22041,3A
22043,3A
22045,2A
22047,2A
22049,3A
22051,2A
22053,2A
22055,2A
22057,2A
22059,3A
22061,3A
22063,2A
22065,3A
22067,3A
22069,3A
22071,2A
22073,3A
22075,2A
22077,2A
22079,2A
22081,3A
22083,3A
22085,3A
22087,2A
22089,2A
22091,2A
22093,2A
22095,2A
22097,2A
22099,2A
22101,2A
22103,2A
22105,2A
22107,3A
22109,2A
22111,3A
22113,2A
22115,3A
22117,2A
22119,3A
22121,2A
22123,3A
22125,2A
22127,3A
23001,6A
23003,7
23005,6A
23007,6A
23009,6A
23011,6A
23013,6A
23015,6A
23017,6A
23019,6A
23021,6A
23023,6A
23025,6A
23027,6A
23029,6A
23031,6A
24001,5A
24003,4A
24005,4A
24009,4A
24011,4A
24013,4A
24015,4A
24017,4A
24019,4A
24021,4A
24023,5A
24025,4A
24027,4A
24029,4A
24031,4A
24033,4A
24035,4A
24037,4A
24039,4A
24041,4A
24043,4A
24045,4A
24047,4A
24510,4A
25001,5A
25003,5A
25005,5A
25007,5A
25009,5A
25011,5A
25013,5A
25015,5A
25017,5A
25019,5A
25021,5A
25023,5A
25025,5A
25027,5A
26001,6A
26003,6A
26005,5A
26007,6A
26009,6A
26011,6A
26013,6A
26015,5A
26017,5A
26019,6A
26021,5A
26023,5A
26025,5A
26027,5A
26029,6A
26031,6A
26033,6A
26035,6A
26037,5A
26039,6A
26041,6A
26043,6A
26045,5A
26047,6A
26049,5A
26051,6A
26053,6A
26055,6A
26057,5A
26059,5A
26061,6A
26063,5A
26065,5A
26067,5A
26069,6A
26071,6A
26073,6A
26075,5A
26077,5A
26079,6A
26081,5A
26083,7
26085,6A
26087,5A
26089,6A
26091,5A
26093,5A
26095,6A
26097,6A
26099,5A
26101,6A
26103,7
26105,6A
26107,6A
26109,6A
26111,5A
26113,6A
26115,5A
26117,5A
26119,6A
26121,5A
26123,6A
26125,5A
26127,6A
26129,6A
26131,6A
26133,6A
26135,6A
26137,6A
26139,5A
26141,6A
26143,6A
26145,5A
26147,5A
26149,5A
26151,5A
26153,6A
26155,5A
26157,5A
26159,5A
26161,5A
26163,5A
26165,6A
27001,7
27003,6A
27005,6A
27007,7
27009,6A
27011,6A
27013,6A
27015,6A
27017,7
27019,6A
27021,7
27023,6A
27025,6A
27027,6A
27029,7
27031,7
27033,6A
27035,7
27037,6A
27039,6A
27041,6A
27043,6A
27045,5A
27047,6A
27049,6A
27051,6A
27053,6A
27055,5A
27057,7
27059,6A
27061,7
27063,6A
27065,6A
27067,6A
27069,7
27071,7
27073,6A
27075,7
27077,7
27079,6A
27081,6A
27083,6A
27085,6A
27087,7
27089,7
27091,6A
27093,6A
27095,6A
27097,6A
27099,6A
27101,6A
27103,6A
27105,6A
27107,7
27109,6A
27111,6A
27113,7
27115,7
27117,6A
27119,7
27121,6A
27123,6A
27125,7
27127,6A
27129,6A
27131,6A
27133,6A
27135,7
27137,7
27139,6A
27141,6A
27143,6A
27145,6A
27147,6A
27149,6A
27151,6A
27153,6A
27155,6A
27157,6A
27159,7
27161,6A
27163,6A
27165,6A
27167,6A
27169,5A
27171,6A
27173,6A
28001,3A
28003,3A
28005,3A
28007,3A
28009,3A
28011,3A
28013,3A
28015,3A
28017,3A
28019,3A
28021,3A
28023,3A
28025,3A
28027,3A
28029,3A
28031,3A
28033,3A
28035,3A
28037,3A
28039,2A
28041,3A
28043,3A
28045,2A
28047,2A
28049,3A
28051,3A
28053,3A
28055,3A
28057,3A
28059,2A
28061,3A
28063,3A
28065,3A
28067,3A
28069,3A
28071,3A
28073,3A
28075,3A
28077,3A
28079,3A
28081,3A
28083,3A
28085,3A
28087,3A
28089,3A
28091,3A
28093,3A
28095,3A
28097,3A
28099,3A
28101,3A
28103,3A
28105,3A
28107,3A
28109,2A
28111,3A
28113,3A
28115,3A
28117,3A
28119,3A
28121,3A
28123,3A
28125,3A
28127,3A
28129,3A
28131,2A
28133,3A
28135,3A
28137,3A
28139,3A
28141,3A
28143,3A
28145,3A
28147,3A
28149,3A
28151,3A
28153,3A
28155,3A
28157,3A
28159,3A
28161,3A
28163,3A
29001,5A
29003,5A
29005,5A
29007,4A
29009,4A
29011,4A
29013,4A
29015,4A
29017,4A
29019,4A
29021,4A
29023,4A
29025,4A
29027,4A
29029,4A
29031,4A
29033,4A
29035,4A
29037,4A
29039,4A
29041,4A
29043,4A
29045,5A
29047,4A
29049,4A
29051,4A
29053,4A
29055,4A
29057,4A
29059,4A
29061,5A
29063,5A
29065,4A
29067,4A
29069,3A
29071,4A
29073,4A
29075,5A
29077,4A
29079,5A
29081,5A
29083,4A
29085,4A
29087,5A
29089,4A
29091,4A
29093,4A
29095,4A
29097,4A
29099,4A
29101,4A
29103,5A
29105,4A
29107,4A
29109,4A
29111,5A
29113,4A
29115,5A
29117,5A
29119,4A
29121,5A
29123,4A
29125,4A
29127,5A
29129,5A
29131,4A
29133,4A
29135,4A
29137,4A
29139,4A
29141,4A
29143,4A
29145,4A
29147,5A
29149,4A
29151,4A
29153,4A
29155,3A
29157,4A
29159,4A
29161,4A
29163,5A
29165,4A
29167,4A
29169,4A
29171,5A
29173,5A
29175,4A
29177,4A
29179,4A
29181,4A
29183,4A
29185,4A
29186,4A
29187,4A
29189,4A
29195,4A
29197,5A
29199,5A
29201,4A
29203,4A
29205,5A
29207,4A
29209,4A
29211,5A
29213,4A
29215,4A
29217,4A
29219,4A
29221,4A
29223,4A
29225,4A
29227,5A
29229,4A
29510,4A
30001,6B
30003,6B
30005,6B
30007,6B
30009,6B
30011,6B
30013,6B
30015,6B
30017,6B
30019,6B
30021,6B
30023,6B
30025,6B
30027,6B
30029,6B
30031,6B
30033,6B
30035,6B
30037,6B
30039,6B
30041,6B
30043,6B
30045,6B
30047,6B
30049,6B
30051,6B
30053,6B
30055,6B
30057,6B
30059,6B
30061,6B
30063,6B
30065,6B
30067,6B
30069,6B
30071,6B
30073,6B
30075,6B
30077,6B
30079,6B
30081,6B
30083,6B
30085,6B
30087,6B
30089,6B
30091,6B
30093,6B
30095,6B
30097,6B
30099,6B
30101,6B
30103,6B
30105,6B
30107,6B
30109,6B
30111,6B
31001,5A
31003,5A
31005,5A
31007,5A
31009,5A
31011,5A
31013,5A
31015,5A
31017,5A
31019,5A
31021,5A
31023,5A
31025,5A
31027,5A
31029,5A
31031,5A
31033,5A
31035,5A
31037,5A
31039,5A
31041,5A
31043,5A
31045,5A
31047,5A
31049,5A
31051,5A
31053,5A
31055,5A
31057,5A
31059,5A
31061,5A
31063,5A
31065,5A
31067,5A
31069,5A
31071,5A
31073,5A
31075,5A
31077,5A
31079,5A
31081,5A
31083,5A
31085,5A
31087,5A
31089,5A
31091,5A
31093,5A
31095,5A
31097,5A
31099,5A
31101,5A
31103,5A
31105,5A
31107,5A
31109,5A
31111,5A
31113,5A
31115,5A
31117,5A
31119,5A
31121,5A
31123,5A
31125,5A
31127,5A
31129,5A
31131,5A
31133,5A
31135,5A
31137,5A
31139,5A
31141,5A
31143,5A
31145,5A
31147,5A
31149,5A
31151,5A
31153,5A
31155,5A
31157,5A
31159,5A
31161,5A
31163,5A
31165,5A
31167,5A
31169,5A
31171,5A
31173,5A
31175,5A
31177,5A
31179,5A
31181,5A
31183,5A
31185,5A
32001,5B
32003,3B
32005,4B
32007,5B
32009,4B
32011,5B
32013,5B
32015,5B
32017,4B
32019,4B
32021,4B
32023,4B
32027,5B
32029,5B
32031,5B
32033,5B
32510,4B
33001,6A
33003,6A
33005,5A
33007,6A
33009,6A
33011,5A
33013,5A
33015,5A
33017,5A
33019,6A
34001,4A
34003,5A
34005,4A
34007,4A
34009,4A
34011,4A
34013,4A
34015,4A
34017,4A
34019,5A
34021,5A
34023,4A
34025,4A
34027,5A
34029,4A
34031,5A
34033,4A
34035,5A
34037,5A
34039,4A
34041,5A
35001,4B
35003,4B
35005,3B
35006,4B
35007,5B
35009,4B
35011,4B
35013,3B
35015,3B
35017,4B
35019,4B
35021,5B
35023,3B
35025,3B
35027,4B
35028,5B
35029,3B
35031,5B
35033,5B
35035,3B
35037,4B
35039,5B
35041,4B
35043,5B
35045,5B
35047,5B
35049,5B
35051,3B
35053,4B
35055,5B
35057,5B
35059,4B
35061,4B
36001,5A
36003,5A
36005,4A
36007,5A
36009,5A
36011,5A
36013,5A
36015,5A
36017,6A
36019,6A
36021,5A
36023,5A
36025,6A
36027,5A
36029,5A
36031,6A
36033,6A
36035,6A
36037,5A
36039,5A
36041,6A
36043,6A
36045,6A
36047,4A
36049,6A
36051,5A
36053,6A
36055,5A
36057,6A
36059,4A
36061,4A
36063,5A
36065,6A
36067,5A
36069,5A
36071,5A
36073,5A
36075,5A
36077,6A
36079,5A
36081,4A
36083,5A
36085,4A
36087,5A
36089,6A
36091,5A
36093,5A
36095,5A
36097,5A
36099,5A
36101,5A
36103,4A
36105,6A
36107,5A
36109,5A
36111,6A
36113,6A
36115,5A
36117,5A
36119,4A
36121,5A
36123,5A
37001,3A
37003,3A
37005,5A
37007,3A
37009,5A
37011,5A
37013,3A
37015,3A
37017,3A
37019,3A
37021,4A
37023,4A
37025,3A
37027,4A
37029,3A
37031,3A
37033,3A
37035,3A
37037,3A
37039,3A
37041,3A
37043,3A
37045,3A
37047,3A
37049,3A
37051,3A
37053,3A
37055,3A
37057,3A
37059,3A
37061,3A
37063,3A
37065,3A
37067,3A
37069,3A
37071,3A
37073,3A
37075,4A
37077,3A
37079,3A
37081,3A
37083,3A
37085,3A
37087,4A
37089,4A
37091,3A
37093,3A
37095,3A
37097,3A
37099,4A
37101,3A
37103,3A
37105,3A
37107,3A
37109,3A
37111,4A
37113,4A
37115,4A
37117,3A
37119,3A
37121,4A
37123,3A
37125,3A
37127,3A
37129,3A
37131,3A
37133,3A
37135,3A
37137,3A
37139,3A
37141,3A
37143,3A
37145,3A
37147,3A
37149,3A
37151,3A
37153,3A
37155,3A
37157,3A
37159,3A
37161,3A
37163,3A
37165,3A
37167,3A
37169,4A
37171,4A
37173,4A
37175,4A
37177,3A
37179,3A
37181,3A
37183,3A
37185,3A
37187,3A
37189,5A
37191,3A
37193,3A
37195,3A
37197,4A
37199,5A
38001,6A
38003,6A
38005,7
38007,6A
38009,7
38011,6A
38013,7
38015,6A
38017,6A
38019,7
38021,6A
38023,7
38025,6A
38027,6A
38029,6A
38031,6A
38033,6A
38035,7
38037,6A
38039,6A
38041,6A
38043,6A
38045,6A
38047,6A
38049,7
38051,6A
38053,6A
38055,6A
38057,6A
38059,6A
38061,6A
38063,7
38065,6A
38067,7
38069,7
38071,7
38073,6A
38075,7
38077,6A
38079,7
38081,6A
38083,6A
38085,6A
38087,6A
38089,6A
38091,6A
38093,6A
38095,7
38097,6A
38099,7
38101,7
38103,6A
38105,6A
39001,4A
39003,5A
39005,5A
39007,5A
39009,4A
39011,5A
39013,5A
39015,4A
39017,4A
39019,5A
39021,5A
39023,5A
39025,4A
39027,4A
39029,5A
39031,5A
39033,5A
39035,5A
39037,5A
39039,5A
39041,5A
39043,5A
39045,5A
39047,4A
39049,4A
39051,5A
39053,4A
39055,5A
39057,4A
39059,5A
39061,4A
39063,5A
39065,5A
39067,5A
39069,5A
39071,4A
39073,4A
39075,5A
39077,5A
39079,4A
39081,5A
39083,5A
39085,5A
39087,4A
39089,5A
39091,5A
39093,5A
39095,5A
39097,4A
39099,5A
39101,5A
39103,5A
39105,4A
39107,5A
39109,5A
39111,5A
39113,5A
39115,5A
39117,5A
39119,5A
39121,5A
39123,5A
39125,5A
39127,5A
39129,4A
39131,4A
39133,5A
39135,5A
39137,5A
39139,5A
39141,4A
39143,5A
39145,4A
39147,5A
39149,5A
39151,5A
39153,5A
39155,5A
39157,5A
39159,5A
39161,5A
39163,4A
39165,4A
39167,4A
39169,5A
39171,5A
39173,5A
39175,5A
40001,3A
40003,4A
40005,3A
40007,4B
40009,3A
40011,3A
40013,3A
40015,3A
40017,3A
40019,3A
40021,3A
40023,3A
40025,4B
40027,3A
40029,3A
40031,3A
40033,3A
40035,4A
40037,3A
40039,3A
40041,4A
40043,3A
40045,4A
40047,4A
40049,3A
40051,3A
40053,4A
40055,3A
40057,3A
40059,4A
40061,3A
40063,3A
40065,3A
40067,3A
40069,3A
40071,4A
40073,3A
40075,3A
40077,3A
40079,3A
40081,3A
40083,3A
40085,3A
40087,3A
40089,3A
40091,3A
40093,4A
40095,3A
40097,3A
40099,3A
40101,3A
40103,3A
40105,4A
40107,3A
40109,3A
40111,3A
40113,4A
40115,4A
40117,3A
40119,3A
40121,3A
40123,3A
40125,3A
40127,3A
40129,3A
40131,3A
40133,3A
40135,3A
40137,3A
40139,4B
40141,3A
40143,3A
40145,3A
40147,4A
40149,3A
40151,4A
40153,4A
41001,5B
41003,4C
41005,4C
41007,4C
41009,4C
41011,4C
41013,5B
41015,4C
41017,5B
41019,4C
41021,5B
41023,5B
41025,5B
41027,5B
41029,4C
41031,5B
41033,4C
41035,5B
41037,5B
41039,4C
41041,4C
41043,4C
41045,5B
41047,4C
41049,5B
41051,4C
41053,4C
41055,5B
41057,4C
41059,5B
41061,5B
41063,5B
41065,5B
41067,4C
41069,5B
41071,4C
42001,4A
42003,5A
42005,5A
42007,5A
42009,5A
42011,4A
42013,5A
42015,5A
42017,4A
42019,5A
42021,5A
42023,5A
42025,5A
42027,5A
42029,4A
42031,5A
42033,5A
42035,5A
42037,5A
42039,5A
42041,4A
42043,4A
42045,4A
42047,5A
42049,5A
42051,5A
42053,5A
42055,4A
42057,5A
42059,5A
42061,5A
42063,5A
42065,5A
42067,5A
42069,5A
42071,4A
42073,5A
42075,4A
42077,5A
42079,5A
42081,5A
42083,5A
42085,5A
42087,5A
42089,5A
42091,4A
42093,5A
42095,5A
42097,5A
42099,4A
42101,4A
42103,5A
42105,5A
42107,5A
42109,5A
42111,5A
42113,5A
42115,5A
42117,5A
42119,5A
42121,5A
42123,5A
42125,5A
42127,5A
42129,5A
42131,5A
42133,4A
44001,5A
44003,5A
44005,5A
44007,5A
44009,5A
45001,3A
45003,3A
45005,3A
45007,3A
45009,3A
45011,3A
45013,2A
45015,3A
45017,3A
45019,3A
45021,3A
45023,3A
45025,3A
45027,3A
45029,3A
45031,3A
45033,3A
45035,3A
45037,3A
45039,3A
45041,3A
45043,3A
45045,3A
45047,3A
45049,3A
45051,3A
45053,2A
45055,3A
45057,3A
45059,3A
45061,3A
45063,3A
45065,3A
45067,3A
45069,3A
45071,3A
45073,3A
45075,3A
45077,3A
45079,3A
45081,3A
45083,3A
45085,3A
45087,3A
45089,3A
45091,3A
46003,6A
46005,6A
46007,5A
46009,5A
46011,6A
46013,6A
46015,5A
46017,6A
46019,6A
46021,6A
46023,5A
46025,6A
46027,5A
46029,6A
46031,6A
46033,6A
46035,6A
46037,6A
46039,6A
46041,6A
46043,5A
46045,6A
46047,6A
46049,6A
46051,6A
46053,5A
46055,5A
46057,6A
46059,6A
46061,6A
46063,6A
46065,6A
46067,5A
46069,6A
46071,5A
46073,6A
46075,5A
46077,6A
46079,6A
46081,6A
46083,6A
46085,5A
46087,6A
46089,6A
46091,6A
46093,6A
46095,5A
46097,6A
46099,6A
46101,6A
46102,6A
46103,6A
46105,6A
46107,6A
46109,6A
46111,6A
46115,6A
46117,5A
46119,6A
46121,5A
46123,5A
46125,6A
46127,5A
46129,6A
46135,5A
46137,6A
47001,4A
47003,3A
47005,4A
47007,4A
47009,4A
47011,4A
47013,4A
47015,4A
47017,4A
47019,4A
47021,4A
47023,3A
47025,4A
47027,4A
47029,4A
47031,3A
47033,3A
47035,4A
47037,3A
47039,3A
47041,4A
47043,4A
47045,3A
47047,3A
47049,4A
47051,3A
47053,3A
47055,3A
47057,4A
47059,4A
47061,3A
47063,4A
47065,3A
47067,4A
47069,3A
47071,3A
47073,4A
47075,3A
47077,3A
47079,4A
47081,3A
47083,4A
47085,4A
47087,4A
47089,4A
47091,4A
47093,4A
47095,4A
47097,3A
47099,3A
47101,3A
47103,3A
47105,4A
47107,4A
47109,3A
47111,4A
47113,3A
47115,3A
47117,3A
47119,3A
47121,4A
47123,4A
47125,4A
47127,3A
47129,4A
47131,4A
47133,4A
47135,3A
47137,4A
47139,4A
47141,4A
47143,4A
47145,4A
47147,4A
47149,3A
47151,4A
47153,4A
47155,4A
47157,3A
47159,4A
47161,4A
47163,4A
47165,4A
47167,3A
47169,4A
47171,4A
47173,4A
47175,4A
47177,4A
47179,4A
47181,3A
47183,4A
47185,4A
47187,3A
47189,4A
48001,2A
48003,3B
48005,2A
48007,2A
48009,3A
48011,4B
48013,2A
48015,2A
48017,4B
48019,2B
48021,2A
48023,3B
48025,2A
48027,2A
48029,2A
48031,3A
48033,3B
48035,2A
48037,3A
48039,2A
48041,2A
48043,3B
48045,4B
48047,2A
48049,3A
48051,2A
48053,3A
48055,2A
48057,2A
48059,3B
48061,1A
48063,3A
48065,4B
48067,3A
48069,4B
48071,2A
48073,2A
48075,3B
48077,3A
48079,4B
48081,3B
48083,3B
48085,3A
48087,3B
48089,2A
48091,2A
48093,3A
48095,3B
48097,3A
48099,2A
48101,3B
48103,3B
48105,3B
48107,3B
48109,3B
48111,4B
48113,2A
48115,3B
48117,4B
48119,3A
48121,3A
48123,2A
48125,3B
48127,2B
48129,4B
48131,2A
48133,3A
48135,3B
48137,2B
48139,2A
48141,3B
48143,3A
48145,2A
48147,3A
48149,2A
48151,3B
48153,4B
48155,3B
48157,2A
48159,3A
48161,2A
48163,2B
48165,3B
48167,2A
48169,3B
48171,3A
48173,3B
48175,2A
48177,2A
48179,4B
48181,3A
48183,3A
48185,2A
48187,2A
48189,4B
48191,3B
48193,3A
48195,4B
48197,3B
48199,2A
48201,2A
48203,3A
48205,4B
48207,3B
48209,2A
48211,3B
48213,3A
48215,1A
48217,2A
48219,4B
48221,3A
48223,3A
48225,2A
48227,3B
48229,3B
48231,3A
48233,4B
48235,3B
48237,3A
48239,2A
48241,2A
48243,3B
48245,2A
48247,2A
48249,2A
48251,2A
48253,3B
48255,2A
48257,3A
48259,3A
48261,2A
48263,3B
48265,3B
48267,3B
48269,3B
48271,2B
48273,2A
48275,3B
48277,3A
48279,4B
48281,3A
48283,2B
48285,2A
48287,2A
48289,2A
48291,2A
48293,2A
48295,4B
48297,2A
48299,3A
48301,3B
48303,3B
48305,3B
48307,3B
48309,2A
48311,2A
48313,2A
48315,3A
48317,3B
48319,3B
48321,2A
48323,2B
48325,2B
48327,3B
48329,3B
48331,2A
48333,3A
48335,3B
48337,3A
48339,2A
48341,4B
48343,3A
48345,3B
48347,3A
48349,2A
48351,2A
48353,3B
48355,2A
48357,4B
48359,4B
48361,2A
48363,3A
48365,3A
48367,3A
48369,4B
48371,3B
48373,2A
48375,4B
48377,3B
48379,3A
48381,4B
48383,3B
48385,2B
48387,3A
48389,3B
48391,2A
48393,4B
48395,2A
48397,3A
48399,3B
48401,3A
48403,3A
48405,3A
48407,2A
48409,2A
48411,3A
48413,3B
48415,3B
48417,3B
48419,3A
48421,4B
48423,3A
48425,3A
48427,2A
48429,3A
48431,3B
48433,3B
48435,3B
48437,4B
48439,2A
48441,3B
48443,3B
48445,3B
48447,3B
48449,3A
48451,3B
48453,2A
48455,2A
48457,2A
48459,3A
48461,3B
48463,2B
48465,2B
48467,3A
48469,2A
48471,2A
48473,2A
48475,3B
48477,2A
48479,2B
48481,2A
48483,3B
48485,3A
48487,3B
48489,1A
48491,2A
48493,2A
48495,3B
48497,3A
48499,3A
48501,4B
48503,3A
48505,2B
48507,2B
49001,5B
49003,5B
49005,5B
49007,5B
49009,6B
49011,5B
49013,6B
49015,5B
49017,5B
49019,5B
49021,5B
49023,5B
49025,5B
49027,5B
49029,6B
49031,5B
49033,6B
49035,5B
49037,5B
49039,5B
49041,5B
49043,6B
49045,5B
49047,6B
49049,5B
49051,6B
49053,3B
49055,5B
49057,5B
50001,6A
50003,6A
50005,6A
50007,6A
50009,6A
50011,6A
50013,6A
50015,6A
50017,6A
50019,6A
50021,6A
50023,6A
50025,6A
50027,6A
51001,4A
51003,4A
51005,5A
51007,4A
51009,4A
51011,4A
51013,4A
51015,4A
51017,5A
51019,4A
51021,4A
51023,4A
51025,3A
51027,4A
51029,4A
51031,4A
51033,4A
51035,4A
51036,4A
51037,4A
51041,4A
51043,4A
51045,4A
51047,4A
51049,4A
51051,4A
51053,4A
51057,4A
51059,4A
51061,4A
51063,4A
51065,4A
51067,3A
51069,4A
51071,4A
51073,4A
51075,4A
51077,4A
51079,4A
51081,3A
51083,3A
51085,4A
51087,4A
51089,4A
51091,5A
51093,3A
51095,4A
51097,4A
51099,4A
51101,4A
51103,4A
51105,4A
51107,4A
51109,4A
51111,4A
51113,4A
51115,4A
51117,3A
51119,4A
51121,4A
51125,4A
51127,4A
51131,4A
51133,4A
51135,4A
51137,4A
51139,4A
51141,4A
51143,3A
51145,4A
51147,4A
51149,4A
51153,4A
51155,4A
51157,4A
51159,4A
51161,4A
51163,4A
51165,4A
51167,4A
51169,4A
51171,4A
51173,4A
51175,3A
51177,4A
51179,4A
51181,3A
51183,3A
51185,4A
51187,4A
51191,4A
51193,4A
51195,4A
51197,4A
51199,4A
51510,4A
51515,4A
51520,4A
51530,4A
51540,4A
51550,3A
51570,4A
51580,5A
51590,4A
51595,3A
51600,4A
51610,4A
51620,3A
51630,4A
51640,4A
51650,3A
51660,4A
51670,4A
51678,4A
51680,4A
51683,4A
51685,4A
51690,4A
51700,3A
51710,3A
51720,4A
51730,4A
51735,4A
51740,3A
51750,4A
51760,4A
51770,4A
51775,4A
51790,4A
51800,3A
51810,3A
51820,4A
51830,4A
51840,4A
53001,5B
53003,5B
53005,5B
53007,5B
53009,5C
53011,4C
53013,5B
53015,4C
53017,5B
53019,6B
53021,5B
53023,5B
53025,5B
53027,4C
53029,5C
53031,4C
53033,4C
53035,5C
53037,5B
53039,5B
53041,4C
53043,5B
53045,4C
53047,5B
53049,4C
53051,6B
53053,4C
53055,5C
53057,4C
53059,5B
53061,4C
53063,5B
53065,6B
53067,4C
53069,4C
53071,5B
53073,4C
53075,5B
53077,5B
54001,5A
54003,4A
54005,4A
54007,4A
54009,5A
54011,4A
54013,4A
54015,4A
54017,4A
54019,4A
54021,4A
54023,5A
54025,4A
54027,5A
54029,5A
54031,5A
54033,5A
54035,4A
54037,4A
54039,4A
54041,4A
54043,4A
54045,4A
54047,4A
54049,5A
54051,5A
54053,4A
54055,4A
54057,5A
54059,4A
54061,5A
54063,4A
54065,4A
54067,4A
54069,5A
54071,5A
54073,4A
54075,5A
54077,5A
54079,4A
54081,4A
54083,5A
54085,4A
54087,4A
54089,4A
54091,5A
54093,5A
54095,4A
54097,4A
54099,4A
54101,4A
54103,5A
54105,4A
54107,4A
54109,4A
55001,5A
55003,6A
55005,6A
55007,6A
55009,6A
55011,6A
55013,6A
55015,5A
55017,6A
55019,6A
55021,5A
55023,5A
55025,5A
55027,5A
55029,6A
55031,6A
55033,6A
55035,6A
55037,6A
55039,5A
55041,6A
55043,5A
55045,5A
55047,5A
55049,5A
55051,6A
55053,6A
55055,5A
55057,5A
55059,5A
55061,6A
55063,5A
55065,5A
55067,6A
55069,6A
55071,6A
55073,6A
55075,6A
55077,6A
55078,6A
55079,5A
55081,5A
55083,6A
55085,6A
55087,5A
55089,5A
55091,6A
55093,6A
55095,6A
55097,6A
55099,6A
55101,5A
55103,5A
55105,5A
55107,6A
55109,6A
55111,5A
55113,6A
55115,6A
55117,6A
55119,6A
55121,6A
55123,5A
55125,6A
55127,5A
55129,6A
55131,5A
55133,5A
55135,6A
55137,5A
55139,5A
55141,6A
56001,6B
56003,6B
56005,6B
56007,6B
56009,6B
56011,6B
56013,6B
56015,5B
56017,6B
56019,6B
56021,5B
56023,7
56025,6B
56027,6B
56029,6B
56031,5B
56033,6B
56035,7
56037,6B
56039,7
56041,6B
56043,6B
56045,6B
60010,1A
60020,1A
60030,1A
60040,1A
60050,1A
66010,1A
69085,1A
69100,1A
69110,1A
69120,1A
72001,1A
72003,1A
72005,1A
72007,1A
72009,1A
72011,1A
72013,1A
72015,1A
72017,1A
72019,1A
72021,1A
72023,1A
72025,1A
72027,1A
72029,1A
72031,1A
72033,1A
72035,1A
72037,1A
72039,1A
72041,1A
72043,1A
72045,1A
72047,1A
72049,1A
72051,1A
72053,1A
72054,1A
72055,1A
72057,1A
72059,1A
72061,1A
72063,1A
72065,1A
72067,1A
72069,1A
72071,1A
72073,1A
72075,1A
72077,1A
72079,1A
72081,1A
72083,1A
72085,1A
72087,1A
72089,1A
72091,1A
72093,1A
72095,1A
72097,1A
72099,1A
72101,1A
72103,1A
72105,1A
72107,1A
72109,1A
72111,1A
72113,1A
72115,1A
72117,1A
72119,1A
72121,1A
72123,1A
72125,1A
72127,1A
72129,1A
72131,1A
72133,1A
72135,1A
72137,1A
72139,1A
72141,1A
72143,1A
72145,1A
72147,1A
72149,1A
72151,1A
72153,1A
74300,1A
78010,1A
78020,1A
78030,1A
