geoid,state,school_mo_rate,school_is_rate,is_exempt_weight,owner_exempt_value,resolved
48001,TX,0.007743,0.00258,1.0,100000,county
48003,TX,0.006769,0.002,0.0,100000,county
48005,TX,0.007547,0.002058,1.0,100000,county
48007,TX,0.006765,0.001057,1.0,100000,county
48009,TX,0.007626,0.003559,1.0,100000,county
48011,TX,0.007051,0.00059,0.0309,100000,county
48013,TX,0.007549,0.00256,1.0,100000,county
48015,TX,0.007091,0.002649,0.4981,100000,county
48017,TX,0.008019,0.002509,0.7062,100000,county
48019,TX,0.006806,0.001118,1.0,100000,county
48021,TX,0.006945,0.003806,0.8633,100000,county
48023,TX,0.006706,1.5e-05,0.0077,100000,county
48025,TX,0.007503,0.002285,0.1498,100000,county
48027,TX,0.007155,0.003121,0.9779,100000,county
48029,TX,0.006995,0.003347,1.0,100000,county
48031,TX,0.006719,0.001533,1.0,100000,county
48033,TX,0.006961,5.4e-05,0.0208,100000,county
48035,TX,0.006674,0.001348,0.6262,100000,county
48037,TX,0.007413,0.003466,0.5599,100000,county
48039,TX,0.007411,0.003003,0.4176,100000,county
48041,TX,0.006874,0.002736,1.0,100000,county
48043,TX,0.007402,0.001523,0.2918,100000,county
48045,TX,0.006898,0.002564,0.1144,100000,county
48047,TX,0.008238,0.005,1.0,100000,county
48049,TX,0.006891,0.002197,0.8996,100000,county
48051,TX,0.007293,0.001856,1.0,100000,county
48053,TX,0.006748,0.002077,1.0,100000,county
48055,TX,0.00691,0.002583,1.0,100000,county
48057,TX,0.006961,0.000587,0.0,100000,county
48059,TX,0.00732,0.002163,0.5594,100000,county
48061,TX,0.007502,0.001756,0.8399,100000,county
48063,TX,0.006669,0.0045,1.0,100000,county
48065,TX,0.007372,0.002776,0.7898,100000,county
48067,TX,0.007657,0.000647,1.0,100000,county
48069,TX,0.007723,0.002793,0.2959,100000,county
48071,TX,0.007859,0.002709,0.3004,100000,county
48073,TX,0.007047,0.003259,1.0,100000,county
48075,TX,0.006705,0.0,0.0399,100000,county
48077,TX,0.007239,0.003424,0.7821,100000,county
48079,TX,0.007335,0.002413,0.082,100000,county
48081,TX,0.006841,0.003944,0.2007,100000,county
48083,TX,0.007323,0.000366,1.0,100000,county
48085,TX,0.007698,0.003377,0.6743,100000,county
48087,TX,0.007409,1.4e-05,1.0,100000,county
48089,TX,0.006788,0.00144,1.0,100000,county
48091,TX,0.007278,0.003479,1.0,100000,county
48093,TX,0.007395,0.002032,0.9947,100000,county
48095,TX,0.007248,0.002068,0.0562,100000,county
48097,TX,0.007236,0.001442,0.8959,100000,county
48099,TX,0.00734,0.001149,1.0,100000,county
48101,TX,0.007279,0.0,1.0,100000,county
48103,TX,0.006692,0.002631,0.0,100000,county
48105,TX,0.007497,0.003943,0.0,100000,county
48107,TX,0.007468,0.001192,0.5967,100000,county
48109,TX,0.00719,0.00241,0.0,100000,county
48111,TX,0.007253,0.002344,1.0,100000,county
48113,TX,0.007418,0.002768,1.0,100000,county
48115,TX,0.007654,0.002188,0.422,100000,county
48117,TX,0.007049,0.001079,0.0138,100000,county
48119,TX,0.0075,0.001752,0.1485,100000,county
48121,TX,0.007245,0.004012,1.0,100000,county
48123,TX,0.00681,0.000998,1.0,100000,county
48125,TX,0.007366,0.001063,1.0,100000,county
48127,TX,0.007151,0.00135,0.0,100000,county
48129,TX,0.007996,8.2e-05,0.2626,100000,county
48131,TX,0.007518,0.003914,0.7363,100000,county
48133,TX,0.006864,0.000606,1.0,100000,county
48135,TX,0.007596,0.002544,0.0,100000,county
48137,TX,0.007177,0.001254,1.0,100000,county
48139,TX,0.007218,0.004017,1.0,100000,county
48141,TX,0.00737,0.003669,1.0,100000,county
48143,TX,0.006935,0.002188,0.9315,100000,county
48145,TX,0.006996,0.004092,0.2406,100000,county
48147,TX,0.007044,0.003066,0.5776,100000,county
48149,TX,0.007045,0.001015,0.7975,100000,county
48151,TX,0.007478,0.002343,0.2046,100000,county
48153,TX,0.007889,0.004088,0.3281,100000,county
48155,TX,0.008036,0.001002,0.0013,100000,county
48157,TX,0.007096,0.003485,0.9809,100000,county
48159,TX,0.006745,0.003325,1.0,100000,county
48161,TX,0.007115,0.001614,1.0,100000,county
48163,TX,0.007638,0.001795,0.3637,100000,county
48165,TX,0.006754,0.001382,1.0,100000,county
48167,TX,0.007194,0.002757,0.8489,100000,county
48169,TX,0.006914,0.003991,0.7996,100000,county
48171,TX,0.006669,0.000974,1.0,100000,county
48173,TX,0.006992,0.000708,0.0,100000,county
48175,TX,0.006953,0.004812,0.0,100000,county
48177,TX,0.006996,0.00229,1.0,100000,county
48179,TX,0.007553,0.004251,0.8667,100000,county
48181,TX,0.007441,0.004173,1.0,100000,county
48183,TX,0.006862,0.004596,1.0,100000,county
48185,TX,0.006712,0.002484,0.8204,100000,county
48187,TX,0.006908,0.004166,1.0,100000,county
48189,TX,0.0082,0.00448,0.7833,100000,county
48191,TX,0.008038,0.000385,1.0,100000,county
48193,TX,0.007443,0.000385,0.4166,100000,county
48195,TX,0.007839,0.004134,0.2617,100000,county
48197,TX,0.007057,0.001199,0.0005,100000,county
48199,TX,0.007276,0.002563,1.0,100000,county
48201,TX,0.007235,0.002802,0.8775,100000,county
48203,TX,0.006773,0.001965,1.0,100000,county
48205,TX,0.00712,0.002034,1.0,100000,county
48207,TX,0.006921,0.003423,0.085,100000,county
48209,TX,0.007001,0.003937,1.0,100000,county
48211,TX,0.007031,0.002284,1.0,100000,county
48213,TX,0.006926,0.002752,1.0,100000,county
48215,TX,0.007922,0.002041,0.7812,100000,county
48217,TX,0.007498,0.003015,0.4496,100000,county
48219,TX,0.007516,0.001852,1.0,100000,county
48221,TX,0.007793,0.001559,1.0,100000,county
48223,TX,0.00683,0.002965,0.1938,100000,county
48225,TX,0.006672,0.001854,0.6743,100000,county
48227,TX,0.006691,0.001473,0.5281,100000,county
48229,TX,0.007326,0.001662,1.0,100000,county
48231,TX,0.00717,0.003381,1.0,100000,county
48233,TX,0.007458,0.002955,1.0,100000,county
48235,TX,0.006701,0.0013,0.0,100000,county
48237,TX,0.006765,0.003915,1.0,100000,county
48239,TX,0.007045,0.002351,0.7315,100000,county
48241,TX,0.007444,0.00225,1.0,100000,county
48243,TX,0.007329,0.0,1.0,100000,county
48245,TX,0.007903,0.00276,0.0487,100000,county
48247,TX,0.00738,0.003777,1.0,100000,county
48249,TX,0.007351,0.003986,1.0,100000,county
48251,TX,0.00754,0.004563,1.0,100000,county
48253,TX,0.007615,0.001917,0.6923,100000,county
48255,TX,0.00673,0.00224,1.0,100000,county
48257,TX,0.007538,0.00427,0.9724,100000,county
48259,TX,0.006672,0.00315,1.0,100000,county
48261,TX,0.00746,0.000139,0.0057,100000,county
48263,TX,0.007798,0.000288,0.0438,100000,county
48265,TX,0.006679,0.001644,1.0,100000,county
48267,TX,0.006692,1e-05,1.0,100000,county
48269,TX,0.007386,0.002785,1.0,100000,county
48271,TX,0.006669,0.0,0.0,100000,county
48273,TX,0.007642,0.003922,1.0,100000,county
48275,TX,0.007897,0.002488,0.0946,100000,county
48277,TX,0.00691,0.00279,0.7864,100000,county
48279,TX,0.007241,0.002248,0.2213,100000,county
48281,TX,0.007429,0.00245,1.0,100000,county
48283,TX,0.007298,0.00133,1.0,100000,county
48285,TX,0.006679,0.001948,1.0,100000,county
48287,TX,0.007282,0.001519,1.0,100000,county
48289,TX,0.006987,0.002831,1.0,100000,county
48291,TX,0.006901,0.002785,1.0,100000,county
48293,TX,0.007368,0.002881,0.7361,100000,county
48295,TX,0.007669,0.003412,1.0,100000,county
48297,TX,0.006745,0.001052,1.0,100000,county
48299,TX,0.006676,0.001227,1.0,100000,county
48301,TX,0.008092,0.0,0.0,100000,county
48303,TX,0.007282,0.003125,1.0,100000,county
48305,TX,0.007887,0.003546,0.3721,100000,county
48313,TX,0.007518,0.001592,1.0,100000,county
48315,TX,0.00719,0.000625,1.0,100000,county
48317,TX,0.007083,0.000293,0.657,100000,county
48319,TX,0.007866,0.003171,1.0,100000,county
48321,TX,0.006777,0.002362,0.2756,100000,county
48323,TX,0.007553,0.000707,1.0,100000,county
48307,TX,0.00719,0.002097,0.2178,100000,county
48309,TX,0.007293,0.002762,0.9628,100000,county
48311,TX,0.007101,0.001778,1.0,100000,county
48325,TX,0.006867,0.003836,1.0,100000,county
48327,TX,0.00688,0.000104,1.0,100000,county
48329,TX,0.006752,0.002192,0.101,100000,county
48331,TX,0.007209,0.003262,0.8137,100000,county
48333,TX,0.006834,0.001654,0.1709,100000,county
48335,TX,0.007321,0.002256,1.0,100000,county
48337,TX,0.006967,0.001932,1.0,100000,county
48339,TX,0.006828,0.003226,1.0,100000,county
48341,TX,0.007134,0.003956,1.0,100000,county
48343,TX,0.007237,0.001548,1.0,100000,county
48345,TX,0.00736,7e-06,1.0,100000,county
48347,TX,0.00744,0.003152,1.0,100000,county
48349,TX,0.006814,0.002444,0.2754,100000,county
48351,TX,0.00733,0.002101,1.0,100000,county
48353,TX,0.007383,0.001933,0.1504,100000,county
48355,TX,0.006919,0.002401,0.9337,100000,county
48357,TX,0.007705,0.002575,1.0,100000,county
48359,TX,0.008309,0.004355,0.3214,100000,county
48361,TX,0.007575,0.002274,0.6785,100000,county
48363,TX,0.007031,0.001831,1.0,100000,county
48365,TX,0.006753,0.002464,0.2664,100000,county
48367,TX,0.007497,0.003364,1.0,100000,county
48369,TX,0.006884,0.003356,0.3967,100000,county
48371,TX,0.006922,0.00318,0.0,100000,county
48373,TX,0.00728,0.002305,0.294,100000,county
48375,TX,0.007026,0.002212,1.0,100000,county
48377,TX,0.007045,0.001636,1.0,100000,county
48379,TX,0.006696,0.000921,1.0,100000,county
48381,TX,0.00689,0.002227,0.4019,100000,county
48383,TX,0.007485,0.0014,0.0,100000,county
48385,TX,0.006857,0.001225,1.0,100000,county
48387,TX,0.007919,0.002709,0.4915,100000,county
48389,TX,0.006712,0.003354,0.018,100000,county
48391,TX,0.007278,0.003932,0.5944,100000,county
48393,TX,0.007867,0.004631,1.0,100000,county
48395,TX,0.007223,0.002544,1.0,100000,county
48397,TX,0.006819,0.003838,1.0,100000,county
48399,TX,0.007699,0.000693,1.0,100000,county
48401,TX,0.007789,0.001989,1.0,100000,county
48403,TX,0.006889,0.00077,1.0,100000,county
48405,TX,0.007434,0.00396,1.0,100000,county
48407,TX,0.007075,0.001391,1.0,100000,county
48409,TX,0.007295,0.00318,0.0351,100000,county
48411,TX,0.00688,0.000378,1.0,100000,county
48413,TX,0.007708,0.0,0.0,100000,county
48415,TX,0.006834,0.001101,0.1425,100000,county
48417,TX,0.006999,0.000567,1.0,100000,county
48419,TX,0.007496,0.002202,1.0,100000,county
48421,TX,0.007465,0.001411,1.0,100000,county
48423,TX,0.006991,0.002549,1.0,100000,county
48425,TX,0.00717,0.000727,1.0,100000,county
48427,TX,0.007249,0.004391,0.0516,100000,county
48429,TX,0.006712,4e-06,1.0,100000,county
48431,TX,0.007355,0.0,0.0,100000,county
48433,TX,0.006947,0.002611,0.849,100000,county
48435,TX,0.010322,0.0,1.0,100000,county
48437,TX,0.007707,0.002311,0.3715,100000,county
48439,TX,0.007567,0.00334,1.0,100000,county
48441,TX,0.006831,0.003483,1.0,100000,county
48443,TX,0.012279,0.0,1.0,100000,county
48445,TX,0.008055,0.005269,1.0,100000,county
48447,TX,0.008144,0.003371,0.0412,100000,county
48449,TX,0.006852,0.001943,1.0,100000,county
48451,TX,0.007283,0.001315,0.813,100000,county
48453,TX,0.007926,0.001897,0.9334,100000,county
48455,TX,0.006895,0.0009,1.0,100000,county
48457,TX,0.006958,0.003552,1.0,100000,county
48459,TX,0.007499,0.002649,1.0,100000,county
48461,TX,0.006984,0.002105,0.0,100000,county
48463,TX,0.006975,0.000344,0.3329,100000,county
48465,TX,0.00749,0.001842,1.0,100000,county
48467,TX,0.007185,0.002555,1.0,100000,county
48469,TX,0.006971,0.001158,1.0,100000,county
48471,TX,0.00715,0.001509,1.0,100000,county
48473,TX,0.007226,0.003766,1.0,100000,county
48475,TX,0.006694,0.003426,0.7023,100000,county
48477,TX,0.00683,0.001104,1.0,100000,county
48479,TX,0.006705,0.001662,0.1033,100000,county
48481,TX,0.007314,0.002691,0.4129,100000,county
48483,TX,0.007029,0.001437,1.0,100000,county
48485,TX,0.007198,0.003888,1.0,100000,county
48487,TX,0.007124,0.002519,0.0572,100000,county
48489,TX,0.007552,0.002912,0.2502,100000,county
48491,TX,0.007246,0.003083,0.9776,100000,county
48493,TX,0.006671,0.003052,1.0,100000,county
48495,TX,0.007689,0.001252,0.3738,100000,county
48497,TX,0.00677,0.002739,1.0,100000,county
48499,TX,0.007266,0.001837,1.0,100000,county
48501,TX,0.007483,0.003256,1.0,100000,county
48503,TX,0.007185,0.003049,0.1808,100000,county
48505,TX,0.007237,0.00235,0.0,100000,county
48507,TX,0.006837,0.002463,1.0,100000,county
