county_fips,specific_yield_kwh_kwp,irradiation_kwh_m2
01001,1407.1,1929.2
01003,1444.8,1967.2
01005,1427.6,1963.1
01007,1384.2,1902.6
01009,1365.7,1865.9
01011,1418.5,1950.6
01013,1415.9,1954.5
01015,1379.5,1883.7
01017,1408.7,1926.9
01019,1361.3,1858.0
01021,1412.7,1937.7
01023,1398.0,1932.1
01025,1407.8,1946.0
01027,1385.6,1890.7
01029,1376.3,1874.8
01031,1436.1,1972.4
01033,1359.4,1853.2
01035,1412.5,1950.3
01037,1394.2,1909.8
01039,1422.9,1961.3
01041,1417.6,1955.1
01043,1371.5,1872.0
01045,1434.6,1968.1
01047,1418.6,1954.5
01049,1359.9,1845.2
01051,1410.2,1934.6
01053,1418.4,1952.5
01055,1366.0,1865.4
01057,1367.5,1876.7
01059,1368.0,1865.0
01061,1438.5,1978.4
01063,1401.1,1931.6
01065,1404.1,1933.1
01067,1432.6,1966.7
01069,1449.4,1987.6
01071,1339.8,1824.6
01073,1398.9,1914.4
01075,1368.3,1878.7
01077,1360.8,1855.6
01079,1371.7,1866.4
01081,1420.4,1945.3
01083,1356.0,1840.4
01085,1426.1,1964.2
01087,1411.5,1939.8
01089,1339.6,1823.4
01091,1400.9,1931.8
01093,1370.2,1872.6
01095,1370.2,1864.4
01097,1421.4,1934.2
01099,1416.0,1954.1
01101,1425.5,1960.1
01103,1358.2,1851.5
01105,1400.3,1925.6
01107,1385.5,1907.2
01109,1422.8,1959.1
01111,1395.3,1906.1
01113,1405.6,1933.6
01115,1379.2,1882.8
01117,1379.7,1886.3
01119,1397.2,1926.3
01121,1382.1,1887.2
01123,1412.0,1935.8
01125,1364.7,1879.6
01127,1378.8,1889.1
01129,1405.0,1941.0
01131,1410.3,1951.2
01133,1371.1,1871.2
02013,485.2,625.4
02060,866.9,1079.4
02070,844.4,1045.9
02100,678.2,864.1
02105,711.1,905.3
02110,518.3,688.5
02130,611.7,806.5
02150,804.1,1003.7
02164,760.6,950.5
02195,608.5,798.4
02198,680.2,877.6
02220,623.5,811.3
02230,617.9,789.7
02275,645.2,845.0
04001,1769.4,2339.5
04003,1813.8,2473.7
04005,1760.7,2334.9
04007,1668.5,2328.1
04009,1745.5,2435.2
04011,1669.4,2278.2
04012,1774.0,2480.4
04013,1737.5,2469.8
04015,1734.2,2347.4
04017,1785.9,2383.7
04019,1746.4,2420.3
04021,1725.8,2430.1
04023,1750.1,2414.2
04025,1733.6,2335.5
04027,1778.1,2524.8
05001,1403.2,1911.1
05003,1389.4,1910.2
05005,1372.2,1863.8
05007,1398.2,1890.8
05009,1381.7,1870.4
05011,1379.4,1901.9
05013,1377.1,1898.1
05015,1378.5,1861.3
05017,1418.9,1935.7
05019,1366.2,1881.5
05021,1368.4,1841.0
05023,1364.9,1851.9
05025,1372.8,1890.5
05027,1379.3,1901.7
05029,1373.7,1879.8
05031,1387.7,1869.7
05033,1362.7,1862.3
05035,1381.3,1870.2
05037,1381.1,1867.8
05039,1371.4,1888.8
05041,1414.0,1926.1
05043,1391.4,1910.3
05045,1372.4,1875.6
05047,1386.8,1895.9
05049,1378.0,1867.5
05051,1357.5,1859.4
05053,1377.9,1894.7
05055,1400.7,1882.9
05057,1390.8,1914.4
05059,1359.8,1864.2
05061,1379.7,1894.6
05063,1373.7,1867.6
05065,1375.8,1869.9
05067,1391.5,1884.0
05069,1401.5,1914.7
05071,1362.5,1861.0
05073,1385.2,1906.4
05075,1394.8,1890.1
05077,1393.8,1890.0
05079,1389.6,1899.7
05081,1387.8,1905.1
05083,1364.9,1870.8
05085,1400.0,1900.5
05087,1396.9,1883.8
05089,1379.1,1869.9
05091,1391.9,1914.2
05093,1378.6,1858.2
05095,1400.0,1902.9
05097,1366.7,1866.2
05099,1379.7,1900.8
05101,1331.0,1798.6
05103,1379.4,1902.3
05105,1360.5,1859.1
05107,1411.2,1917.7
05109,1367.6,1876.2
05111,1377.0,1856.6
05113,1332.5,1817.0
05115,1366.7,1865.7
05117,1393.0,1890.1
05119,1381.2,1886.5
05121,1379.7,1869.0
05123,1402.3,1901.4
05125,1367.5,1872.9
05127,1373.8,1875.4
05129,1383.6,1867.4
05131,1383.9,1891.9
05133,1382.7,1901.4
05135,1368.0,1860.0
05137,1351.6,1831.5
05139,1381.4,1907.1
05141,1373.2,1864.5
05143,1393.3,1881.8
05145,1374.0,1864.5
05147,1391.7,1885.7
05149,1368.2,1869.8
06001,1525.9,2076.4
06003,1594.9,2094.7
06005,1593.3,2184.4
06007,1508.3,2100.5
06009,1583.7,2177.6
06011,1564.0,2170.9
06013,1571.1,2117.9
06015,1339.9,1767.0
06017,1579.0,2153.8
06019,1579.7,2214.9
06021,1565.8,2175.2
06023,1410.2,1874.8
06025,1729.7,2480.9
06027,1775.6,2448.5
06029,1592.1,2222.9
06031,1583.7,2242.1
06033,1468.7,2050.6
06035,1563.4,2071.7
06037,1513.8,2112.8
06039,1550.2,2149.8
06041,1510.4,1965.4
06043,1434.1,1988.1
06045,1483.1,2010.5
06047,1576.4,2203.4
06049,1527.6,2033.7
06051,1736.9,2278.3
06053,1666.4,2270.0
06055,1576.8,2173.4
06057,1547.2,2105.2
06059,1654.9,2241.7
06061,1529.0,2099.9
06063,1505.2,2025.7
06065,1754.9,2499.7
06067,1564.1,2153.6
06069,1662.7,2282.1
06071,1774.9,2468.3
06073,1603.5,2217.3
06077,1572.3,2167.9
06079,1708.1,2338.4
06081,1416.3,1874.5
06083,1727.6,2276.0
06085,1584.8,2173.5
06087,1644.0,2145.9
06089,1446.3,2010.9
06091,1546.8,2054.8
06093,1522.7,2054.3
06095,1609.4,2188.6
06097,1512.6,2049.5
06099,1576.2,2196.8
06101,1541.5,2146.3
06103,1526.8,2113.9
06105,1485.1,2034.9
06107,1542.3,2116.2
06109,1627.2,2197.3
06111,1665.7,2271.8
06113,1574.8,2183.7
06115,1523.9,2109.4
08001,1591.6,2112.8
08003,1762.9,2333.6
08005,1618.5,2142.2
08007,1604.0,2118.8
08009,1683.1,2226.3
08011,1675.8,2235.6
08013,1399.9,1829.3
08014,1503.0,2000.2
08015,1449.1,1828.6
08017,1666.2,2196.2
08019,1510.9,1902.0
08021,1712.5,2239.6
08023,1715.5,2255.7
08025,1665.7,2222.1
08027,1609.5,2114.9
08029,1523.6,2073.3
08031,1574.9,2101.3
08033,1567.2,2051.4
08035,1553.6,2042.5
08037,1450.9,1883.8
08039,1616.2,2125.6
08041,1658.5,2192.0
08043,1622.4,2136.2
08045,1472.0,1958.4
08047,1514.5,1938.5
08049,1440.1,1877.1
08051,1514.7,1952.3
08053,1538.5,1949.0
08055,1666.0,2201.6
08057,1457.7,1888.1
08059,1485.8,1933.1
08061,1655.4,2202.0
08063,1630.7,2148.9
08065,1582.4,1999.8
08067,1327.1,1790.7
08069,1337.8,1722.2
08071,1685.5,2243.5
08073,1667.9,2192.1
08075,1537.8,2027.1
08077,1559.7,2107.6
08079,1492.8,1919.4
08081,1524.5,1987.3
08083,1670.5,2213.8
08085,1504.7,1967.1
08087,1546.2,2063.3
08089,1682.3,2250.5
08091,1470.6,1915.1
08093,1705.2,2178.7
08095,1560.8,2047.5
08097,1393.7,1786.7
08099,1647.6,2192.1
08101,1671.5,2234.6
08103,1484.0,1939.7
08105,1650.0,2102.6
08107,1140.7,1540.0
08109,1676.3,2167.1
08111,1355.7,1740.9
08113,1554.2,2043.3
08115,1558.7,2041.0
08117,1340.3,1721.2
08119,1620.1,2093.9
08121,1592.9,2102.2
08123,1558.8,2070.9
08125,1581.2,2081.4
09110,1274.6,1683.9
09120,1319.9,1724.3
09130,1307.5,1708.9
09140,1300.7,1707.0
09150,1281.4,1684.8
09160,1265.1,1657.0
09170,1331.7,1713.1
09180,1313.2,1714.4
09190,1276.0,1676.0
10001,1356.8,1796.8
10003,1341.1,1770.8
10005,1347.9,1783.9
11001,1320.7,1763.3
12001,1440.2,1994.0
12003,1404.8,1946.4
12005,1462.2,1988.8
12007,1419.7,1967.8
12009,1496.4,2047.5
12011,1440.9,1992.1
12013,1425.6,1964.0
12015,1509.9,2099.8
12017,1498.0,2052.1
12019,1411.2,1952.2
12021,1447.8,2007.3
12023,1444.3,1999.9
12027,1482.5,2066.6
12029,1484.0,2031.5
12031,1439.9,1980.3
12033,1428.2,1949.3
12035,1426.1,1966.5
12037,1480.6,1992.9
12039,1434.0,1980.9
12041,1436.0,1981.3
12043,1486.2,2063.0
12045,1474.6,1984.3
12047,1451.8,2009.5
12049,1482.7,2066.5
12051,1476.4,2055.2
12053,1479.1,2028.1
12055,1493.5,2079.5
12057,1519.0,2103.9
12059,1430.7,1972.0
12061,1455.8,2008.6
12063,1444.2,1986.5
12065,1422.4,1970.2
12067,1439.9,1995.2
12069,1472.0,2031.1
12071,1547.6,2119.7
12073,1425.5,1973.1
12075,1486.8,2021.5
12077,1410.4,1952.3
12079,1445.0,2002.9
12081,1516.5,2093.7
12083,1460.5,2022.5
12085,1435.1,1982.1
12086,1450.5,2001.6
12087,1474.6,2030.3
12089,1415.0,1951.5
12091,1422.3,1937.2
12093,1471.0,2037.8
12095,1456.9,2011.1
12097,1463.1,2022.6
12099,1459.2,2022.7
12101,1487.5,2037.8
12103,1585.9,2136.4
12105,1484.3,2052.8
12107,1429.6,1982.1
12109,1436.7,1974.7
12111,1444.3,1992.5
12113,1419.2,1938.3
12115,1533.9,2094.7
12117,1445.8,1995.0
12119,1473.6,2038.1
12121,1449.1,2002.1
12123,1501.5,2024.7
12125,1425.6,1978.1
12127,1424.7,1966.6
12129,1454.8,1974.2
12131,1433.0,1943.4
12133,1431.5,1971.8
13001,1435.7,1970.8
13003,1453.9,2007.8
13005,1446.6,1987.3
13007,1461.7,2009.2
13009,1420.7,1950.2
13011,1401.8,1914.3
13013,1403.2,1905.2
13015,1383.5,1884.0
13017,1449.4,1986.2
13019,1454.8,2001.0
13021,1429.0,1962.1
13023,1437.4,1972.2
13025,1413.7,1954.1
13027,1454.1,2006.7
13029,1407.6,1932.9
13031,1437.8,1965.9
13033,1428.0,1949.7
13035,1408.7,1926.6
13037,1452.0,1996.8
13039,1417.7,1949.7
13043,1445.3,1971.7
13045,1386.4,1886.1
13047,1338.2,1822.7
13049,1417.2,1961.5
13051,1451.6,1957.0
13053,1408.2,1933.8
13055,1350.1,1840.9
13057,1376.4,1867.8
13059,1403.4,1917.0
13061,1432.5,1969.2
13063,1410.7,1914.0
13065,1420.4,1967.3
13067,1394.7,1886.2
13069,1446.8,1987.2
13071,1460.9,2001.2
13073,1414.4,1930.6
13075,1471.4,2020.4
13077,1403.5,1911.8
13079,1420.5,1946.5
13081,1460.1,1993.7
13083,1327.4,1799.8
13085,1375.5,1866.1
13087,1458.9,2010.9
13089,1401.7,1895.0
13091,1434.5,1968.4
13093,1459.7,1997.7
13095,1457.0,2000.9
13097,1391.6,1890.8
13099,1441.7,1980.6
13101,1431.8,1984.0
13103,1425.9,1957.4
13105,1405.9,1922.0
13107,1433.2,1956.9
13109,1430.2,1957.1
13111,1349.9,1820.9
13113,1409.4,1915.2
13115,1362.1,1857.1
13117,1398.9,1895.8
13119,1411.7,1930.8
13121,1392.2,1883.8
13123,1351.9,1832.0
13125,1418.2,1938.0
13127,1443.6,1962.2
13129,1358.5,1853.4
13131,1443.8,1990.6
13133,1412.0,1932.7
13135,1411.6,1906.6
13137,1402.9,1902.6
13139,1425.3,1936.4
13141,1417.9,1942.6
13143,1373.1,1867.9
13145,1415.3,1939.2
13147,1415.6,1931.2
13149,1390.9,1897.4
13151,1413.7,1921.7
13153,1435.2,1966.6
13155,1464.1,2003.5
13157,1397.6,1907.9
13159,1412.5,1935.7
13161,1444.6,1982.6
13163,1441.9,1969.0
13165,1441.3,1968.6
13167,1435.1,1964.7
13169,1421.4,1950.6
13171,1417.3,1938.8
13173,1461.3,2019.1
13175,1430.8,1961.2
13177,1451.2,1988.7
13179,1422.7,1954.5
13181,1409.7,1929.7
13183,1415.9,1949.0
13185,1449.7,2003.9
13187,1367.5,1854.3
13189,1419.1,1937.8
13191,1453.8,1962.7
13193,1423.4,1949.2
13195,1408.1,1923.6
13197,1425.5,1953.0
13199,1409.1,1924.6
13201,1453.5,1991.7
13205,1457.6,2000.8
13207,1419.5,1945.1
13209,1439.6,1975.6
13211,1403.8,1919.6
13213,1324.2,1802.6
13215,1406.3,1930.5
13217,1408.2,1919.0
13219,1411.7,1926.8
13221,1398.9,1912.0
13223,1377.8,1869.9
13225,1428.2,1954.7
13227,1328.3,1806.2
13229,1427.1,1967.7
13231,1412.2,1931.6
13233,1377.1,1871.8
13235,1451.4,1989.7
13237,1413.8,1938.7
13239,1427.4,1965.9
13241,1380.5,1863.8
13243,1441.6,1980.3
13245,1420.3,1937.7
13247,1414.7,1918.8
13249,1429.6,1959.0
13251,1429.2,1954.5
13253,1459.9,2007.4
13255,1422.2,1941.1
13257,1407.7,1923.0
13259,1427.1,1962.9
13261,1441.3,1974.6
13263,1424.6,1954.4
13265,1408.5,1926.6
13267,1441.8,1978.2
13269,1418.8,1939.5
13271,1442.2,1985.1
13273,1446.8,1987.2
13275,1440.9,1985.0
13277,1479.9,2023.9
13279,1439.0,1972.9
13281,1365.0,1834.7
13283,1435.8,1968.7
13285,1400.5,1914.4
13287,1458.4,1991.8
13289,1418.9,1946.2
13291,1367.9,1835.0
13293,1400.8,1921.5
13295,1336.2,1813.8
13297,1405.3,1912.1
13299,1417.9,1964.9
13301,1427.7,1951.5
13303,1444.8,1979.3
13305,1419.0,1954.1
13307,1440.5,1978.3
13309,1428.4,1961.0
13311,1361.1,1840.8
13313,1325.7,1806.2
13315,1455.7,1986.9
13317,1415.0,1938.3
13319,1423.1,1955.7
13321,1452.9,1987.9
15001,1766.4,2364.8
15003,1494.2,2001.5
15007,1367.3,1849.2
15009,1195.1,1600.8
16001,1485.1,1981.6
16003,1303.5,1737.5
16005,1374.2,1825.4
16007,1370.0,1812.4
16009,1161.6,1550.0
16011,1438.9,1914.7
16013,1471.3,1933.7
16015,1361.4,1809.8
16017,987.6,1334.5
16019,1281.2,1687.1
16021,1064.0,1392.9
16023,1362.2,1804.6
16025,1414.7,1855.2
16027,1436.7,1948.8
16029,1312.8,1741.8
16031,1328.0,1761.7
16033,1358.7,1797.9
16035,1146.2,1530.2
16037,1419.6,1841.2
16039,1451.8,1915.4
16041,1365.5,1832.6
16043,1303.9,1717.1
16045,1383.5,1869.9
16047,1528.9,2039.7
16049,1195.6,1583.6
16051,1434.1,1904.4
16053,1509.8,2020.8
16055,1148.5,1539.4
16057,1205.0,1612.4
16059,1372.9,1782.8
16061,1215.6,1614.2
16063,1521.2,2014.5
16065,1333.4,1781.7
16067,1511.4,2006.8
16069,1230.2,1650.4
16071,1408.1,1866.0
16073,1488.7,1939.7
16075,1416.6,1923.7
16077,1392.7,1841.1
16079,1080.9,1443.0
16081,1292.1,1686.8
16083,1507.9,1981.2
16085,1212.5,1589.9
16087,1352.0,1822.7
17001,1333.9,1765.7
17003,1334.0,1797.3
17005,1332.7,1779.7
17007,1286.1,1675.3
17009,1333.2,1763.5
17011,1308.4,1708.4
17013,1336.9,1785.9
17015,1297.6,1701.4
17017,1327.7,1757.9
17019,1308.3,1716.6
17021,1332.0,1762.8
17023,1296.3,1720.5
17025,1314.5,1757.9
17027,1343.8,1797.1
17029,1305.0,1722.0
17031,1270.6,1652.1
17033,1301.7,1733.6
17035,1303.3,1732.2
17037,1293.5,1683.9
17039,1315.6,1728.7
17041,1313.0,1728.8
17043,1279.0,1671.9
17045,1301.4,1718.8
17047,1312.7,1756.0
17049,1304.9,1740.2
17051,1323.2,1764.1
17053,1309.4,1714.0
17055,1332.0,1786.8
17057,1313.7,1736.6
17059,1326.6,1783.1
17061,1341.8,1783.8
17063,1301.1,1701.8
17065,1337.7,1793.9
17067,1327.9,1754.8
17069,1331.9,1800.9
17071,1324.5,1740.2
17073,1307.8,1712.8
17075,1296.9,1698.5
17077,1330.9,1788.8
17079,1308.5,1743.0
17081,1329.4,1780.5
17083,1345.3,1790.3
17085,1292.9,1699.0
17087,1326.7,1790.8
17089,1281.7,1669.6
17091,1295.1,1693.5
17093,1289.8,1686.1
17095,1308.6,1716.7
17097,1298.4,1681.5
17099,1305.1,1706.2
17101,1302.6,1740.1
17103,1302.7,1697.9
17105,1307.8,1711.4
17107,1319.5,1737.0
17109,1329.5,1751.9
17111,1279.7,1668.0
17113,1322.0,1730.9
17115,1330.0,1750.1
17117,1337.3,1775.3
17119,1340.0,1790.2
17121,1328.5,1775.6
17123,1318.2,1729.0
17125,1324.5,1749.7
17127,1335.4,1806.0
17129,1328.3,1753.5
17131,1316.3,1727.4
17133,1352.0,1814.6
17135,1329.7,1765.2
17137,1347.4,1781.6
17139,1326.0,1747.1
17141,1295.3,1687.7
17143,1313.9,1726.9
17145,1338.3,1794.8
17147,1322.0,1736.4
17149,1338.1,1773.7
17151,1326.6,1792.5
17153,1338.8,1806.5
17155,1293.4,1699.0
17157,1343.1,1804.8
17159,1307.7,1748.6
17161,1325.1,1734.2
17163,1349.2,1804.4
17165,1325.7,1783.8
17167,1334.7,1762.5
17169,1330.0,1757.5
17171,1330.1,1763.1
17173,1310.6,1738.6
17175,1316.2,1724.9
17177,1288.6,1683.6
17179,1320.5,1738.4
17181,1331.5,1795.9
17183,1290.1,1693.9
17185,1316.1,1759.7
17187,1319.4,1731.0
17189,1343.4,1799.6
17191,1322.2,1770.6
17193,1330.2,1783.5
17195,1300.9,1699.8
17197,1273.5,1666.8
17199,1332.3,1791.6
17201,1283.5,1675.8
17203,1312.2,1722.4
18001,1248.5,1637.9
18003,1256.7,1648.0
18005,1280.8,1706.1
18007,1292.6,1692.5
18009,1255.4,1645.9
18011,1282.5,1685.9
18013,1275.6,1710.5
18015,1272.1,1669.8
18017,1261.7,1655.0
18019,1277.4,1720.3
18021,1285.3,1711.2
18023,1282.7,1682.5
18025,1283.0,1729.6
18027,1284.4,1719.7
18029,1267.2,1692.2
18031,1267.4,1678.9
18033,1229.2,1614.5
18035,1275.7,1673.2
18037,1281.5,1725.3
18039,1222.7,1602.3
18041,1271.1,1680.2
18043,1288.5,1732.9
18045,1289.3,1700.8
18047,1272.6,1691.5
18049,1254.7,1646.0
18051,1309.9,1753.1
18053,1261.3,1653.8
18055,1281.4,1711.0
18057,1290.9,1699.5
18059,1280.9,1686.9
18061,1291.0,1741.8
18063,1276.7,1689.4
18065,1258.9,1653.7
18067,1267.1,1661.7
18069,1245.6,1633.5
18071,1266.8,1700.9
18073,1281.2,1675.7
18075,1255.2,1645.6
18077,1274.3,1706.4
18079,1269.4,1697.3
18081,1289.6,1714.6
18083,1302.8,1740.1
18085,1238.5,1622.9
18087,1231.4,1613.5
18089,1277.1,1669.4
18091,1221.7,1608.2
18093,1278.3,1717.7
18095,1258.0,1655.4
18097,1274.1,1685.8
18099,1242.7,1627.6
18101,1281.9,1722.2
18103,1258.2,1650.7
18105,1270.6,1703.3
18107,1286.1,1692.4
18109,1279.3,1707.9
18111,1289.4,1687.6
18113,1232.6,1615.8
18115,1258.8,1689.8
18117,1278.3,1719.5
18119,1281.1,1711.2
18121,1278.5,1697.2
18123,1291.3,1742.8
18125,1296.6,1736.0
18127,1232.6,1610.0
18129,1318.1,1766.8
18131,1268.2,1660.3
18133,1274.0,1692.1
18135,1272.6,1667.8
18137,1269.0,1688.4
18139,1275.9,1682.0
18141,1220.3,1603.2
18143,1271.5,1704.9
18145,1282.0,1692.1
18147,1304.3,1753.2
18149,1247.7,1633.8
18151,1247.2,1631.4
18153,1285.1,1712.3
18155,1269.5,1704.6
18157,1294.5,1699.3
18159,1274.2,1671.1
18161,1265.9,1678.2
18163,1337.2,1795.5
18165,1286.7,1700.6
18167,1290.6,1714.6
18169,1241.5,1628.7
18171,1288.0,1692.0
18173,1297.0,1740.6
18175,1281.7,1722.7
18177,1258.9,1658.6
18179,1249.9,1639.4
18181,1276.9,1673.8
18183,1235.9,1622.4
19001,1363.5,1770.7
19003,1373.3,1786.9
19005,1279.8,1665.8
19007,1340.7,1753.6
19009,1361.4,1765.8
19011,1319.6,1712.5
19013,1315.5,1700.6
19015,1333.6,1730.4
19017,1314.9,1699.4
19019,1307.0,1691.7
19021,1361.8,1758.9
19023,1323.5,1709.3
19025,1352.1,1752.6
19027,1366.1,1768.4
19029,1369.0,1780.3
19031,1321.9,1720.6
19033,1324.1,1705.7
19035,1351.9,1749.4
19037,1309.2,1687.2
19039,1355.0,1763.1
19041,1354.6,1747.6
19043,1289.3,1676.5
19045,1313.6,1712.7
19047,1368.7,1772.7
19049,1338.3,1740.5
19051,1332.8,1747.6
19053,1359.7,1772.4
19055,1301.3,1684.8
19057,1321.1,1733.0
19059,1339.7,1724.8
19061,1309.6,1702.3
19063,1340.7,1727.2
19065,1309.7,1691.4
19067,1319.6,1701.8
19069,1326.1,1710.8
19071,1384.1,1811.8
19073,1338.2,1737.3
19075,1318.8,1706.9
19077,1359.7,1762.9
19079,1333.9,1727.2
19081,1333.4,1719.1
19083,1326.0,1715.1
19085,1368.0,1782.9
19087,1323.8,1734.5
19089,1302.5,1678.0
19091,1338.5,1731.4
19093,1366.9,1771.2
19095,1321.3,1719.0
19097,1306.7,1704.7
19099,1331.2,1732.3
19101,1325.1,1732.4
19103,1316.9,1716.6
19105,1320.6,1711.9
19107,1329.1,1732.0
19109,1336.0,1722.6
19111,1322.0,1744.7
19113,1317.5,1710.5
19115,1320.3,1727.7
19117,1351.8,1759.5
19119,1360.0,1757.1
19121,1355.7,1762.1
19123,1335.0,1739.0
19125,1347.5,1754.6
19127,1324.2,1716.9
19129,1377.6,1800.6
19131,1307.8,1683.4
19133,1357.5,1768.3
19135,1345.8,1752.8
19137,1375.2,1793.8
19139,1323.8,1731.2
19141,1360.5,1756.7
19143,1349.7,1739.6
19145,1381.5,1805.3
19147,1347.3,1739.0
19149,1368.2,1772.8
19151,1350.7,1746.9
19153,1340.4,1743.1
19155,1377.6,1795.3
19157,1328.4,1727.5
19159,1369.2,1784.8
19161,1363.8,1764.9
19163,1316.6,1719.8
19165,1376.3,1786.8
19167,1368.3,1768.9
19169,1328.0,1723.3
19171,1320.6,1712.6
19173,1379.3,1797.8
19175,1364.8,1773.8
19177,1330.6,1746.0
19179,1327.6,1732.3
19181,1341.7,1746.8
19183,1330.5,1735.6
19185,1351.3,1762.4
19187,1339.3,1734.3
19189,1320.8,1701.1
19191,1296.4,1676.7
19193,1365.7,1774.8
19195,1314.5,1690.8
19197,1338.5,1728.9
20001,1415.0,1888.8
20003,1419.3,1889.0
20005,1394.6,1839.3
20007,1560.8,2071.2
20009,1539.3,2033.5
20011,1397.6,1866.8
20013,1396.5,1834.1
20015,1481.9,1965.6
20017,1469.6,1942.0
20019,1450.7,1935.0
20021,1403.3,1887.3
20023,1582.1,2083.3
20025,1600.6,2124.9
20027,1460.6,1933.8
20029,1462.3,1938.5
20031,1435.7,1900.3
20033,1590.2,2108.4
20035,1489.0,1982.8
20037,1409.3,1887.3
20039,1545.9,2038.1
20041,1458.3,1939.4
20043,1392.0,1831.4
20045,1393.5,1848.7
20047,1576.3,2085.2
20049,1464.0,1945.0
20051,1554.8,2053.2
20053,1519.6,2009.7
20055,1604.1,2128.7
20057,1600.1,2115.4
20059,1408.7,1871.8
20061,1454.3,1926.0
20063,1583.2,2095.1
20065,1558.9,2056.7
20067,1644.6,2188.5
20069,1615.7,2143.2
20071,1647.1,2169.8
20073,1455.1,1927.7
20075,1644.7,2180.1
20077,1524.5,2030.0
20079,1495.8,1979.3
20081,1630.8,2166.0
20083,1601.8,2118.5
20085,1411.2,1861.7
20087,1405.9,1859.4
20089,1488.5,1962.2
20091,1393.7,1849.7
20093,1634.2,2170.3
20095,1538.6,2032.6
20097,1587.3,2099.7
20099,1416.6,1902.5
20101,1597.7,2114.1
20103,1384.5,1835.5
20105,1502.8,1991.1
20107,1401.3,1866.0
20109,1601.0,2121.3
20111,1441.7,1906.9
20113,1490.8,1973.3
20115,1477.3,1957.0
20117,1432.8,1886.9
20119,1612.6,2144.3
20121,1394.5,1854.3
20123,1493.1,1977.2
20125,1426.2,1911.5
20127,1470.7,1941.7
20129,1668.8,2216.9
20131,1421.7,1868.6
20133,1419.0,1900.8
20135,1591.2,2106.6
20137,1518.5,2002.6
20139,1427.9,1886.3
20141,1516.6,2001.2
20143,1481.0,1967.3
20145,1562.8,2068.7
20147,1517.2,2001.7
20149,1429.6,1887.5
20151,1570.9,2076.0
20153,1561.3,2057.4
20155,1522.0,2010.3
20157,1469.3,1936.5
20159,1524.6,2014.7
20161,1448.8,1914.9
20163,1524.6,2013.1
20165,1561.7,2064.4
20167,1534.6,2028.2
20169,1470.8,1956.3
20171,1594.5,2112.6
20173,1503.1,1989.4
20175,1628.1,2161.1
20177,1420.7,1878.2
20179,1564.9,2063.5
20181,1608.4,2121.7
20183,1499.2,1977.6
20185,1544.8,2041.9
20187,1662.8,2206.5
20189,1658.9,2201.8
20191,1506.5,2001.1
20193,1580.8,2084.7
20195,1574.8,2079.8
20197,1442.8,1902.5
20199,1624.2,2148.1
20201,1452.1,1914.5
20203,1617.2,2138.2
20205,1428.0,1907.8
20207,1440.2,1915.2
20209,1381.3,1830.6
21001,1280.2,1734.5
21003,1306.1,1770.0
21005,1281.7,1729.1
21007,1341.2,1811.0
21009,1298.5,1762.4
21011,1223.1,1652.2
21013,1260.9,1702.4
21015,1256.8,1689.8
21017,1274.8,1718.8
21019,1234.2,1666.3
21021,1282.2,1729.4
21023,1255.2,1691.4
21025,1230.1,1665.4
21027,1298.1,1755.8
21029,1285.5,1737.2
21031,1301.7,1767.1
21033,1320.0,1787.0
21035,1327.3,1800.8
21037,1248.9,1679.5
21039,1349.6,1822.8
21041,1266.0,1701.4
21043,1236.0,1668.4
21045,1278.3,1728.2
21047,1313.2,1780.7
21049,1255.0,1695.9
21051,1231.5,1667.2
21053,1272.5,1726.2
21055,1323.9,1792.0
21057,1254.9,1705.8
21059,1331.6,1791.1
21061,1288.6,1747.1
21063,1255.2,1693.4
21065,1244.1,1680.2
21067,1278.2,1723.1
21069,1248.7,1686.1
21071,1185.2,1609.8
21073,1271.5,1715.5
21075,1343.3,1812.7
21077,1263.4,1700.4
21079,1279.4,1728.4
21081,1253.8,1687.5
21083,1336.0,1810.8
21085,1304.9,1767.0
21087,1280.7,1735.8
21089,1241.4,1672.7
21091,1301.4,1755.8
21093,1298.3,1755.9
21095,1216.4,1639.3
21097,1269.5,1709.3
21099,1293.1,1750.7
21101,1321.9,1776.5
21103,1279.6,1721.8
21105,1342.6,1812.6
21107,1307.2,1769.1
21109,1227.0,1656.9
21111,1277.0,1726.6
21113,1287.9,1740.5
21115,1243.5,1681.0
21117,1258.6,1689.8
21119,1214.1,1639.0
21121,1247.3,1689.1
21123,1296.0,1752.3
21125,1269.4,1715.8
21127,1247.2,1684.8
21129,1246.9,1685.5
21131,1170.6,1585.6
21133,1242.7,1673.1
21135,1228.3,1654.2
21137,1281.5,1729.2
21139,1337.4,1812.0
21141,1309.4,1773.8
21143,1301.1,1758.4
21145,1335.3,1808.5
21147,1269.7,1718.2
21149,1321.5,1779.7
21151,1271.9,1719.1
21153,1218.2,1647.0
21155,1278.7,1728.6
21157,1321.0,1790.6
21159,1230.8,1666.1
21161,1253.9,1689.3
21163,1292.9,1745.9
21165,1217.0,1645.0
21167,1279.2,1728.0
21169,1294.6,1754.2
21171,1296.8,1759.4
21173,1265.4,1709.0
21175,1251.1,1688.8
21177,1301.4,1763.4
21179,1284.2,1736.4
21181,1261.2,1701.2
21183,1296.5,1754.1
21185,1285.2,1728.8
21187,1267.9,1709.1
21189,1253.3,1693.9
21191,1264.9,1703.5
21193,1221.2,1651.5
21195,1240.8,1677.0
21197,1210.0,1638.2
21199,1276.1,1728.2
21201,1258.5,1695.7
21203,1253.3,1693.7
21205,1240.4,1673.1
21207,1275.0,1729.8
21209,1280.3,1727.0
21211,1278.3,1724.7
21213,1314.2,1778.4
21215,1279.3,1728.0
21217,1280.0,1734.6
21219,1312.6,1779.5
21221,1335.3,1809.4
21223,1272.1,1705.3
21225,1331.5,1794.5
21227,1291.5,1750.3
21229,1281.2,1731.3
21231,1260.2,1706.5
21233,1326.7,1787.4
21235,1233.5,1672.3
21237,1246.7,1683.6
21239,1273.0,1719.1
22001,1398.6,1911.7
22003,1372.5,1889.5
22005,1404.8,1930.8
22007,1415.3,1932.8
22009,1418.5,1952.8
22011,1371.0,1893.4
22013,1384.9,1913.9
22015,1403.7,1932.4
22017,1398.2,1924.6
22019,1383.8,1890.5
22021,1395.3,1924.0
22023,1422.0,1930.9
22025,1422.0,1953.2
22027,1383.1,1908.6
22029,1405.8,1934.7
22031,1389.8,1918.3
22033,1397.9,1924.4
22035,1437.8,1966.5
22037,1404.3,1937.0
22039,1405.8,1938.2
22041,1425.5,1958.1
22043,1385.8,1914.3
22045,1475.9,1981.5
22047,1413.8,1941.3
22049,1384.0,1912.9
22051,1470.3,1973.3
22053,1406.7,1922.2
22055,1413.1,1929.3
22057,1448.4,1955.2
22059,1397.2,1928.0
22061,1385.3,1913.0
22063,1397.6,1925.2
22065,1434.5,1970.0
22067,1412.6,1941.7
22069,1399.1,1935.0
22071,1449.0,1965.9
22073,1402.0,1932.2
22077,1407.3,1939.9
22079,1383.1,1910.2
22081,1384.8,1912.8
22083,1426.0,1951.7
22085,1391.5,1918.3
22087,1511.5,2009.6
22089,1396.2,1902.1
22091,1393.1,1924.8
22093,1414.2,1934.3
22095,1436.4,1955.8
22097,1412.3,1938.5
22099,1421.8,1944.8
22101,1443.0,1957.2
22103,1400.5,1912.4
22105,1392.5,1924.5
22107,1417.5,1949.5
22109,1461.5,1990.7
22111,1388.0,1915.7
22113,1417.8,1923.7
22115,1374.0,1898.3
22117,1386.6,1914.0
22119,1388.0,1917.1
22121,1411.7,1941.9
22123,1423.1,1943.9
22125,1404.4,1937.1
22127,1389.1,1920.7
23001,1247.6,1621.2
23003,1196.0,1526.2
23005,1276.2,1655.3
23007,1180.2,1508.7
23009,1252.6,1607.3
23011,1262.9,1641.7
23013,1290.0,1612.5
23015,1290.1,1653.9
23017,1227.9,1584.5
23019,1215.5,1571.5
23021,1161.1,1486.5
23023,1270.6,1633.3
23025,1194.6,1523.5
23027,1258.9,1623.8
23029,1214.8,1570.4
23031,1287.3,1673.8
24001,1172.8,1561.6
24003,1339.2,1776.2
24005,1316.2,1748.0
24009,1366.2,1815.3
24011,1356.7,1796.5
24013,1303.5,1737.0
24015,1333.8,1761.3
24017,1319.4,1757.6
24019,1389.9,1820.1
24021,1291.9,1729.0
24023,1210.7,1592.0
24025,1310.6,1735.3
24027,1320.1,1756.4
24029,1355.4,1778.8
24031,1326.6,1773.7
24033,1320.3,1763.0
24035,1366.2,1797.8
24037,1391.2,1827.9
24039,1389.6,1819.5
24041,1391.1,1823.4
24043,1262.5,1688.2
24045,1363.9,1807.1
24047,1372.5,1814.1
24510,1320.2,1750.0
25001,1316.6,1668.8
25003,1216.9,1590.9
25005,1317.7,1717.0
25007,1358.7,1721.7
25009,1308.8,1686.7
25011,1254.6,1647.9
25013,1277.4,1684.7
25015,1265.7,1662.8
25017,1286.4,1690.7
25019,1383.7,1741.3
25021,1295.5,1702.5
25023,1300.7,1691.0
25027,1291.3,1687.6
26001,1220.2,1549.1
26003,1187.5,1498.4
26005,1214.8,1575.7
26007,1216.4,1567.8
26009,1145.8,1488.7
26011,1240.2,1596.0
26013,1144.4,1483.7
26015,1190.1,1568.6
26017,1222.0,1596.4
26019,1198.1,1517.5
26021,1214.5,1593.3
26023,1211.3,1586.1
26025,1192.4,1568.9
26027,1193.9,1573.3
26029,1201.7,1511.7
26031,1116.4,1472.3
26033,1158.0,1492.5
26035,1209.5,1583.8
26037,1210.5,1592.0
26039,1191.3,1550.8
26041,1246.0,1586.4
26043,1219.4,1580.3
26045,1195.5,1576.2
26047,1184.2,1513.5
26049,1210.0,1587.7
26051,1213.9,1595.2
26053,1179.2,1528.1
26055,1144.0,1497.2
26057,1220.3,1603.3
26059,1224.7,1602.6
26061,1125.4,1470.5
26063,1167.0,1519.7
26065,1196.3,1572.6
26067,1194.9,1571.0
26069,1278.0,1622.0
26071,1203.5,1556.7
26073,1197.8,1572.7
26075,1221.3,1600.8
26077,1194.2,1574.2
26079,1139.9,1492.0
26081,1190.0,1564.8
26083,1144.8,1475.9
26085,1165.6,1536.2
26087,1199.3,1571.4
26089,1224.1,1542.1
26091,1228.1,1606.8
26093,1204.2,1581.7
26095,1119.2,1461.2
26097,1192.7,1518.8
26099,1220.1,1594.2
26101,1206.2,1553.7
26103,1169.7,1501.0
26105,1188.8,1520.1
26107,1190.8,1561.7
26109,1244.7,1606.7
26111,1220.8,1600.1
26113,1182.0,1543.8
26115,1226.6,1603.7
26117,1198.5,1573.9
26119,1175.0,1532.4
26121,1210.1,1548.5
26123,1183.4,1555.8
26125,1211.3,1591.3
26127,1204.5,1547.0
26129,1217.8,1588.1
26131,1118.4,1468.3
26133,1190.6,1556.9
26135,1186.4,1549.5
26137,1152.6,1503.5
26139,1215.0,1563.1
26141,1176.2,1512.1
26143,1223.1,1595.5
26145,1234.1,1614.5
26147,1200.7,1572.5
26149,1208.1,1587.8
26151,1154.5,1502.0
26153,1205.6,1539.7
26155,1206.4,1584.3
26157,1201.0,1571.6
26159,1197.8,1561.9
26161,1211.0,1588.1
26163,1235.8,1614.6
26165,1174.4,1536.3
27001,1264.2,1622.2
27003,1283.9,1664.3
27005,1222.8,1569.2
27007,1235.5,1582.9
27009,1274.1,1645.8
27011,1301.9,1676.8
27013,1306.2,1684.7
27015,1317.3,1697.7
27017,1271.0,1629.2
27019,1288.7,1666.2
27021,1282.3,1636.8
27023,1308.2,1685.0
27025,1279.6,1658.9
27027,1246.3,1606.4
27029,1248.1,1596.8
27031,1172.0,1470.2
27033,1338.9,1721.1
27035,1263.4,1621.2
27037,1273.3,1651.9
27039,1296.6,1667.9
27041,1288.9,1650.2
27043,1320.2,1700.8
27045,1266.7,1641.2
27047,1304.5,1677.0
27049,1277.5,1655.5
27051,1281.5,1650.6
27053,1291.6,1675.0
27055,1281.9,1668.1
27057,1265.5,1619.3
27059,1288.8,1667.7
27061,1250.0,1594.4
27063,1343.0,1726.6
27065,1285.8,1660.9
27067,1305.3,1677.2
27069,1223.5,1566.5
27071,1230.7,1581.2
27073,1316.2,1696.9
27075,1246.7,1588.5
27077,1212.6,1552.0
27079,1300.1,1676.3
27081,1346.7,1725.2
27083,1335.1,1716.2
27085,1310.8,1686.8
27087,1223.6,1575.5
27089,1236.1,1587.7
27091,1328.5,1710.4
27093,1307.7,1680.1
27095,1289.9,1658.9
27097,1277.5,1649.1
27099,1306.8,1679.2
27101,1353.6,1736.9
27103,1268.3,1634.5
27105,1353.6,1740.8
27107,1234.5,1595.8
27109,1291.0,1664.3
27111,1254.2,1608.0
27113,1240.2,1597.4
27115,1276.4,1646.2
27117,1358.9,1744.1
27119,1236.0,1594.3
27121,1294.6,1663.0
27123,1295.7,1678.4
27125,1238.4,1594.6
27127,1330.8,1715.3
27129,1315.5,1693.2
27131,1290.9,1667.3
27133,1348.4,1738.5
27135,1226.1,1572.4
27137,1226.7,1568.9
27139,1291.5,1671.5
27141,1290.8,1666.7
27143,1306.5,1682.7
27145,1287.7,1662.7
27147,1305.1,1677.5
27149,1298.6,1668.9
27151,1300.5,1674.7
27153,1279.5,1643.7
27155,1293.0,1668.2
27157,1275.1,1654.4
27159,1268.8,1630.6
27161,1308.7,1684.2
27163,1284.5,1664.5
27165,1323.9,1704.9
27167,1256.7,1627.2
27169,1269.5,1650.2
27171,1287.0,1665.3
27173,1320.7,1703.5
28001,1409.1,1943.9
28003,1360.2,1856.8
28005,1403.4,1936.2
28007,1384.5,1901.0
28009,1361.2,1858.3
28011,1420.1,1931.2
28013,1383.2,1895.7
28015,1390.3,1903.5
28017,1383.4,1895.8
28019,1387.4,1903.5
28021,1407.2,1943.4
28023,1396.5,1928.7
28025,1389.9,1908.6
28027,1411.7,1917.3
28029,1395.8,1924.7
28031,1403.2,1935.9
28033,1366.1,1863.2
28035,1407.1,1942.2
28037,1398.0,1928.3
28039,1401.5,1932.5
28041,1400.6,1935.4
28043,1395.0,1913.0
28045,1418.3,1916.4
28047,1450.1,1969.2
28049,1401.9,1931.5
28051,1405.4,1929.0
28053,1417.3,1932.7
28055,1439.1,1970.8
28057,1367.9,1875.7
28059,1432.3,1941.8
28061,1398.7,1928.6
28063,1401.8,1936.2
28065,1406.5,1940.5
28067,1398.9,1932.3
28069,1388.2,1908.3
28071,1385.6,1895.4
28073,1416.3,1956.0
28075,1407.0,1937.2
28077,1397.3,1926.0
28079,1406.4,1935.9
28081,1377.7,1887.2
28083,1399.6,1906.8
28085,1398.7,1927.4
28087,1381.7,1898.2
28089,1408.2,1933.4
28091,1398.2,1929.4
28093,1378.9,1884.4
28095,1380.6,1895.8
28097,1384.2,1898.5
28099,1391.6,1913.2
28101,1393.9,1919.2
28103,1387.5,1909.2
28105,1388.1,1907.2
28107,1379.8,1885.3
28109,1393.7,1920.3
28111,1401.7,1935.9
28113,1399.0,1928.4
28115,1373.8,1881.5
28117,1362.2,1861.8
28119,1397.9,1898.9
28121,1396.0,1918.0
28123,1403.6,1930.8
28125,1412.4,1932.8
28127,1395.2,1924.2
28129,1394.5,1921.2
28131,1395.8,1923.2
28133,1417.5,1923.1
28135,1400.1,1907.4
28137,1375.5,1877.9
28139,1368.3,1868.6
28141,1360.3,1858.5
28143,1396.4,1894.1
28145,1363.2,1866.8
28147,1395.2,1922.8
28149,1413.4,1951.4
28151,1426.7,1943.6
28153,1407.7,1945.7
28155,1391.7,1908.5
28157,1401.3,1935.5
28159,1389.4,1905.9
28161,1386.4,1897.7
28163,1415.6,1944.0
29001,1346.5,1778.8
29003,1376.2,1808.4
29005,1394.6,1828.3
29007,1342.5,1784.8
29009,1390.5,1876.0
29011,1394.9,1873.5
29013,1376.5,1837.4
29015,1355.6,1822.6
29017,1348.0,1816.9
29019,1333.3,1787.9
29021,1380.4,1819.5
29023,1372.0,1851.6
29025,1362.6,1797.5
29027,1344.1,1803.5
29029,1353.4,1822.5
29031,1338.4,1803.2
29033,1364.8,1805.1
29035,1358.4,1836.6
29037,1391.5,1848.8
29039,1366.1,1843.1
29041,1352.9,1794.5
29043,1371.7,1850.4
29045,1324.1,1751.3
29047,1387.1,1834.3
29049,1367.5,1803.4
29051,1339.9,1803.7
29053,1349.5,1806.2
29055,1361.2,1829.6
29057,1380.6,1861.9
29059,1368.8,1842.6
29061,1369.5,1800.8
29063,1372.1,1805.1
29065,1364.7,1831.8
29067,1368.0,1845.0
29069,1385.0,1861.6
29071,1346.2,1811.7
29073,1350.3,1817.0
29075,1363.5,1788.2
29077,1381.9,1860.3
29079,1357.7,1785.4
29081,1358.2,1778.9
29083,1356.8,1818.7
29085,1353.6,1822.6
29087,1386.7,1820.8
29089,1348.8,1797.9
29091,1379.8,1862.9
29093,1362.6,1825.7
29095,1393.3,1846.6
29097,1389.6,1873.6
29099,1345.6,1810.0
29101,1378.0,1832.9
29103,1336.8,1760.8
29105,1371.3,1843.3
29107,1367.1,1812.1
29109,1380.8,1863.3
29111,1331.2,1761.4
29113,1345.5,1796.4
29115,1345.8,1778.8
29117,1352.4,1786.8
29119,1381.8,1871.1
29121,1333.6,1765.0
29123,1349.2,1818.0
29125,1346.9,1813.7
29127,1331.4,1765.3
29129,1344.7,1760.7
29131,1349.4,1817.3
29133,1356.4,1825.0
29135,1342.7,1805.4
29137,1340.1,1780.3
29139,1338.5,1789.4
29141,1353.6,1818.8
29143,1377.1,1849.3
29145,1384.5,1871.2
29147,1383.2,1811.8
29149,1368.5,1851.9
29151,1339.3,1802.4
29153,1377.0,1864.0
29155,1381.7,1857.2
29157,1345.9,1812.5
29159,1355.8,1813.6
29161,1354.9,1821.8
29163,1335.0,1775.6
29165,1379.7,1826.4
29167,1370.3,1846.6
29169,1352.6,1820.8
29171,1334.4,1755.4
29173,1349.0,1792.5
29175,1339.5,1779.8
29177,1384.4,1828.9
29179,1356.6,1826.2
29181,1363.3,1846.6
29183,1339.1,1796.0
29185,1366.5,1840.5
29186,1349.4,1812.1
29187,1356.8,1822.2
29189,1349.9,1805.5
29195,1352.6,1795.1
29197,1335.3,1758.7
29199,1329.0,1750.9
29201,1361.1,1827.5
29203,1360.2,1833.4
29205,1335.1,1768.3
29207,1374.8,1846.9
29209,1381.4,1867.3
29211,1340.4,1767.1
29213,1322.2,1792.5
29215,1374.7,1845.6
29217,1382.6,1857.7
29219,1336.3,1794.1
29221,1353.4,1816.1
29223,1350.5,1825.3
29225,1379.3,1851.3
29227,1364.8,1786.4
29229,1377.4,1849.9
29510,1363.0,1821.5
30001,1409.6,1826.5
30003,1303.8,1742.1
30005,1293.3,1685.5
30007,1287.2,1701.2
30009,1356.4,1780.7
30011,1407.2,1823.6
30013,1278.4,1679.4
30015,1292.7,1691.2
30017,1341.3,1758.2
30019,1281.5,1650.0
30021,1359.5,1761.4
30023,1167.0,1506.6
30025,1393.9,1801.3
30027,1176.4,1536.8
30029,1054.7,1416.5
30031,1207.0,1581.7
30033,1367.3,1766.9
30035,1312.2,1682.6
30037,1355.3,1776.3
30039,1223.4,1607.6
30041,1305.2,1690.3
30043,1312.5,1705.0
30045,1289.1,1659.4
30047,1107.4,1481.0
30049,1302.0,1680.7
30051,1320.7,1707.9
30053,1122.1,1490.8
30055,1327.1,1714.5
30057,1333.9,1731.5
30059,1287.7,1675.8
30061,1046.1,1381.1
30063,1103.5,1459.9
30065,1320.6,1734.2
30067,1154.9,1529.5
30069,1320.5,1734.4
30071,1294.5,1691.8
30073,1306.7,1695.9
30075,1400.2,1827.6
30077,1196.8,1564.2
30079,1369.3,1774.7
30081,1266.9,1664.9
30083,1332.5,1717.7
30085,1296.0,1679.2
30087,1341.6,1763.3
30089,973.7,1309.7
30091,1299.1,1673.1
30093,1306.3,1689.1
30095,1353.9,1781.6
30097,1342.2,1757.0
30099,1314.2,1716.6
30101,1304.3,1694.9
30103,1325.4,1744.5
30105,1291.4,1673.5
30107,1355.6,1760.3
30109,1352.1,1745.3
30111,1330.7,1760.5
31001,1455.0,1907.8
31003,1419.3,1842.6
31005,1556.6,2019.0
31007,1528.5,1990.1
31009,1499.2,1942.1
31011,1432.5,1860.7
31013,1517.6,1972.5
31015,1419.4,1849.0
31017,1490.3,1925.4
31019,1476.9,1931.1
31021,1375.3,1789.3
31023,1416.2,1846.2
31025,1383.7,1809.5
31027,1391.7,1804.4
31029,1517.7,1991.2
31031,1507.9,1949.5
31033,1553.6,2029.6
31035,1448.4,1897.1
31037,1413.9,1841.8
31039,1394.2,1810.8
31041,1478.0,1925.1
31043,1378.5,1788.5
31045,1439.4,1889.9
31047,1488.4,1947.7
31049,1554.6,2033.1
31051,1382.3,1792.3
31053,1389.9,1811.9
31055,1376.8,1799.2
31057,1553.0,2046.4
31059,1453.0,1902.0
31061,1479.7,1948.1
31063,1516.3,1995.1
31065,1513.2,1994.0
31067,1435.5,1881.3
31069,1544.8,2012.9
31071,1476.4,1912.6
31073,1505.3,1978.5
31075,1537.0,1986.8
31077,1461.7,1902.1
31079,1459.9,1909.5
31081,1438.5,1881.5
31083,1497.4,1971.3
31085,1541.6,2021.5
31087,1537.5,2029.7
31089,1418.4,1842.7
31091,1533.7,1981.8
31093,1447.9,1890.4
31095,1455.8,1908.7
31097,1414.3,1851.1
31099,1472.9,1929.2
31101,1532.7,1999.6
31103,1439.4,1874.9
31105,1559.0,2026.8
31107,1398.5,1815.9
31109,1424.1,1861.7
31111,1520.7,1985.1
31113,1518.2,1966.0
31115,1490.6,1931.6
31117,1542.3,1997.0
31119,1415.5,1837.5
31121,1437.4,1878.7
31123,1521.0,1991.4
31125,1438.3,1874.6
31127,1401.4,1837.6
31129,1465.8,1923.6
31131,1401.9,1835.6
31133,1424.6,1865.5
31135,1517.4,1985.6
31137,1493.9,1957.2
31139,1407.0,1826.3
31141,1429.7,1862.6
31143,1427.2,1862.9
31145,1518.9,2002.2
31147,1403.0,1843.2
31149,1479.1,1913.1
31151,1447.3,1893.9
31153,1378.0,1801.4
31155,1394.3,1820.8
31157,1497.2,1963.8
31159,1433.1,1872.2
31161,1506.5,1957.9
31163,1473.1,1921.4
31165,1525.0,1982.8
31167,1408.4,1827.8
31169,1456.3,1911.5
31171,1518.6,1964.5
31173,1386.3,1799.8
31175,1469.9,1913.2
31177,1384.8,1805.4
31179,1398.5,1812.1
31181,1467.2,1928.1
31183,1444.2,1875.2
31185,1440.5,1882.2
32001,1652.2,2224.4
32003,1712.8,2379.2
32005,1662.3,2235.7
32007,1529.8,2027.0
32009,1787.8,2409.3
32011,1562.1,2033.8
32013,1587.4,2128.4
32015,1611.1,2131.5
32017,1756.5,2335.7
32019,1658.3,2258.2
32021,1695.2,2290.8
32023,1798.1,2364.2
32027,1633.7,2187.6
32029,1670.0,2237.0
32031,1620.1,2161.9
32033,1546.5,2029.7
32510,1669.5,2237.3
33001,1273.5,1654.3
33003,1287.0,1666.3
33005,1236.6,1614.9
33007,1166.4,1499.9
33009,1161.9,1508.1
33011,1277.8,1664.2
33013,1259.0,1642.8
33015,1290.7,1688.7
33017,1285.2,1678.9
33019,1237.6,1611.1
34001,1362.7,1786.9
34003,1292.1,1703.8
34005,1324.7,1749.2
34007,1321.6,1745.8
34009,1407.0,1811.3
34011,1367.2,1786.2
34013,1307.1,1724.2
34015,1324.0,1751.9
34017,1315.4,1725.0
34019,1295.7,1719.4
34021,1305.6,1729.7
34023,1311.1,1739.8
34025,1306.8,1716.5
34027,1280.1,1692.7
34029,1331.7,1744.0
34031,1294.8,1707.8
34033,1324.5,1747.9
34035,1297.3,1722.9
34037,1268.0,1674.9
34039,1314.8,1737.5
34041,1265.7,1674.3
35001,1773.4,2390.6
35003,1692.5,2238.6
35005,1757.6,2380.3
35006,1768.8,2307.4
35007,1701.5,2263.9
35009,1760.1,2339.1
35011,1771.9,2364.3
35013,1809.6,2466.7
35015,1774.6,2402.7
35017,1781.5,2380.1
35019,1801.9,2373.4
35021,1711.2,2271.1
35023,1827.0,2474.4
35025,1768.1,2375.5
35027,1721.9,2276.5
35028,1705.4,2250.9
35029,1848.1,2496.6
35031,1744.8,2277.6
35033,1749.6,2298.4
35035,1765.9,2378.6
35037,1748.7,2337.3
35039,1675.2,2207.0
35041,1764.8,2351.0
35043,1704.4,2263.6
35045,1771.4,2360.6
35047,1670.2,2220.8
35049,1796.8,2362.3
35051,1823.3,2474.9
35053,1784.7,2401.0
35055,1701.3,2243.4
35057,1811.6,2359.7
35059,1745.7,2288.1
35061,1772.2,2399.7
36001,1240.3,1624.5
36003,1150.7,1507.1
36005,1316.3,1729.5
36007,1141.3,1502.7
36009,1135.3,1492.0
36011,1134.9,1504.0
36013,1130.2,1486.7
36015,1144.2,1508.8
36017,1162.8,1522.9
36019,1212.2,1561.1
36021,1207.7,1597.7
36023,1133.6,1488.0
36025,1145.1,1496.8
36027,1263.8,1670.2
36029,1154.8,1518.6
36031,1154.9,1484.5
36033,1143.7,1474.2
36035,1201.6,1562.7
36037,1150.5,1520.9
36039,1210.2,1576.6
36041,1156.4,1488.5
36043,1150.3,1489.3
36045,1177.1,1534.8
36047,1335.7,1748.7
36049,1158.2,1508.3
36051,1138.1,1504.2
36053,1141.7,1495.0
36055,1161.4,1525.7
36057,1191.7,1565.1
36059,1351.6,1751.8
36061,1314.2,1723.3
36063,1162.1,1526.4
36065,1125.5,1486.9
36067,1129.8,1491.5
36069,1148.7,1512.6
36071,1269.8,1678.3
36073,1171.4,1522.7
36075,1123.3,1483.1
36077,1176.1,1536.7
36079,1284.3,1690.0
36081,1288.5,1683.3
36083,1198.8,1576.6
36085,1282.9,1689.4
36087,1286.3,1694.8
36089,1154.5,1504.0
36091,1224.9,1599.8
36093,1277.9,1676.0
36095,1218.9,1584.3
36097,1173.2,1542.7
36099,1142.5,1511.1
36101,1160.5,1522.3
36103,1324.3,1718.0
36105,1226.5,1606.2
36107,1154.5,1522.5
36109,1139.7,1499.8
36111,1219.5,1600.6
36113,1226.5,1591.7
36115,1196.0,1577.0
36117,1146.0,1509.2
36119,1277.5,1684.3
36121,1138.7,1495.8
36123,1162.7,1528.1
37001,1386.3,1877.0
37003,1385.6,1877.9
37005,1368.5,1820.0
37007,1395.3,1898.5
37009,1330.9,1761.6
37011,1318.0,1752.1
37013,1388.3,1875.2
37015,1389.0,1876.6
37017,1402.2,1903.2
37019,1427.0,1901.8
37021,1371.8,1840.0
37023,1389.7,1879.4
37025,1392.7,1890.9
37027,1371.8,1857.7
37029,1389.5,1852.8
37031,1427.5,1878.4
37033,1380.4,1867.0
37035,1400.5,1900.3
37037,1384.9,1878.2
37039,1355.8,1831.7
37041,1388.1,1864.2
37043,1335.5,1801.6
37045,1399.0,1905.7
37047,1400.7,1899.3
37049,1379.4,1868.4
37051,1415.3,1907.7
37053,1406.8,1858.7
37055,1425.0,1874.7
37057,1399.2,1897.8
37059,1386.0,1881.8
37061,1397.0,1893.1
37063,1387.6,1879.0
37065,1389.5,1870.1
37067,1387.0,1878.4
37069,1389.8,1878.3
37071,1400.5,1903.1
37073,1370.9,1848.8
37075,1348.9,1807.5
37077,1390.3,1880.5
37079,1411.4,1904.9
37081,1384.8,1871.4
37083,1391.6,1875.1
37085,1395.2,1886.2
37087,1321.5,1764.5
37089,1427.5,1918.7
37091,1376.9,1859.9
37093,1425.1,1918.8
37095,1432.4,1893.1
37097,1392.1,1889.0
37099,1373.0,1838.5
37101,1408.0,1899.5
37103,1374.6,1862.3
37105,1392.6,1888.7
37107,1389.0,1877.5
37109,1393.8,1892.8
37111,1368.6,1848.6
37113,1395.1,1866.5
37115,1332.9,1788.3
37117,1403.6,1893.5
37119,1401.8,1905.6
37121,1319.0,1766.7
37123,1399.8,1906.5
37125,1401.2,1899.9
37127,1399.4,1887.4
37129,1432.1,1910.4
37131,1390.0,1870.9
37133,1403.6,1899.2
37135,1389.5,1880.4
37137,1407.4,1882.7
37139,1389.7,1852.6
37141,1391.9,1887.0
37143,1376.0,1837.5
37145,1389.5,1878.3
37147,1397.9,1885.2
37149,1402.5,1903.2
37151,1399.3,1898.9
37153,1405.5,1908.9
37155,1428.2,1929.3
37157,1382.8,1870.1
37159,1393.4,1890.5
37161,1395.6,1898.1
37163,1410.7,1909.9
37165,1418.2,1916.4
37167,1397.8,1902.5
37169,1370.3,1852.1
37171,1355.2,1830.5
37173,1174.8,1584.1
37175,1383.5,1847.7
37177,1381.8,1855.1
37179,1405.6,1909.8
37181,1385.0,1870.5
37183,1404.0,1898.0
37185,1384.6,1871.7
37187,1389.1,1866.8
37189,1278.0,1702.8
37191,1420.0,1913.2
37193,1358.5,1833.4
37195,1400.8,1888.0
37197,1380.7,1873.8
37199,1304.7,1739.8
38001,1381.5,1776.3
38003,1289.2,1650.7
38005,1275.0,1624.2
38007,1359.4,1746.6
38009,1265.0,1620.2
38011,1400.2,1799.8
38013,1279.5,1631.6
38015,1310.9,1683.0
38017,1261.8,1628.5
38019,1260.4,1597.9
38021,1304.6,1678.1
38023,1279.8,1644.4
38025,1330.9,1708.2
38027,1270.6,1620.1
38029,1336.4,1716.9
38031,1282.5,1635.5
38033,1364.6,1753.4
38035,1261.8,1618.8
38037,1348.7,1729.2
38039,1280.8,1633.0
38041,1351.5,1738.8
38043,1273.8,1630.2
38045,1290.1,1656.7
38047,1305.9,1670.1
38049,1286.6,1647.0
38051,1317.8,1687.8
38053,1307.2,1685.4
38055,1269.5,1618.1
38057,1309.7,1682.0
38059,1318.3,1695.7
38061,1307.8,1669.0
38063,1268.7,1612.1
38065,1305.4,1674.3
38067,1247.5,1595.2
38069,1273.9,1625.3
38071,1257.2,1599.8
38073,1287.1,1658.5
38075,1289.7,1649.7
38077,1272.0,1642.0
38079,1259.8,1611.2
38081,1297.2,1671.5
38083,1280.0,1634.1
38085,1349.7,1736.0
38087,1375.6,1767.9
38089,1350.8,1730.1
38091,1282.9,1640.2
38093,1300.2,1658.8
38095,1269.1,1613.0
38097,1242.8,1603.2
38099,1255.2,1602.8
38101,1301.3,1661.0
38103,1280.0,1632.5
38105,1294.4,1667.5
39001,1240.0,1664.3
39003,1255.0,1647.4
39005,1198.4,1583.1
39007,1190.3,1550.3
39009,1222.4,1640.9
39011,1240.3,1628.2
39013,1187.6,1584.4
39015,1253.4,1676.6
39017,1273.8,1695.4
39019,1175.8,1567.3
39021,1249.4,1644.1
39023,1269.3,1671.1
39025,1251.6,1674.3
39027,1265.2,1675.4
39029,1164.4,1550.2
39031,1198.0,1600.8
39033,1210.9,1589.8
39035,1182.8,1552.8
39037,1268.6,1663.3
39039,1240.1,1626.7
39041,1219.1,1610.1
39043,1231.3,1609.1
39045,1219.2,1622.2
39047,1267.2,1672.6
39049,1247.9,1650.1
39051,1244.3,1630.8
39053,1234.9,1664.3
39055,1140.5,1512.5
39057,1255.9,1660.5
39059,1201.2,1606.4
39061,1273.9,1704.9
39063,1236.3,1621.0
39065,1229.5,1612.6
39067,1193.5,1593.0
39069,1248.0,1637.1
39071,1256.2,1667.3
39073,1221.2,1634.9
39075,1191.0,1581.6
39077,1198.0,1574.1
39079,1231.8,1657.7
39081,1181.9,1576.7
39083,1205.8,1597.0
39085,1166.3,1526.6
39087,1226.9,1656.2
39089,1213.8,1615.5
39091,1228.4,1611.7
39093,1222.3,1599.5
39095,1226.5,1602.4
39097,1268.0,1669.0
39099,1160.0,1543.3
39101,1231.4,1618.9
39103,1163.1,1542.7
39105,1214.5,1636.0
39107,1247.5,1635.5
39109,1253.4,1652.4
39111,1198.2,1603.6
39113,1253.9,1660.6
39115,1217.5,1632.1
39117,1203.9,1586.8
39119,1200.1,1608.4
39121,1200.7,1608.8
39123,1233.2,1615.2
39125,1254.2,1647.0
39127,1216.2,1625.7
39129,1252.0,1660.5
39131,1237.7,1663.5
39133,1154.2,1530.5
39135,1272.8,1680.1
39137,1243.2,1632.4
39139,1204.8,1585.2
39141,1228.7,1641.2
39143,1213.3,1594.3
39145,1250.0,1684.4
39147,1210.4,1589.2
39149,1244.5,1634.6
39151,1200.3,1592.5
39153,1168.6,1549.6
39155,1141.3,1517.6
39157,1184.0,1579.6
39159,1248.4,1641.7
39161,1260.8,1654.2
39163,1222.4,1643.6
39165,1246.9,1657.9
39167,1203.4,1617.1
39169,1193.9,1580.2
39171,1248.9,1636.3
39173,1238.9,1625.7
39175,1231.9,1615.1
40001,1395.0,1893.0
40003,1539.1,2058.8
40005,1417.9,1940.2
40007,1624.5,2158.5
40009,1629.0,2168.1
40011,1565.3,2078.5
40013,1455.0,1985.8
40015,1546.9,2081.2
40017,1525.2,2038.9
40019,1488.4,2026.1
40021,1384.6,1881.7
40023,1414.4,1943.1
40025,1699.4,2248.2
40027,1489.3,2008.6
40029,1442.4,1964.2
40031,1559.7,2099.9
40033,1558.0,2099.0
40035,1412.8,1900.8
40037,1453.2,1960.5
40039,1592.9,2117.9
40041,1402.4,1899.5
40043,1593.6,2112.7
40045,1627.4,2151.8
40047,1512.5,2024.5
40049,1498.0,2032.0
40051,1512.6,2045.1
40053,1511.0,2018.8
40055,1606.8,2149.4
40057,1625.2,2180.3
40059,1598.3,2122.1
40061,1402.5,1906.8
40063,1434.2,1944.3
40065,1604.0,2157.3
40067,1523.1,2069.2
40069,1455.8,1976.7
40071,1490.5,1991.8
40073,1525.6,2046.0
40075,1591.7,2126.2
40077,1394.1,1902.4
40079,1379.0,1885.6
40081,1469.3,1987.7
40083,1504.1,2021.7
40085,1487.7,2027.1
40087,1501.0,2031.0
40089,1380.1,1892.4
40091,1423.3,1923.7
40093,1560.9,2080.4
40095,1475.5,2005.1
40097,1403.8,1897.5
40099,1474.9,2000.8
40101,1409.4,1909.4
40103,1496.0,2007.0
40105,1425.2,1914.1
40107,1451.6,1965.0
40109,1509.6,2025.5
40111,1426.2,1930.4
40113,1466.3,1965.5
40115,1392.2,1877.5
40117,1457.5,1963.7
40119,1469.4,1984.4
40121,1420.8,1929.2
40123,1453.3,1968.2
40125,1469.1,1986.6
40127,1377.5,1888.2
40129,1638.7,2171.0
40131,1418.6,1914.1
40133,1456.5,1971.9
40135,1388.8,1893.5
40137,1519.6,2059.2
40139,1665.8,2211.8
40141,1589.5,2139.0
40143,1441.6,1942.8
40145,1416.1,1915.1
40147,1434.7,1927.4
40149,1587.5,2117.8
40151,1575.0,2096.1
40153,1590.7,2106.6
41001,1376.3,1827.0
41003,1197.1,1598.4
41005,1104.3,1467.0
41007,917.8,1206.7
41009,1078.1,1436.0
41011,1226.1,1631.9
41013,1409.5,1857.5
41015,1292.4,1668.1
41017,1471.4,1939.1
41019,1207.2,1632.8
41021,1357.0,1788.9
41023,1332.3,1781.9
41025,1499.9,1966.5
41027,1265.4,1670.8
41029,1387.5,1881.0
41031,1419.2,1894.9
41033,1369.3,1866.2
41035,1493.0,1983.0
41037,1517.3,2010.4
41039,1176.8,1586.7
41041,1157.4,1483.2
41043,1028.2,1400.5
41045,1299.0,1754.9
41047,1147.0,1540.6
41049,1357.9,1786.8
41051,1076.0,1450.0
41053,1181.1,1582.3
41055,1410.7,1860.0
41057,1028.6,1357.3
41059,1300.0,1736.9
41061,1289.6,1714.5
41063,1315.1,1747.7
41065,1391.8,1850.9
41067,1143.6,1536.4
41069,1282.0,1715.9
41071,1139.4,1526.5
42001,1273.3,1691.5
42003,1185.8,1582.3
42005,1166.5,1547.3
42007,1172.4,1560.7
42009,1181.5,1567.5
42011,1251.7,1663.7
42013,1155.7,1525.6
42015,1189.8,1565.4
42017,1294.1,1715.6
42019,1155.2,1534.6
42021,1168.3,1536.8
42023,1157.9,1522.4
42025,1241.6,1632.7
42027,1172.4,1549.1
42029,1292.3,1714.8
42031,1145.3,1516.0
42033,1168.5,1536.3
42035,1191.7,1567.1
42037,1206.0,1597.9
42039,1119.0,1484.8
42041,1254.7,1668.8
42043,1233.5,1639.6
42045,1307.6,1732.4
42047,1148.2,1508.8
42049,1168.2,1529.2
42051,1163.9,1549.8
42053,1138.9,1502.0
42055,1240.8,1651.5
42057,1233.0,1637.3
42059,1175.8,1570.3
42061,1207.9,1603.9
42063,1167.0,1545.8
42065,1149.7,1516.9
42067,1215.6,1616.0
42069,1180.0,1554.0
42071,1275.3,1690.1
42073,1158.0,1542.0
42075,1246.4,1657.9
42077,1244.1,1649.4
42079,1172.0,1550.9
42081,1181.7,1561.9
42083,1142.0,1496.4
42085,1142.3,1521.1
42087,1178.0,1565.5
42089,1254.8,1647.7
42091,1277.1,1695.8
42093,1204.0,1598.7
42095,1263.6,1673.0
42097,1206.1,1602.5
42099,1234.0,1641.6
42101,1324.2,1752.7
42103,1254.6,1641.8
42105,1149.4,1503.6
42107,1234.8,1629.6
42109,1181.4,1573.0
42111,1186.2,1555.2
42113,1191.1,1563.6
42115,1167.5,1535.8
42117,1183.8,1551.3
42119,1202.6,1594.0
42121,1125.0,1488.8
42123,1130.0,1488.7
42125,1187.1,1582.5
42127,1217.0,1594.9
42129,1162.1,1548.5
42131,1189.9,1562.3
42133,1282.4,1701.5
44001,1306.2,1703.6
44003,1312.8,1716.8
44005,1325.2,1700.6
44007,1301.4,1710.4
44009,1326.6,1726.8
45001,1405.5,1919.7
45003,1422.6,1934.6
45005,1430.9,1955.1
45007,1422.0,1937.9
45009,1435.5,1955.4
45011,1425.2,1942.8
45013,1434.5,1946.9
45015,1412.6,1920.7
45017,1433.0,1942.3
45019,1448.6,1954.7
45021,1404.4,1917.3
45023,1395.1,1904.4
45025,1400.0,1895.6
45027,1440.5,1949.8
45029,1412.0,1936.7
45031,1437.5,1943.4
45033,1417.8,1922.7
45035,1412.3,1935.2
45037,1399.6,1910.9
45039,1394.4,1902.2
45041,1426.0,1932.3
45043,1420.6,1920.2
45045,1422.3,1935.7
45047,1400.3,1915.3
45049,1418.4,1943.6
45051,1407.0,1906.5
45053,1415.2,1941.1
45055,1405.0,1912.2
45057,1408.4,1920.4
45059,1403.0,1917.7
45061,1435.2,1939.2
45063,1414.0,1912.5
45065,1409.6,1929.6
45067,1428.1,1938.5
45069,1432.2,1943.7
45071,1392.0,1901.3
45073,1412.4,1924.6
45075,1426.5,1939.4
45077,1414.1,1927.7
45079,1391.6,1895.0
45081,1404.3,1917.0
45083,1410.4,1921.5
45085,1433.0,1943.0
45087,1401.2,1917.1
45089,1417.5,1929.5
45091,1396.2,1903.3
46003,1395.7,1809.9
46005,1364.5,1768.8
46007,1481.8,1924.2
46009,1399.2,1820.6
46011,1354.5,1740.2
46013,1327.6,1715.0
46015,1385.8,1802.0
46017,1394.7,1811.1
46019,1428.5,1857.4
46021,1351.5,1737.9
46023,1401.1,1822.8
46025,1338.8,1723.3
46027,1374.1,1783.7
46029,1314.3,1684.9
46031,1376.9,1773.8
46033,1412.9,1853.8
46035,1388.2,1800.8
46037,1337.4,1711.2
46039,1340.8,1717.2
46041,1400.1,1805.0
46043,1398.3,1816.8
46045,1363.0,1754.4
46047,1479.6,1939.2
46049,1370.8,1770.9
46051,1328.8,1703.2
46053,1412.1,1835.9
46055,1423.2,1851.8
46057,1336.5,1715.2
46059,1364.7,1767.5
46061,1382.3,1792.4
46063,1415.8,1828.1
46065,1404.5,1820.1
46067,1385.2,1798.7
46069,1389.0,1795.3
46071,1425.3,1861.1
46073,1387.4,1794.8
46075,1421.0,1849.8
46077,1357.8,1745.8
46079,1361.8,1749.1
46081,1375.5,1784.1
46083,1370.4,1772.8
46085,1400.1,1825.7
46087,1376.9,1779.6
46089,1341.9,1720.7
46091,1298.8,1666.4
46093,1423.2,1849.2
46095,1429.9,1859.9
46097,1366.7,1766.9
46099,1367.9,1764.2
46101,1358.5,1746.6
46102,1426.6,1872.4
46103,1447.1,1891.7
46105,1409.1,1818.0
46107,1377.9,1775.7
46109,1315.0,1686.8
46111,1381.8,1790.5
46115,1350.0,1748.2
46117,1409.9,1831.0
46119,1401.7,1811.2
46121,1443.0,1874.5
46123,1411.7,1837.5
46125,1374.7,1779.0
46127,1361.1,1766.1
46129,1357.5,1747.8
46135,1383.8,1796.3
46137,1408.4,1824.4
47001,1318.8,1787.7
47003,1321.0,1796.7
47005,1327.8,1806.5
47007,1302.8,1761.2
47009,1312.8,1780.8
47011,1339.4,1823.6
47013,1287.5,1735.6
47015,1298.0,1763.6
47017,1335.0,1817.2
47019,1288.2,1721.5
47021,1319.9,1794.2
47023,1352.0,1842.3
47025,1303.2,1760.7
47027,1296.3,1759.6
47029,1278.3,1738.9
47031,1337.8,1815.6
47033,1365.8,1848.1
47035,1310.5,1762.7
47037,1282.1,1742.8
47039,1337.3,1824.5
47041,1303.5,1771.2
47043,1327.1,1800.8
47045,1368.9,1849.7
47047,1359.5,1850.7
47049,1284.7,1733.5
47051,1332.8,1806.2
47053,1344.7,1821.3
47055,1338.0,1818.3
47057,1307.4,1776.4
47059,1331.5,1807.9
47061,1321.0,1783.0
47063,1340.3,1821.7
47065,1326.4,1802.4
47067,1284.1,1736.6
47069,1350.4,1840.5
47071,1346.5,1836.2
47073,1321.8,1794.6
47075,1353.1,1832.4
47077,1344.3,1832.4
47079,1331.2,1808.8
47081,1321.2,1797.5
47083,1317.5,1789.9
47085,1325.0,1804.6
47087,1286.2,1750.7
47089,1316.7,1790.9
47091,1297.8,1730.9
47093,1336.3,1817.7
47095,1379.8,1860.9
47097,1374.2,1857.2
47099,1342.7,1822.6
47101,1336.1,1813.7
47103,1345.2,1828.8
47105,1338.2,1819.1
47107,1338.7,1826.2
47109,1343.5,1833.5
47111,1299.0,1763.2
47113,1345.4,1827.5
47115,1230.8,1676.3
47117,1335.2,1812.8
47119,1332.4,1811.1
47121,1331.0,1811.1
47123,1325.9,1803.7
47125,1298.9,1767.1
47127,1325.7,1801.0
47129,1287.4,1739.5
47131,1357.8,1837.2
47133,1286.0,1741.2
47135,1327.2,1808.0
47137,1284.0,1741.7
47139,1324.9,1803.9
47141,1304.4,1767.7
47143,1263.5,1714.2
47145,1323.7,1800.0
47147,1306.6,1772.7
47149,1319.0,1792.8
47151,1277.8,1727.4
47153,1309.1,1769.5
47155,1313.1,1768.7
47157,1358.8,1847.0
47159,1296.1,1763.0
47161,1323.8,1794.5
47163,1324.2,1793.2
47165,1302.7,1769.2
47167,1368.0,1851.9
47169,1296.2,1764.6
47171,1225.1,1649.1
47173,1317.5,1789.4
47175,1317.8,1777.0
47177,1316.6,1784.3
47179,1322.8,1785.9
47181,1337.2,1819.2
47183,1343.2,1822.7
47185,1298.1,1762.1
47187,1329.2,1805.8
47189,1305.6,1773.8
48001,1419.0,1954.9
48003,1755.8,2363.0
48005,1383.9,1918.2
48009,1565.9,2116.7
48011,1672.8,2232.7
48013,1467.9,2031.2
48015,1415.6,1941.5
48017,1738.8,2320.6
48019,1466.5,2013.2
48021,1444.4,1982.3
48023,1595.3,2153.3
48025,1433.4,1969.5
48027,1485.3,2030.9
48029,1469.7,2027.8
48031,1503.0,2051.0
48033,1686.7,2275.0
48035,1500.2,2041.2
48037,1405.9,1935.7
48039,1380.1,1888.4
48041,1423.3,1951.7
48043,1773.1,2421.5
48045,1682.9,2243.1
48047,1457.7,2010.0
48049,1577.4,2136.5
48051,1440.5,1974.4
48053,1500.7,2053.1
48055,1448.4,1988.5
48057,1464.2,1973.5
48059,1600.8,2157.2
48061,1456.0,1975.5
48063,1409.2,1942.8
48065,1688.5,2238.4
48067,1394.4,1925.8
48069,1713.5,2292.4
48071,1415.0,1919.1
48073,1406.2,1938.4
48075,1627.8,2188.8
48077,1538.3,2088.1
48079,1742.0,2328.9
48081,1647.8,2219.4
48083,1597.6,2154.5
48085,1471.6,1990.1
48087,1631.6,2181.4
48089,1421.7,1952.7
48091,1458.5,2003.6
48093,1573.3,2131.1
48095,1623.5,2199.0
48097,1497.9,2037.4
48099,1523.9,2074.4
48101,1645.1,2214.5
48103,1735.3,2361.7
48105,1656.3,2230.3
48107,1712.6,2285.8
48109,1814.6,2446.0
48111,1703.1,2265.8
48113,1475.3,2004.0
48115,1729.2,2323.8
48117,1731.6,2299.5
48119,1443.2,1964.2
48121,1492.0,2028.5
48123,1435.7,1971.7
48125,1669.4,2236.1
48127,1519.2,2102.1
48129,1676.6,2239.6
48131,1486.0,2044.9
48133,1592.4,2152.1
48135,1753.7,2366.2
48137,1575.7,2131.2
48139,1485.2,2020.7
48141,1850.9,2531.7
48143,1548.6,2103.4
48145,1470.6,2011.2
48147,1459.7,1982.7
48149,1432.8,1964.5
48151,1657.0,2230.2
48153,1707.1,2272.0
48155,1625.1,2190.1
48157,1403.6,1926.5
48159,1429.3,1963.9
48161,1450.3,1982.6
48163,1488.3,2062.9
48165,1737.0,2336.5
48167,1458.6,1952.0
48169,1674.1,2250.4
48171,1535.9,2084.3
48173,1714.5,2305.0
48175,1429.0,1960.7
48177,1433.9,1972.1
48179,1671.4,2211.7
48181,1485.5,2013.7
48183,1407.0,1936.4
48185,1413.0,1946.5
48187,1457.0,2004.2
48189,1706.8,2275.5
48191,1640.9,2210.1
48193,1545.0,2088.9
48195,1660.2,2203.2
48197,1620.5,2180.8
48199,1359.8,1882.2
48201,1390.9,1907.6
48203,1400.6,1932.2
48205,1720.9,2292.2
48207,1623.4,2192.8
48209,1460.5,2005.7
48211,1645.8,2182.6
48213,1442.9,1980.8
48215,1514.4,2082.0
48217,1501.5,2046.6
48219,1727.9,2312.6
48221,1517.8,2065.1
48223,1434.5,1963.7
48225,1402.2,1935.5
48227,1706.2,2302.3
48229,1847.5,2480.3
48231,1459.8,1981.5
48233,1672.4,2225.3
48235,1662.3,2235.3
48237,1535.4,2093.9
48239,1411.8,1932.9
48241,1367.8,1894.5
48243,1623.0,2170.8
48245,1392.4,1884.4
48247,1520.3,2089.1
48249,1477.7,2032.5
48251,1505.0,2047.1
48253,1617.9,2183.0
48255,1450.2,1996.5
48257,1459.7,1991.2
48259,1481.4,2029.4
48261,1468.4,2003.6
48263,1650.7,2223.8
48265,1512.5,2057.1
48267,1544.6,2095.0
48269,1632.5,2198.0
48271,1529.1,2100.9
48273,1462.7,2000.0
48275,1616.9,2183.1
48277,1428.0,1947.9
48279,1727.0,2307.5
48281,1523.5,2070.6
48283,1490.3,2069.3
48285,1417.2,1946.0
48287,1442.5,1976.5
48289,1435.0,1971.7
48291,1369.2,1889.6
48293,1467.0,1999.9
48295,1635.2,2164.5
48297,1454.6,2001.6
48299,1515.3,2070.5
48301,1765.3,2402.7
48303,1712.2,2287.1
48305,1722.6,2308.0
48307,1601.8,2178.0
48309,1495.0,2040.1
48311,1478.2,2047.2
48313,1412.2,1939.2
48315,1392.1,1923.1
48317,1728.4,2328.6
48319,1547.2,2104.8
48321,1414.0,1915.0
48323,1523.2,2105.0
48325,1468.1,2027.7
48327,1599.6,2166.3
48329,1743.4,2348.1
48331,1459.8,1998.1
48333,1559.3,2113.2
48335,1677.0,2263.9
48337,1524.9,2080.5
48339,1372.5,1899.2
48341,1682.6,2234.3
48343,1411.3,1945.6
48345,1666.8,2233.0
48347,1390.9,1920.8
48349,1473.0,2008.9
48351,1363.7,1889.1
48353,1653.4,2216.6
48355,1471.5,2010.1
48357,1653.8,2190.6
48359,1709.8,2279.9
48361,1372.0,1875.7
48363,1531.4,2088.2
48365,1404.0,1938.1
48367,1517.2,2064.9
48369,1726.2,2312.7
48371,1736.3,2357.1
48373,1373.7,1897.7
48375,1696.4,2256.2
48377,1778.5,2414.6
48379,1433.4,1961.6
48381,1707.9,2265.6
48383,1715.7,2305.7
48385,1477.3,2024.1
48387,1409.1,1935.1
48389,1744.3,2387.6
48391,1426.3,1945.9
48393,1661.6,2205.4
48395,1452.4,1988.2
48397,1466.3,1991.7
48399,1615.8,2187.3
48401,1407.4,1934.2
48403,1378.9,1901.7
48405,1380.5,1907.8
48407,1367.0,1890.9
48409,1459.2,2004.3
48411,1549.4,2106.0
48413,1636.5,2197.8
48415,1668.8,2244.1
48417,1590.6,2147.0
48419,1396.2,1930.4
48421,1682.3,2230.5
48423,1423.5,1952.0
48425,1509.3,2055.8
48427,1516.2,2091.1
48429,1562.0,2115.2
48431,1682.5,2262.7
48433,1637.4,2210.3
48435,1621.7,2184.8
48437,1709.8,2273.6
48439,1504.0,2042.9
48441,1613.1,2171.6
48443,1692.6,2299.7
48445,1731.9,2321.9
48447,1598.0,2161.5
48449,1415.6,1950.2
48451,1644.8,2221.4
48453,1461.2,2006.8
48455,1399.1,1936.7
48457,1368.3,1897.0
48459,1409.5,1946.0
48461,1746.0,2356.9
48463,1479.2,2040.7
48465,1620.0,2199.6
48467,1439.2,1968.2
48469,1412.9,1936.4
48471,1394.6,1928.1
48473,1409.0,1935.5
48475,1759.0,2403.5
48477,1433.7,1963.8
48479,1524.0,2102.9
48481,1413.5,1938.0
48483,1654.1,2197.7
48485,1574.3,2127.7
48487,1598.9,2156.3
48489,1479.7,2016.1
48491,1476.9,2021.0
48493,1471.6,2031.0
48495,1763.5,2390.1
48497,1503.8,2056.6
48499,1418.4,1954.0
48501,1763.7,2366.1
48503,1550.4,2105.0
48505,1545.2,2135.3
48507,1490.3,2067.1
49001,1680.4,2217.0
49003,1445.7,1899.4
49005,1208.5,1645.6
49007,1511.5,2011.0
49009,1469.8,1890.7
49011,1549.5,2032.1
49013,1598.7,2098.9
49015,1607.3,2130.1
49017,1654.1,2195.1
49019,1657.3,2230.6
49021,1725.9,2283.7
49023,1616.7,2158.7
49025,1665.3,2222.5
49027,1638.2,2192.2
49029,1344.8,1794.9
49031,1592.8,2104.7
49033,1484.2,1935.8
49035,1491.5,1992.9
49037,1678.5,2222.2
49039,1508.3,1997.2
49041,1506.4,1988.2
49043,1418.7,1820.7
49045,1615.0,2161.4
49047,1559.6,2108.3
49049,1490.2,2009.5
49051,1452.5,1887.6
49053,1600.1,2193.5
49055,1679.5,2248.6
49057,1292.9,1747.6
50001,1185.6,1555.8
50003,1175.5,1533.5
50005,1160.2,1497.2
50007,1155.1,1511.4
50009,1151.1,1482.3
50011,1145.3,1490.8
50013,1165.8,1515.9
50015,1115.4,1447.5
50017,1184.1,1530.0
50019,1130.7,1463.1
50021,1171.4,1530.6
50023,1170.5,1515.9
50025,1252.8,1620.7
50027,1202.2,1559.0
51001,1435.2,1865.4
51003,1342.3,1809.0
51005,1267.2,1688.5
51007,1367.5,1846.5
51009,1323.6,1782.0
51011,1367.0,1843.6
51013,1330.2,1777.4
51015,1339.1,1784.8
51017,1280.4,1702.0
51019,1342.9,1808.7
51021,1296.0,1716.9
51023,1325.1,1780.3
51025,1380.0,1863.5
51027,1261.3,1693.4
51029,1359.7,1834.1
51031,1362.3,1836.3
51033,1347.3,1814.9
51035,1347.1,1789.2
51036,1370.0,1844.7
51037,1373.4,1855.2
51041,1372.2,1849.6
51043,1288.4,1725.9
51045,1277.6,1700.6
51047,1327.5,1787.8
51049,1363.4,1841.0
51051,1262.7,1692.8
51053,1383.5,1869.3
51057,1351.2,1813.1
51059,1326.3,1772.3
51061,1319.4,1772.6
51063,1359.8,1802.0
51065,1347.7,1822.0
51067,1354.5,1820.8
51069,1279.2,1705.8
51071,1276.3,1701.8
51073,1400.1,1860.9
51075,1366.8,1847.0
51077,1356.6,1796.3
51079,1312.1,1764.5
51081,1374.7,1855.5
51083,1378.7,1866.9
51085,1366.1,1842.7
51087,1366.9,1841.4
51089,1366.1,1842.5
51091,1288.1,1696.8
51093,1382.2,1858.7
51095,1380.7,1850.3
51097,1360.5,1828.2
51099,1349.6,1811.2
51101,1356.5,1825.9
51103,1391.5,1853.4
51105,1290.5,1740.5
51107,1296.8,1737.3
51109,1354.9,1826.9
51111,1387.6,1873.6
51113,1329.9,1784.4
51115,1432.7,1858.7
51117,1386.2,1869.7
51119,1384.2,1844.6
51121,1324.9,1762.1
51125,1334.6,1800.2
51127,1366.1,1838.2
51131,1466.4,1887.0
51133,1383.9,1834.3
51135,1383.3,1866.1
51137,1349.0,1816.3
51139,1316.0,1757.2
51141,1323.5,1776.7
51143,1378.2,1860.9
51145,1372.5,1854.7
51147,1374.0,1854.4
51149,1370.7,1848.0
51153,1321.7,1773.6
51155,1333.3,1772.7
51157,1299.5,1740.6
51159,1351.5,1813.0
51161,1310.6,1749.0
51163,1329.4,1780.1
51165,1318.1,1761.2
51167,1290.7,1729.1
51169,1308.2,1764.7
51171,1294.9,1732.0
51173,1295.5,1726.8
51175,1381.5,1864.7
51177,1343.1,1808.7
51179,1338.4,1796.4
51181,1384.3,1860.8
51183,1379.9,1862.6
51185,1273.7,1697.9
51187,1303.3,1745.1
51191,1311.5,1765.2
51193,1362.1,1823.5
51195,1264.1,1688.7
51197,1328.5,1765.0
51199,1429.3,1849.5
51510,1330.7,1779.2
51520,1310.7,1767.0
51530,1324.0,1778.1
51540,1351.4,1822.9
51550,1370.1,1842.7
51570,1379.5,1858.9
51580,1288.7,1721.3
51590,1376.3,1863.4
51595,1374.7,1855.4
51600,1320.9,1765.1
51610,1339.3,1790.4
51620,1392.4,1878.3
51630,1341.3,1804.7
51640,1353.0,1799.2
51650,1419.3,1871.3
51660,1326.0,1776.3
51670,1369.0,1843.9
51678,1349.1,1809.4
51680,1362.5,1834.8
51683,1317.8,1768.4
51685,1318.3,1769.0
51690,1357.7,1832.1
51700,1395.6,1866.8
51710,1431.2,1895.3
51720,1240.2,1660.6
51730,1377.4,1857.2
51735,1418.3,1865.7
51740,1404.0,1876.9
51750,1318.3,1757.8
51760,1366.4,1842.8
51770,1342.6,1799.2
51775,1333.1,1777.8
51790,1360.3,1818.8
51800,1379.0,1858.0
51810,1389.2,1845.0
51820,1347.2,1798.3
51830,1383.0,1853.3
51840,1287.5,1725.1
53001,1360.1,1800.9
53003,1252.6,1671.7
53005,1367.7,1848.8
53007,1250.8,1652.8
53009,909.2,1194.9
53011,1041.3,1402.5
53013,1275.4,1698.4
53015,1021.8,1368.3
53017,1345.8,1780.3
53019,1186.4,1564.2
53021,1348.1,1820.2
53023,1296.6,1724.0
53025,1350.0,1816.9
53027,994.6,1311.7
53031,972.8,1296.9
53033,958.3,1281.7
53035,1072.4,1425.5
53037,1343.0,1775.8
53039,1371.4,1826.2
53041,960.3,1298.2
53043,1318.1,1736.8
53045,1071.9,1429.8
53047,1239.7,1630.7
53049,951.0,1247.6
53051,1139.2,1517.8
53053,993.2,1324.9
53055,1148.5,1484.9
53057,955.2,1276.5
53059,1155.5,1532.1
53061,857.7,1150.4
53063,1228.4,1628.0
53065,1157.7,1549.3
53067,1029.4,1374.9
53069,1009.0,1337.9
53071,1297.4,1752.1
53073,852.1,1132.8
53075,1279.4,1702.4
53077,1372.8,1845.6
54001,1185.6,1581.4
54003,1267.0,1695.1
54005,1216.4,1637.6
54007,1171.3,1576.0
54009,1174.8,1567.4
54011,1224.7,1653.9
54013,1208.7,1627.3
54015,1130.5,1529.2
54017,1193.0,1603.0
54019,1235.2,1648.9
54021,1177.7,1589.9
54023,1217.4,1610.6
54025,1262.8,1676.6
54027,1272.4,1695.9
54029,1175.1,1565.2
54031,1266.5,1682.8
54033,1185.5,1591.1
54035,1219.8,1643.3
54037,1296.3,1735.2
54039,1179.0,1593.3
54041,1199.8,1611.2
54043,1236.9,1669.4
54045,1223.1,1647.3
54047,1166.6,1569.5
54049,1195.3,1598.9
54051,1167.9,1561.7
54053,1229.7,1657.9
54055,1257.0,1670.5
54057,1218.5,1613.2
54059,1214.6,1643.3
54061,1199.9,1603.3
54063,1278.9,1701.5
54065,1256.5,1677.6
54067,1213.4,1616.6
54069,1179.0,1574.6
54071,1282.1,1686.5
54073,1200.6,1612.8
54075,1264.7,1657.3
54077,1171.9,1553.0
54079,1237.3,1669.9
54081,1258.4,1673.3
54083,1159.0,1528.2
54085,1194.5,1606.0
54087,1200.3,1617.7
54089,1283.5,1709.4
54091,1191.5,1595.2
54093,1176.2,1555.0
54095,1198.7,1608.5
54097,1194.9,1598.3
54099,1215.6,1644.7
54101,1200.4,1590.2
54103,1141.8,1534.5
54105,1186.3,1599.1
54107,1224.7,1647.6
54109,1236.6,1661.1
55001,1292.9,1676.6
55003,1198.7,1560.9
55005,1256.0,1624.2
55007,1206.0,1563.7
55009,1268.9,1642.2
55011,1277.4,1661.1
55013,1278.5,1651.5
55015,1277.7,1644.7
55017,1264.1,1640.4
55019,1253.5,1628.9
55021,1289.4,1673.2
55023,1285.4,1677.4
55025,1305.2,1699.5
55027,1269.7,1647.1
55029,1234.6,1556.6
55031,1258.5,1626.6
55033,1262.7,1640.3
55035,1255.8,1633.9
55037,1230.8,1592.1
55039,1273.7,1646.2
55041,1230.8,1589.3
55043,1290.7,1687.9
55045,1277.5,1671.8
55047,1282.1,1658.5
55049,1290.3,1683.8
55051,1212.2,1570.2
55053,1269.6,1651.3
55055,1268.5,1654.3
55057,1300.0,1687.2
55059,1279.7,1641.3
55061,1250.5,1593.7
55063,1272.0,1657.9
55065,1295.4,1694.3
55067,1252.2,1614.0
55069,1264.3,1628.9
55071,1160.8,1491.2
55073,1271.6,1644.9
55075,1260.4,1633.8
55077,1279.5,1662.7
55078,1280.2,1652.0
55079,1282.9,1645.3
55081,1280.6,1665.4
55083,1258.4,1629.4
55085,1256.2,1615.1
55087,1277.2,1648.5
55089,1197.4,1548.9
55091,1254.1,1633.8
55093,1271.4,1652.1
55095,1278.5,1654.3
55097,1288.2,1669.3
55099,1245.7,1610.3
55101,1321.9,1675.3
55103,1260.0,1648.7
55105,1281.4,1672.7
55107,1266.8,1640.5
55109,1257.7,1633.4
55111,1272.0,1658.0
55113,1255.8,1625.2
55115,1275.9,1650.8
55117,1267.3,1628.2
55119,1268.5,1638.2
55121,1260.4,1642.2
55123,1270.6,1656.0
55125,1220.3,1575.1
55127,1281.0,1668.8
55129,1264.2,1629.7
55131,1260.5,1642.0
55133,1282.7,1673.1
55135,1275.7,1651.3
55137,1294.4,1674.3
55139,1271.4,1638.2
55141,1264.0,1642.4
56001,1517.2,1934.8
56003,1450.9,1931.4
56005,1459.9,1888.7
56007,1527.3,1945.5
56009,1496.5,1936.1
56011,1393.7,1819.0
56013,1551.3,2061.3
56015,1516.0,1991.3
56017,1487.8,1957.0
56019,1450.4,1901.5
56021,1520.7,1960.6
56023,1196.6,1566.4
56025,1539.0,1973.7
56027,1513.9,1962.7
56029,1415.5,1820.9
56031,1504.0,1959.1
56033,1318.2,1744.9
56035,1541.6,1989.9
56037,1591.3,2034.0
56039,1238.0,1605.7
56041,1523.7,1965.3
56043,1478.4,1955.5
56045,1501.4,1945.0
72001,1380.6,1906.2
72003,1470.2,2011.8
72005,1499.1,2071.4
72007,1379.8,1892.7
72009,1409.3,1931.1
72011,1397.6,1929.7
72013,1408.0,1958.7
72015,1581.5,2147.6
72017,1506.1,2095.9
72019,1353.3,1855.4
72021,1366.1,1884.7
72023,1579.9,2166.7
72025,1417.5,1950.7
72027,1413.1,1960.2
72029,1398.3,1920.5
72031,1429.6,1975.0
72033,1479.1,2050.3
72035,1366.3,1868.3
72037,1573.9,2152.3
72039,1348.8,1854.3
72041,1424.1,1948.6
72043,1385.1,1900.3
72045,1362.6,1867.2
72047,1349.1,1859.3
72049,1601.6,2155.6
72051,1535.5,2129.9
72053,1603.5,2161.9
72054,1348.1,1861.2
72055,1583.7,2173.7
72057,1591.7,2166.7
72059,1572.5,2164.8
72061,1361.1,1876.6
72063,1418.4,1950.9
72065,1417.4,1969.7
72067,1384.6,1911.3
72069,1527.5,2097.5
72071,1462.5,2024.6
72073,1304.7,1794.2
72075,1535.0,2087.6
72077,1454.1,2000.3
72079,1554.6,2133.0
72081,1365.9,1891.8
72083,1301.7,1805.4
72085,1457.5,1998.2
72087,1507.2,2086.9
72089,1495.1,2047.2
72091,1429.8,1984.0
72093,1252.1,1729.1
72095,1527.2,2074.0
72097,1655.7,2250.5
72099,1400.6,1946.5
72101,1356.5,1871.5
72103,1528.6,2094.8
72105,1338.2,1835.4
72107,1291.1,1774.1
72109,1512.0,2054.5
72111,1516.5,2085.3
72113,1574.7,2166.0
72115,1469.7,2038.8
72117,1466.0,2006.3
72119,1505.9,2061.4
72121,1453.1,1990.9
72123,1601.6,2181.4
72125,1366.6,1895.0
72127,1478.2,2049.6
72129,1432.2,1960.3
72131,1360.8,1890.5
72133,1592.4,2168.6
72135,1380.5,1903.1
72137,1552.1,2154.5
72139,1395.2,1929.2
72141,1361.3,1879.4
72143,1446.8,2005.2
72145,1513.9,2100.1
72147,1599.9,2158.6
72149,1303.7,1788.0
72151,1555.3,2121.5
72153,1411.5,1934.9
