geoid,walkability_score,nat_walk_ind,households
01001,24.0,5.56,21115.0
01003,30.7,6.83,78622.0
01005,23.0,5.37,9186.0
01007,21.4,5.07,6840.0
01009,19.4,4.69,20600.0
01011,18.1,4.43,3609.0
01013,23.2,5.41,6708.0
01015,25.1,5.76,45033.0
01017,22.5,5.27,13516.0
01019,17.9,4.39,10606.0
01021,19.4,4.69,16751.0
01023,15.4,3.93,5350.0
01025,22.9,5.34,9358.0
01027,17.3,4.29,5236.0
01029,18.8,4.57,5726.0
01031,26.4,6.01,19789.0
01033,29.1,6.52,21799.0
01035,19.3,4.67,4574.0
01037,13.0,3.46,4103.0
01039,22.1,5.2,15008.0
01041,21.6,5.1,5025.0
01043,21.9,5.17,30730.0
01045,21.7,5.12,18670.0
01047,26.9,6.1,16336.0
01049,20.2,4.84,26132.0
01051,23.2,5.4,29143.0
01053,24.5,5.65,13428.0
01055,26.5,6.04,38777.0
01057,17.7,4.36,6947.0
01059,20.7,4.93,11210.0
01061,19.2,4.65,10479.0
01063,16.8,4.2,2955.0
01065,20.2,4.85,5658.0
01067,19.2,4.65,6669.0
01069,30.1,6.71,39253.0
01071,19.9,4.79,20626.0
01073,42.7,9.12,260924.0
01075,20.3,4.85,5974.0
01077,26.5,6.04,38514.0
01079,14.5,3.75,12811.0
01081,27.6,6.24,59373.0
01083,22.3,5.24,32126.0
01085,14.5,3.76,4180.0
01087,17.8,4.39,7637.0
01089,35.2,7.69,145256.0
01091,24.3,5.62,7768.0
01093,21.4,5.06,12212.0
01095,25.6,5.86,34896.0
01097,31.5,6.99,155831.0
01099,18.7,4.55,8149.0
01101,55.4,11.53,89835.0
01103,27.2,6.17,45646.0
01105,18.3,4.48,3079.0
01107,18.2,4.46,7530.0
01109,24.9,5.72,11547.0
01111,20.4,4.88,8643.0
01113,26.7,6.07,22740.0
01115,24.5,5.65,32172.0
01117,29.0,6.51,78328.0
01119,18.1,4.45,5047.0
01121,22.8,5.33,31407.0
01123,21.1,5.01,16448.0
01125,29.9,6.69,72379.0
01127,22.9,5.34,25036.0
01129,14.4,3.74,6007.0
01131,18.7,4.56,3804.0
01133,20.9,4.97,9403.0
02013,26.4,6.01,860.0
02016,17.2,4.27,1176.0
02020,48.8,10.28,106524.0
02050,16.6,4.16,4558.0
02060,33.3,7.33,333.0
02068,26.3,6.0,639.0
02070,19.2,4.65,1420.0
02090,25.7,5.88,36513.0
02100,28.7,6.45,1026.0
02105,27.7,6.27,799.0
02110,49.3,10.36,12521.0
02122,26.2,5.99,21741.0
02130,36.4,7.91,5327.0
02150,29.9,6.69,4373.0
02158,23.1,5.39,1692.0
02164,26.8,6.1,425.0
02170,24.1,5.57,30879.0
02180,32.3,7.13,2875.0
02185,24.9,5.72,1966.0
02188,28.0,6.32,1860.0
02195,38.8,8.37,1170.0
02198,25.9,5.93,2356.0
02220,63.3,13.02,3561.0
02230,30.7,6.83,400.0
02240,22.1,5.2,2163.0
02261,24.1,5.57,3093.0
02275,24.8,5.71,1074.0
02282,32.5,7.17,232.0
02290,22.3,5.23,1906.0
04001,17.5,4.32,20395.0
04003,26.8,6.08,49250.0
04005,40.0,8.59,47276.0
04007,24.5,5.66,21708.0
04009,24.3,5.61,10782.0
04011,14.7,3.79,3225.0
04012,19.5,4.7,8912.0
04013,53.5,11.17,1520767.0
04015,31.0,6.9,85485.0
04017,24.4,5.64,34407.0
04019,47.5,10.03,400907.0
04021,26.8,6.1,137286.0
04023,24.0,5.57,15430.0
04025,32.6,7.19,96007.0
04027,47.5,10.02,72463.0
05001,27.9,6.3,7682.0
05003,22.3,5.23,7915.0
05005,26.3,6.0,18370.0
05007,29.5,6.61,94333.0
05009,27.6,6.25,14870.0
05011,22.9,5.34,4537.0
05013,17.3,4.29,1936.0
05015,22.9,5.36,11161.0
05017,25.1,5.77,4308.0
05019,26.8,6.08,8505.0
05021,24.1,5.59,6441.0
05023,23.9,5.55,10731.0
05025,12.5,3.38,3292.0
05027,28.0,6.31,8962.0
05029,22.4,5.26,8475.0
05031,30.6,6.81,40800.0
05033,25.8,5.91,23701.0
05035,42.4,9.06,18756.0
05037,25.3,5.81,6694.0
05039,22.9,5.36,3033.0
05041,27.0,6.13,5111.0
05043,21.1,5.01,7018.0
05045,28.9,6.5,44095.0
05047,22.6,5.3,6800.0
05049,16.2,4.08,5000.0
05051,31.8,7.04,39894.0
05053,16.8,4.19,6780.0
05055,25.5,5.84,16879.0
05057,23.6,5.48,7971.0
05059,24.7,5.7,12377.0
05061,25.8,5.9,5096.0
05063,23.5,5.47,14268.0
05065,24.7,5.69,5049.0
05067,23.3,5.42,6095.0
05069,28.1,6.33,26977.0
05071,20.6,4.91,9800.0
05073,21.2,5.02,2859.0
05075,24.6,5.67,6531.0
05077,19.2,4.66,3352.0
05079,16.5,4.14,3795.0
05081,17.3,4.28,5440.0
05083,21.7,5.13,8464.0
05085,24.6,5.67,26868.0
05087,17.0,4.23,6195.0
05089,19.0,4.62,6669.0
05091,28.1,6.34,16748.0
05093,27.1,6.16,16888.0
05095,24.9,5.73,3326.0
05097,17.8,4.38,3761.0
05099,18.9,4.58,3303.0
05101,19.7,4.73,2899.0
05103,24.5,5.66,10055.0
05105,19.4,4.68,3708.0
05107,26.1,5.96,7498.0
05109,24.5,5.66,4299.0
05111,24.2,5.6,9437.0
05113,23.3,5.42,8204.0
05115,27.0,6.12,22628.0
05117,23.9,5.54,3826.0
05119,47.5,10.02,157083.0
05121,19.4,4.68,7455.0
05123,21.8,5.14,9319.0
05125,27.0,6.12,43604.0
05127,19.6,4.72,3855.0
05129,18.5,4.51,3271.0
05131,32.5,7.18,50670.0
05133,21.6,5.11,5854.0
05135,23.2,5.41,7354.0
05137,22.3,5.24,4954.0
05139,25.8,5.91,15904.0
05141,20.3,4.85,6852.0
05143,36.2,7.87,85891.0
05145,24.6,5.68,29263.0
05147,23.6,5.48,2890.0
05149,20.9,4.97,7491.0
06001,69.6,14.23,572870.0
06003,21.0,4.99,299.0
06005,31.0,6.88,14090.0
06007,31.7,7.01,86797.0
06009,30.7,6.83,17417.0
06011,31.4,6.96,7113.0
06013,53.9,11.24,392277.0
06015,51.2,10.73,9799.0
06017,39.4,8.48,69172.0
06019,53.5,11.16,304624.0
06021,31.8,7.05,10017.0
06023,51.8,10.85,54267.0
06025,39.0,8.41,44057.0
06027,34.0,7.46,8083.0
06029,48.1,10.14,267913.0
06031,52.1,10.89,42735.0
06033,45.4,9.63,25966.0
06035,34.7,7.59,9493.0
06037,66.4,13.62,3306109.0
06039,42.0,8.98,44759.0
06041,59.1,12.23,105258.0
06043,19.8,4.76,7700.0
06045,42.4,9.05,34090.0
06047,52.9,11.05,79606.0
06049,31.9,7.05,3660.0
06051,48.3,10.18,4847.0
06053,58.7,12.15,126052.0
06055,39.7,8.55,49032.0
06057,36.1,7.87,40904.0
06059,64.2,13.19,1032373.0
06061,48.8,10.27,140661.0
06063,40.0,8.61,8047.0
06065,50.6,10.61,718349.0
06067,60.8,12.55,536029.0
06069,50.4,10.58,17740.0
06071,52.6,10.99,630633.0
06073,57.9,12.0,1118980.0
06075,79.5,16.1,359673.0
06077,52.3,10.94,226727.0
06079,51.2,10.72,105317.0
06081,49.1,10.33,261969.0
06083,51.1,10.71,144962.0
06085,67.2,13.77,635525.0
06087,58.2,12.06,95756.0
06089,43.3,9.24,70473.0
06091,22.3,5.24,1241.0
06093,38.3,8.27,19257.0
06095,58.0,12.02,149067.0
06097,52.2,10.93,189339.0
06099,59.8,12.36,172682.0
06101,53.0,11.07,32360.0
06103,36.5,7.93,24025.0
06105,29.2,6.55,5796.0
06107,34.4,7.53,136106.0
06109,28.8,6.47,22427.0
06111,56.9,11.82,271226.0
06113,64.7,13.3,73510.0
06115,44.3,9.41,26179.0
08001,58.0,12.02,164353.0
08003,36.5,7.94,6153.0
08005,60.2,12.44,237559.0
08007,30.2,6.73,5670.0
08009,24.3,5.62,1642.0
08011,26.9,6.12,1744.0
08013,61.9,12.76,125894.0
08014,49.4,10.39,26721.0
08015,34.6,7.57,7958.0
08017,27.0,6.12,742.0
08019,28.8,6.47,4640.0
08021,19.8,4.76,3068.0
08023,22.2,5.23,1687.0
08025,21.0,4.98,1194.0
08027,20.1,4.82,2083.0
08029,28.9,6.49,11882.0
08031,71.9,14.67,294358.0
08033,27.9,6.31,740.0
08035,40.5,8.69,117426.0
08037,41.7,8.92,17750.0
08039,20.1,4.83,9046.0
08041,51.3,10.75,253379.0
08043,30.0,6.69,17163.0
08045,38.4,8.3,21138.0
08047,20.1,4.82,2653.0
08049,39.0,8.4,5823.0
08051,47.8,10.07,6643.0
08053,29.8,6.67,387.0
08055,19.7,4.73,3282.0
08057,30.0,6.71,575.0
08059,53.4,11.15,230153.0
08061,29.7,6.64,593.0
08063,33.2,7.31,2977.0
08065,31.8,7.04,3353.0
08067,29.6,6.63,21793.0
08069,47.7,10.07,133527.0
08071,30.2,6.74,6477.0
08073,27.2,6.17,1520.0
08075,34.5,7.56,8183.0
08077,33.7,7.4,61033.0
08079,32.5,7.17,375.0
08081,28.8,6.46,5210.0
08083,27.8,6.28,10615.0
08085,27.5,6.23,17125.0
08087,29.7,6.64,10785.0
08089,39.4,8.49,7691.0
08091,27.4,6.21,2194.0
08093,22.7,5.31,7119.0
08095,34.3,7.52,1668.0
08097,45.9,9.71,7018.0
08099,43.9,9.33,4963.0
08101,32.5,7.17,63762.0
08103,34.9,7.63,2403.0
08105,27.9,6.31,4504.0
08107,32.1,7.09,9552.0
08109,26.6,6.05,2645.0
08111,31.6,7.0,266.0
08113,32.2,7.13,3441.0
08115,29.1,6.53,1017.0
08117,35.3,7.71,9707.0
08119,27.2,6.17,10183.0
08121,24.2,5.59,2030.0
08123,33.9,7.44,102101.0
08125,26.5,6.03,4051.0
09001,49.4,10.39,340491.0
09003,49.8,10.45,349064.0
09005,33.7,7.41,73987.0
09007,40.9,8.77,66892.0
09009,51.9,10.86,329857.0
09011,43.1,9.19,107402.0
09013,30.6,6.81,55232.0
09015,29.4,6.59,44449.0
10001,39.8,8.56,64545.0
10003,53.7,11.2,203855.0
10005,33.9,7.44,89365.0
11001,71.2,14.54,281322.0
12001,48.6,10.24,97048.0
12003,23.3,5.42,8625.0
12005,45.8,9.7,70199.0
12007,22.6,5.29,8993.0
12009,46.5,9.83,228888.0
12011,58.3,12.07,682088.0
12013,19.1,4.63,4556.0
12015,32.7,7.22,76150.0
12017,30.9,6.87,62762.0
12019,32.1,7.1,73398.0
12021,32.1,7.1,140942.0
12023,26.1,5.95,24985.0
12027,25.3,5.81,11996.0
12029,16.3,4.1,6520.0
12031,50.6,10.62,354387.0
12033,46.4,9.81,118740.0
12035,29.6,6.63,40629.0
12037,31.3,6.94,4297.0
12039,21.4,5.07,17080.0
12041,16.9,4.22,6511.0
12043,16.0,4.04,4433.0
12045,27.4,6.21,5359.0
12047,22.5,5.27,4485.0
12049,25.3,5.82,7772.0
12051,28.1,6.33,12027.0
12053,39.2,8.44,73541.0
12055,29.0,6.51,41026.0
12057,47.5,10.03,516478.0
12059,16.2,4.08,7016.0
12061,32.8,7.23,57403.0
12063,21.8,5.14,16894.0
12065,22.1,5.2,5771.0
12067,23.2,5.41,2095.0
12069,31.9,7.06,130190.0
12071,43.6,9.29,271861.0
12073,45.9,9.72,112918.0
12075,21.9,5.16,16433.0
12077,15.9,4.02,2381.0
12079,21.7,5.12,6682.0
12081,49.2,10.35,143652.0
12083,32.7,7.21,136514.0
12085,31.2,6.94,63865.0
12086,68.2,13.96,870051.0
12087,54.7,11.38,30982.0
12089,28.6,6.43,31241.0
12091,35.9,7.83,77403.0
12093,25.4,5.83,13759.0
12095,51.4,10.76,458613.0
12097,44.5,9.46,99158.0
12099,50.7,10.63,548216.0
12101,41.6,8.91,199227.0
12103,61.1,12.6,407720.0
12105,35.2,7.68,231260.0
12107,24.9,5.73,28264.0
12109,35.5,7.75,86268.0
12111,33.0,7.26,112872.0
12113,29.0,6.51,61345.0
12115,52.4,10.95,180551.0
12117,45.1,9.58,167304.0
12119,36.3,7.89,54636.0
12121,21.7,5.13,15083.0
12123,23.6,5.48,7356.0
12125,19.8,4.75,3892.0
12127,48.5,10.21,212985.0
12129,23.4,5.46,11068.0
12131,29.2,6.54,26432.0
12133,19.2,4.65,8484.0
13001,21.0,4.98,6682.0
13003,18.2,4.46,2785.0
13005,23.0,5.38,3966.0
13007,14.8,3.8,1385.0
13009,25.6,5.87,16122.0
13011,22.1,5.2,6603.0
13013,25.7,5.88,25319.0
13015,27.9,6.3,37351.0
13017,23.3,5.42,6569.0
13019,15.8,4.01,7322.0
13021,32.4,7.16,58010.0
13023,23.9,5.53,4168.0
13025,16.1,4.06,6564.0
13027,20.5,4.89,6350.0
13029,27.8,6.29,12636.0
13031,26.4,6.01,26955.0
13033,15.5,3.95,8184.0
13035,25.0,5.75,8157.0
13037,20.1,4.82,1853.0
13039,29.0,6.5,19327.0
13043,19.7,4.74,3965.0
13045,26.4,6.01,41150.0
13047,26.8,6.09,24636.0
13049,22.6,5.29,3559.0
13051,49.6,10.42,108151.0
13053,23.9,5.55,2550.0
13055,19.8,4.77,9098.0
13057,32.0,7.08,85825.0
13059,33.5,7.36,47224.0
13061,20.2,4.83,1202.0
13063,40.8,8.76,92845.0
13065,23.4,5.44,2502.0
13067,41.4,8.86,277222.0
13069,22.2,5.21,14298.0
13071,23.5,5.46,15374.0
13073,31.0,6.89,46840.0
13075,23.5,5.47,6233.0
13077,27.7,6.27,51308.0
13079,16.0,4.04,4637.0
13081,25.2,5.79,8329.0
13083,22.5,5.28,6070.0
13085,27.9,6.29,8711.0
13087,24.5,5.65,10153.0
13089,53.5,11.17,277757.0
13091,18.6,4.53,7694.0
13093,17.4,4.31,4861.0
13095,37.2,8.06,34780.0
13097,29.4,6.58,48968.0
13099,17.6,4.34,4082.0
13101,13.1,3.49,1559.0
13103,22.6,5.29,20489.0
13105,20.6,4.92,7491.0
13107,24.5,5.65,8392.0
13109,23.8,5.52,4006.0
13111,25.2,5.79,10461.0
13113,31.1,6.92,39753.0
13115,25.8,5.9,35633.0
13117,29.6,6.63,73675.0
13119,24.1,5.59,8305.0
13121,55.4,11.53,400016.0
13123,21.3,5.05,11645.0
13125,14.8,3.81,1105.0
13127,34.0,7.46,33777.0
13129,24.1,5.58,20294.0
13131,22.2,5.23,9037.0
13133,23.2,5.41,7004.0
13135,40.3,8.65,288724.0
13137,27.9,6.29,15195.0
13139,27.6,6.25,63931.0
13141,11.9,3.27,2991.0
13143,23.7,5.51,11128.0
13145,17.6,4.35,12158.0
13147,19.8,4.77,10019.0
13149,13.4,3.54,4489.0
13151,29.9,6.68,73826.0
13153,31.3,6.94,56146.0
13155,20.1,4.82,3291.0
13157,24.3,5.62,22034.0
13159,17.1,4.25,5087.0
13161,19.6,4.72,5270.0
13163,23.3,5.43,5609.0
13165,14.3,3.71,3409.0
13167,16.6,4.16,3361.0
13169,19.5,4.71,10510.0
13171,21.8,5.14,6368.0
13173,17.8,4.38,3724.0
13175,24.8,5.71,17183.0
13177,22.0,5.18,10354.0
13179,25.3,5.8,23232.0
13181,16.6,4.16,3424.0
13183,9.7,2.84,5601.0
13185,31.3,6.94,40472.0
13187,22.7,5.31,11649.0
13189,23.8,5.53,8103.0
13191,20.0,4.8,6033.0
13193,20.1,4.81,4673.0
13195,21.8,5.15,10712.0
13197,15.7,3.98,3331.0
13199,20.1,4.82,8151.0
13201,22.0,5.19,2300.0
13205,21.2,5.03,7889.0
13207,21.4,5.07,9803.0
13209,22.9,5.35,3039.0
13211,23.4,5.45,6656.0
13213,17.6,4.34,14081.0
13215,33.9,7.44,72924.0
13217,25.7,5.89,36626.0
13219,30.3,6.75,13093.0
13221,16.6,4.16,5621.0
13223,27.4,6.21,52389.0
13225,27.1,6.15,10103.0
13227,25.4,5.83,11841.0
13229,22.5,5.27,7072.0
13231,21.2,5.03,6106.0
13233,24.9,5.73,15011.0
13235,26.2,5.97,3817.0
13237,22.6,5.29,8660.0
13239,18.1,4.45,934.0
13241,28.5,6.42,6563.0
13243,21.0,4.99,2616.0
13245,32.2,7.11,72165.0
13247,26.1,5.96,30521.0
13249,18.3,4.47,1877.0
13251,20.5,4.9,5257.0
13253,18.5,4.52,3325.0
13255,28.1,6.34,24137.0
13257,28.1,6.35,9468.0
13259,13.6,3.59,1826.0
13261,28.0,6.32,11758.0
13263,11.6,3.2,2766.0
13265,9.5,2.8,612.0
13267,21.4,5.07,8237.0
13269,19.1,4.64,3437.0
13271,24.0,5.55,4931.0
13273,22.8,5.34,3247.0
13275,24.9,5.73,17352.0
13277,30.7,6.84,15058.0
13279,25.1,5.76,10403.0
13281,26.6,6.06,4777.0
13283,17.9,4.41,2641.0
13285,27.6,6.24,24843.0
13287,21.9,5.17,3023.0
13289,15.3,3.92,3031.0
13291,23.8,5.51,9070.0
13293,22.2,5.23,10204.0
13295,22.3,5.23,25709.0
13297,26.0,5.93,31133.0
13299,30.0,6.7,13901.0
13301,17.7,4.35,2332.0
13303,21.2,5.03,7359.0
13305,22.7,5.31,10353.0
13307,14.0,3.67,1101.0
13309,13.6,3.58,1937.0
13311,26.8,6.1,11588.0
13313,25.4,5.83,36043.0
13315,17.4,4.31,2606.0
13317,20.7,4.93,3879.0
13319,18.8,4.57,3237.0
13321,19.2,4.64,8038.0
15001,23.5,5.47,68412.0
15003,60.4,12.48,311525.0
15005,20.2,4.83,47.0
15007,28.9,6.48,22524.0
15009,31.4,6.96,54274.0
16001,53.2,11.11,168741.0
16003,24.7,5.69,1675.0
16005,34.2,7.49,30841.0
16007,24.3,5.61,2350.0
16009,27.6,6.24,3346.0
16011,25.5,5.85,14772.0
16013,45.8,9.69,8190.0
16015,22.5,5.27,3110.0
16017,26.6,6.05,17584.0
16019,36.0,7.85,39000.0
16021,24.2,5.59,4605.0
16023,23.3,5.43,1050.0
16025,25.4,5.83,357.0
16027,43.5,9.27,70847.0
16029,19.1,4.63,2618.0
16031,30.1,6.72,7904.0
16033,27.2,6.17,305.0
16035,21.3,5.04,3707.0
16037,27.6,6.24,1761.0
16039,32.5,7.17,10285.0
16041,25.6,5.87,4294.0
16043,25.6,5.86,4309.0
16045,31.4,6.96,6583.0
16047,31.2,6.92,5419.0
16049,20.1,4.82,6466.0
16051,20.5,4.9,8647.0
16053,28.9,6.49,7828.0
16055,37.1,8.04,60497.0
16057,29.9,6.69,15530.0
16059,24.5,5.66,3549.0
16061,29.8,6.66,1632.0
16063,20.2,4.84,1687.0
16065,35.4,7.73,10625.0
16067,27.8,6.28,7279.0
16069,34.1,7.48,16302.0
16071,29.4,6.59,1585.0
16073,23.9,5.54,4250.0
16075,33.7,7.41,8768.0
16077,29.1,6.52,2581.0
16079,22.8,5.33,5540.0
16081,31.7,7.03,3736.0
16083,35.8,7.81,30697.0
16085,27.2,6.16,3461.0
16087,28.2,6.36,4018.0
17001,33.4,7.34,27300.0
17003,25.5,5.85,2323.0
17005,23.4,5.45,6218.0
17007,28.2,6.35,18731.0
17009,26.4,6.01,2087.0
17011,26.5,6.04,13805.0
17013,19.5,4.71,1805.0
17015,27.8,6.29,6476.0
17017,33.5,7.36,5024.0
17019,55.5,11.54,82499.0
17021,28.2,6.36,13939.0
17023,24.7,5.69,6774.0
17025,24.7,5.69,5638.0
17027,30.1,6.72,14190.0
17029,30.7,6.84,21139.0
17031,66.8,13.7,1963070.0
17033,26.9,6.12,7653.0
17035,20.6,4.91,4322.0
17037,31.7,7.03,37703.0
17039,28.0,6.31,6663.0
17041,27.9,6.3,7618.0
17043,51.2,10.72,341823.0
17045,26.4,6.02,7590.0
17047,20.7,4.93,2776.0
17049,30.2,6.74,13555.0
17051,21.0,4.98,7616.0
17053,29.3,6.57,5779.0
17055,26.7,6.08,16135.0
17057,26.0,5.95,14090.0
17059,18.3,4.49,2314.0
17061,23.0,5.37,5005.0
17063,30.1,6.72,19398.0
17065,23.1,5.39,3376.0
17067,24.9,5.73,7420.0
17069,18.0,4.43,1438.0
17071,20.5,4.9,2990.0
17073,27.0,6.13,20023.0
17075,26.0,5.94,11779.0
17077,29.5,6.61,23728.0
17079,21.9,5.17,3656.0
17081,23.8,5.53,15223.0
17083,22.0,5.17,8665.0
17085,27.7,6.27,9758.0
17087,16.6,4.16,4342.0
17089,47.8,10.09,178050.0
17091,31.2,6.92,40050.0
17093,32.6,7.19,40407.0
17095,29.4,6.59,20830.0
17097,47.3,9.99,244672.0
17099,31.1,6.91,44644.0
17101,25.7,5.89,6144.0
17103,27.3,6.19,13699.0
17105,28.7,6.46,14320.0
17107,31.3,6.94,10872.0
17109,25.5,5.85,11292.0
17111,38.6,8.33,111812.0
17113,50.5,10.59,66159.0
17115,31.1,6.91,44113.0
17117,28.9,6.49,18772.0
17119,32.6,7.19,107413.0
17121,27.8,6.28,15913.0
17123,25.5,5.84,4893.0
17125,24.0,5.56,6027.0
17127,25.9,5.91,6011.0
17129,23.3,5.42,5198.0
17131,19.1,4.63,6624.0
17133,30.0,6.7,13349.0
17135,31.2,6.93,11339.0
17137,29.5,6.6,13864.0
17139,26.6,6.06,5910.0
17141,26.2,5.97,20901.0
17143,50.9,10.68,73629.0
17145,24.6,5.67,8323.0
17147,28.7,6.45,6700.0
17149,24.3,5.61,6527.0
17151,11.4,3.17,1644.0
17153,25.4,5.82,2173.0
17155,26.0,5.94,2395.0
17157,27.4,6.2,11873.0
17159,31.0,6.89,6482.0
17161,34.1,7.48,60294.0
17163,49.4,10.38,103063.0
17165,31.0,6.89,10002.0
17167,49.4,10.38,83661.0
17169,24.6,5.68,2836.0
17171,22.6,5.3,1959.0
17173,24.1,5.58,9203.0
17175,19.5,4.7,2294.0
17177,29.3,6.57,19609.0
17179,40.3,8.67,54613.0
17181,23.1,5.39,6669.0
17183,29.5,6.6,31180.0
17185,29.0,6.5,4896.0
17187,27.2,6.17,6690.0
17189,22.0,5.19,5975.0
17191,22.1,5.21,7075.0
17193,27.5,6.22,6082.0
17195,28.9,6.49,23346.0
17197,41.0,8.79,227848.0
17199,28.8,6.47,27089.0
17201,32.1,7.11,114608.0
17203,26.8,6.09,14566.0
18001,24.6,5.68,12476.0
18003,45.8,9.7,143500.0
18005,29.8,6.67,31669.0
18007,28.7,6.45,3403.0
18009,30.8,6.86,5225.0
18011,28.8,6.47,24645.0
18013,18.9,4.58,6093.0
18015,21.6,5.1,7880.0
18017,27.2,6.17,14666.0
18019,40.9,8.76,44275.0
18021,26.1,5.95,10510.0
18023,26.7,6.07,12007.0
18025,23.1,5.38,3915.0
18027,31.6,7.01,11417.0
18029,24.1,5.59,18648.0
18031,26.3,6.0,10425.0
18033,26.4,6.02,16789.0
18035,33.6,7.39,46028.0
18037,28.6,6.42,16550.0
18039,31.1,6.91,72329.0
18041,26.8,6.09,9568.0
18043,38.7,8.36,29356.0
18045,26.5,6.03,7015.0
18047,22.3,5.24,8744.0
18049,26.1,5.96,7884.0
18051,29.5,6.6,13244.0
18053,30.7,6.84,26121.0
18055,24.8,5.71,12790.0
18057,37.9,8.21,116982.0
18059,30.0,6.69,28215.0
18061,19.5,4.7,14584.0
18063,30.5,6.79,58078.0
18065,27.9,6.31,18408.0
18067,30.6,6.82,34550.0
18069,30.2,6.73,14754.0
18071,27.2,6.16,16746.0
18073,25.5,5.85,12539.0
18075,22.9,5.34,8149.0
18077,26.8,6.1,12759.0
18079,19.7,4.74,10659.0
18081,33.5,7.37,55777.0
18083,32.3,7.13,14955.0
18085,27.1,6.16,30676.0
18087,21.5,5.09,12079.0
18089,37.1,8.06,185437.0
18091,32.2,7.12,42904.0
18093,26.1,5.96,18487.0
18095,31.4,6.96,51422.0
18097,52.5,10.97,369033.0
18099,25.0,5.76,17245.0
18101,26.3,6.0,4198.0
18103,23.9,5.54,13707.0
18105,49.0,10.32,55537.0
18107,26.2,5.98,15271.0
18109,25.9,5.91,25926.0
18111,22.2,5.21,5562.0
18113,24.3,5.61,18090.0
18115,15.5,3.94,2513.0
18117,21.5,5.08,7881.0
18119,17.3,4.3,8695.0
18121,19.9,4.78,6145.0
18123,27.1,6.15,7465.0
18125,22.9,5.35,5129.0
18127,32.2,7.11,63969.0
18129,24.1,5.58,10175.0
18131,23.3,5.44,5200.0
18133,22.2,5.22,13439.0
18135,22.3,5.24,10477.0
18137,25.8,5.9,11165.0
18139,21.3,5.04,6725.0
18141,34.1,7.48,101241.0
18143,22.5,5.28,9004.0
18145,26.6,6.05,17725.0
18147,25.6,5.86,8109.0
18149,20.7,4.93,8735.0
18151,24.4,5.64,14156.0
18153,26.0,5.95,7707.0
18155,16.5,4.13,4297.0
18157,50.9,10.68,69112.0
18159,21.6,5.1,6295.0
18161,23.5,5.46,2846.0
18163,34.9,7.63,75197.0
18165,25.6,5.86,6616.0
18167,47.1,9.94,41874.0
18169,28.7,6.46,12875.0
18171,20.4,4.87,3384.0
18173,28.7,6.45,24267.0
18175,20.9,4.97,10721.0
18177,31.1,6.9,26611.0
18179,25.8,5.9,10874.0
18181,24.4,5.64,9745.0
18183,22.8,5.34,13548.0
19001,27.2,6.17,3136.0
19003,21.3,5.04,1641.0
19005,25.0,5.75,5957.0
19007,28.9,6.48,5416.0
19009,20.9,4.98,2677.0
19011,26.0,5.94,10224.0
19013,36.1,7.86,52976.0
19015,32.8,7.23,10940.0
19017,29.7,6.64,9585.0
19019,26.7,6.07,8046.0
19021,30.5,6.8,7550.0
19023,26.5,6.04,6251.0
19025,29.5,6.61,4191.0
19027,35.6,7.76,8674.0
19029,30.3,6.75,5964.0
19031,27.5,6.22,7546.0
19033,50.0,10.51,19213.0
19035,28.8,6.48,5337.0
19037,25.0,5.74,5191.0
19039,27.5,6.22,3854.0
19041,30.1,6.72,7343.0
19043,26.0,5.93,7652.0
19045,44.5,9.45,19689.0
19047,28.7,6.44,6435.0
19049,39.9,8.58,32886.0
19051,23.7,5.5,3215.0
19053,23.3,5.43,3213.0
19055,26.5,6.03,6939.0
19057,56.3,11.69,16840.0
19059,33.1,7.29,8069.0
19061,33.7,7.41,38330.0
19063,29.5,6.61,4110.0
19065,27.0,6.13,8315.0
19067,26.8,6.09,6759.0
19069,26.3,5.99,4200.0
19071,23.0,5.36,2990.0
19073,26.5,6.04,3889.0
19075,27.5,6.22,5137.0
19077,26.4,6.01,4397.0
19079,27.6,6.25,6315.0
19081,23.4,5.45,4766.0
19083,27.3,6.19,7175.0
19085,24.4,5.63,6076.0
19087,30.0,6.7,7714.0
19089,28.8,6.47,3868.0
19091,28.7,6.45,4221.0
19093,26.9,6.1,3010.0
19095,26.3,6.0,6791.0
19097,29.4,6.59,8236.0
19099,31.2,6.93,14548.0
19101,32.9,7.24,6831.0
19103,43.5,9.26,58163.0
19105,28.3,6.37,8204.0
19107,23.3,5.43,4384.0
19109,30.0,6.69,6666.0
19111,31.6,7.0,14177.0
19113,52.2,10.92,89807.0
19115,23.9,5.54,4343.0
19117,21.9,5.16,3642.0
19119,26.3,5.99,4549.0
19121,28.9,6.49,6309.0
19123,45.4,9.62,8829.0
19125,29.5,6.6,13314.0
19127,45.3,9.61,15338.0
19129,23.3,5.43,5587.0
19131,28.3,6.37,4397.0
19133,24.3,5.61,4053.0
19135,25.7,5.89,3329.0
19137,32.8,7.24,4587.0
19139,47.1,9.95,16536.0
19141,32.4,7.15,6031.0
19143,23.5,5.46,2611.0
19145,29.8,6.66,6323.0
19147,32.6,7.19,3812.0
19149,26.4,6.01,10115.0
19151,27.3,6.18,3205.0
19153,54.6,11.38,183753.0
19155,31.6,7.01,36881.0
19157,25.8,5.9,7681.0
19159,26.8,6.1,1997.0
19161,26.6,6.06,4367.0
19163,36.7,7.98,67025.0
19165,26.3,6.0,5046.0
19167,31.2,6.93,12166.0
19169,34.4,7.54,37219.0
19171,26.5,6.04,6755.0
19173,21.1,5.02,2650.0
19175,29.2,6.54,5194.0
19177,20.2,4.83,2863.0
19179,30.7,6.83,14418.0
19181,29.6,6.63,18959.0
19183,30.6,6.81,8720.0
19185,24.1,5.58,2669.0
19187,50.7,10.64,15208.0
19189,29.4,6.58,4605.0
19191,26.6,6.05,8205.0
19193,57.7,11.97,38975.0
19195,21.4,5.07,3170.0
19197,29.4,6.59,5690.0
20001,32.1,7.1,5289.0
20003,31.4,6.97,3069.0
20005,27.3,6.19,5980.0
20007,28.1,6.34,1960.0
20009,35.1,7.68,10892.0
20011,29.4,6.59,5722.0
20013,29.9,6.67,3904.0
20015,28.9,6.49,24473.0
20017,25.4,5.82,1029.0
20019,22.2,5.22,1450.0
20021,24.9,5.73,8037.0
20023,29.7,6.64,1228.0
20025,27.5,6.22,893.0
20027,25.6,5.86,3402.0
20029,30.4,6.77,3858.0
20031,25.0,5.75,3548.0
20033,30.6,6.82,744.0
20035,29.5,6.6,13566.0
20037,33.1,7.3,15053.0
20039,25.1,5.77,1486.0
20041,28.9,6.49,7801.0
20043,21.2,5.02,3024.0
20045,40.1,8.62,46294.0
20047,27.5,6.22,1302.0
20049,24.4,5.64,1117.0
20051,39.9,8.58,11581.0
20053,30.6,6.82,2462.0
20055,36.2,7.88,12509.0
20057,33.5,7.36,11274.0
20059,28.2,6.36,9982.0
20061,28.0,6.33,12754.0
20063,23.9,5.55,1211.0
20065,26.6,6.05,1216.0
20067,30.9,6.87,2592.0
20069,25.7,5.88,2179.0
20071,29.4,6.59,494.0
20073,26.0,5.94,2758.0
20075,25.6,5.87,852.0
20077,31.0,6.89,2274.0
20079,32.3,7.13,13383.0
20081,27.7,6.26,1329.0
20083,31.6,7.0,761.0
20085,21.9,5.17,5392.0
20087,23.3,5.43,7600.0
20089,20.7,4.93,1380.0
20091,50.5,10.59,226242.0
20093,30.8,6.85,1261.0
20095,21.9,5.16,3091.0
20097,25.0,5.76,981.0
20099,31.1,6.9,8033.0
20101,24.1,5.57,787.0
20103,28.8,6.48,27060.0
20105,23.2,5.4,1264.0
20107,25.1,5.78,4348.0
20109,31.9,7.06,1137.0
20111,33.6,7.39,13584.0
20113,29.6,6.63,12298.0
20115,25.6,5.86,4789.0
20117,31.3,6.95,4112.0
20119,28.6,6.44,1675.0
20121,27.4,6.21,12727.0
20123,34.6,7.57,2616.0
20125,29.3,6.57,13538.0
20127,21.9,5.17,2247.0
20129,30.9,6.86,1117.0
20131,26.8,6.09,4020.0
20133,30.6,6.82,6681.0
20135,28.3,6.38,1313.0
20137,36.7,7.97,1930.0
20139,22.3,5.24,6554.0
20141,32.3,7.13,1691.0
20143,22.5,5.28,2420.0
20145,31.6,7.0,2502.0
20147,28.2,6.36,2363.0
20149,25.9,5.92,8695.0
20151,33.0,7.27,3684.0
20153,24.5,5.66,1168.0
20155,32.6,7.19,25052.0
20157,25.4,5.83,2248.0
20159,30.2,6.74,3863.0
20161,35.7,7.79,26648.0
20163,33.6,7.38,2100.0
20165,25.1,5.77,1403.0
20167,29.2,6.54,2979.0
20169,57.1,11.85,22210.0
20171,30.0,6.7,2025.0
20173,49.7,10.45,195779.0
20175,36.2,7.87,7315.0
20177,49.7,10.45,72017.0
20179,23.6,5.49,1134.0
20181,34.7,7.59,2649.0
20183,29.3,6.57,1681.0
20185,28.8,6.46,1811.0
20187,43.7,9.3,807.0
20189,31.5,6.99,1911.0
20191,26.1,5.96,9321.0
20193,33.3,7.33,3301.0
20195,30.1,6.72,1380.0
20197,19.0,4.62,2749.0
20199,30.1,6.71,633.0
20201,27.9,6.3,2344.0
20203,30.2,6.75,903.0
20205,27.4,6.21,3795.0
20207,27.8,6.29,1476.0
20209,50.1,10.52,59983.0
21001,20.2,4.84,7020.0
21003,18.8,4.57,7697.0
21005,23.4,5.45,8627.0
21007,18.7,4.56,3085.0
21009,23.2,5.4,16965.0
21011,15.0,3.86,4624.0
21013,22.7,5.32,10940.0
21015,36.6,7.95,46404.0
21017,25.4,5.83,8128.0
21019,32.3,7.13,18798.0
21021,31.7,7.03,10984.0
21023,18.1,4.44,3377.0
21025,13.8,3.63,5322.0
21027,18.2,4.45,7675.0
21029,24.9,5.74,29374.0
21031,15.7,3.98,4996.0
21033,22.9,5.36,5176.0
21035,25.7,5.88,14641.0
21037,51.6,10.8,36308.0
21039,21.2,5.02,2020.0
21041,23.7,5.49,3981.0
21043,21.5,5.09,9972.0
21045,14.5,3.76,6330.0
21047,28.9,6.49,25682.0
21049,27.6,6.24,14427.0
21051,14.4,3.73,7625.0
21053,22.0,5.19,3835.0
21055,16.9,4.2,3645.0
21057,17.0,4.22,2769.0
21059,31.5,6.98,39808.0
21061,15.3,3.91,4886.0
21063,13.2,3.51,2576.0
21065,19.4,4.69,5503.0
21067,54.0,11.26,128806.0
21069,17.8,4.38,5888.0
21071,19.9,4.78,15163.0
21073,31.3,6.94,20875.0
21075,33.8,7.42,2524.0
21077,23.2,5.41,3073.0
21079,16.8,4.19,6823.0
21081,20.9,4.98,8849.0
21083,21.3,5.04,14484.0
21085,20.4,4.88,9771.0
21087,15.2,3.9,4466.0
21089,28.2,6.35,14057.0
21091,17.8,4.38,3301.0
21093,28.3,6.38,41111.0
21095,17.6,4.34,11213.0
21097,19.8,4.76,7149.0
21099,15.6,3.97,7311.0
21101,27.8,6.28,18480.0
21103,20.6,4.92,5999.0
21105,18.4,4.5,1855.0
21107,22.6,5.29,18560.0
21109,15.3,3.91,5455.0
21111,55.2,11.49,310318.0
21113,37.8,8.17,18773.0
21115,19.8,4.77,8737.0
21117,49.1,10.32,63529.0
21119,13.2,3.51,6348.0
21121,22.4,5.26,12270.0
21123,18.1,4.44,5654.0
21125,24.4,5.63,22735.0
21127,20.9,4.97,5956.0
21129,20.5,4.89,2864.0
21131,12.0,3.28,4223.0
21133,16.3,4.1,9892.0
21135,14.9,3.83,5435.0
21137,17.9,4.4,9706.0
21139,16.0,4.04,3967.0
21141,21.6,5.1,10565.0
21143,24.7,5.69,3258.0
21145,31.3,6.94,27841.0
21147,18.0,4.42,6203.0
21149,21.4,5.07,3818.0
21151,28.0,6.31,33229.0
21153,14.4,3.74,5084.0
21155,22.2,5.22,7453.0
21157,22.0,5.17,13390.0
21159,23.6,5.48,4112.0
21161,25.3,5.81,6711.0
21163,21.6,5.1,10638.0
21165,16.3,4.1,2593.0
21167,19.6,4.72,8571.0
21169,16.9,4.21,3998.0
21171,20.1,4.82,4414.0
21173,23.7,5.5,10472.0
21175,17.5,4.32,4958.0
21177,20.0,4.8,11317.0
21179,23.0,5.37,17491.0
21181,16.4,4.12,2694.0
21183,17.6,4.35,9076.0
21185,26.9,6.12,20733.0
21187,15.0,3.86,3921.0
21189,12.2,3.31,1664.0
21191,18.7,4.56,5260.0
21193,24.6,5.67,11172.0
21195,16.9,4.21,25768.0
21197,19.1,4.63,4831.0
21199,24.7,5.7,25663.0
21201,18.4,4.5,902.0
21203,19.3,4.67,6525.0
21205,26.1,5.95,8505.0
21207,23.1,5.4,7027.0
21209,33.3,7.32,20206.0
21211,24.6,5.67,16569.0
21213,25.4,5.82,6914.0
21215,20.5,4.9,6709.0
21217,25.3,5.8,9596.0
21219,18.8,4.57,4663.0
21221,21.1,5.0,5970.0
21223,19.2,4.66,3604.0
21225,25.2,5.79,5465.0
21227,29.9,6.67,47142.0
21229,17.2,4.26,4667.0
21231,20.3,4.86,8019.0
21233,19.3,4.66,4975.0
21235,20.5,4.9,12490.0
21237,18.0,4.42,2817.0
21239,24.6,5.67,10198.0
22001,27.6,6.25,22564.0
22003,20.0,4.8,7920.0
22005,28.6,6.43,42649.0
22007,16.4,4.11,8802.0
22009,21.5,5.09,15085.0
22011,18.3,4.47,13219.0
22013,18.8,4.58,5892.0
22015,25.7,5.89,48947.0
22017,30.0,6.7,96360.0
22019,31.4,6.97,77295.0
22021,18.4,4.49,3667.0
22023,13.1,3.49,2718.0
22025,21.2,5.03,3595.0
22027,20.6,4.91,5891.0
22029,26.9,6.12,7371.0
22031,21.6,5.1,10523.0
22033,32.7,7.22,165939.0
22035,31.3,6.96,2153.0
22037,17.1,4.24,6759.0
22039,24.0,5.55,12051.0
22041,18.0,4.42,7629.0
22043,16.6,4.16,6989.0
22045,28.9,6.5,26063.0
22047,24.8,5.72,10918.0
22049,19.4,4.69,5976.0
22051,44.0,9.37,168895.0
22053,24.7,5.69,11501.0
22055,36.0,7.83,90606.0
22057,25.7,5.88,36449.0
22059,26.0,5.94,5018.0
22061,26.2,5.98,17551.0
22063,23.0,5.37,48859.0
22065,34.0,7.45,3943.0
22067,22.5,5.28,9758.0
22069,24.1,5.59,14630.0
22071,68.0,13.92,154036.0
22073,29.9,6.68,56686.0
22075,28.0,6.31,8817.0
22077,19.8,4.76,8961.0
22079,28.7,6.45,48000.0
22081,20.4,4.87,3334.0
22083,22.5,5.28,7391.0
22085,16.6,4.15,9185.0
22087,35.1,7.67,15029.0
22089,28.2,6.36,18762.0
22091,14.6,3.78,3871.0
22093,23.4,5.45,7906.0
22095,31.7,7.02,15418.0
22097,27.1,6.15,30094.0
22099,22.7,5.32,19556.0
22101,32.0,7.09,19740.0
22103,31.9,7.06,91975.0
22105,25.4,5.83,47527.0
22107,21.5,5.08,1825.0
22109,29.2,6.55,40014.0
22111,17.8,4.39,7724.0
22113,25.9,5.92,21632.0
22115,18.4,4.5,17801.0
22117,22.1,5.21,17337.0
22119,24.6,5.68,16230.0
22121,26.0,5.94,9599.0
22123,15.3,3.91,4041.0
22125,18.9,4.6,3908.0
22127,19.7,4.74,5437.0
23001,33.0,7.26,45491.0
23003,25.1,5.77,29645.0
23005,47.1,9.95,119717.0
23007,24.3,5.63,11817.0
23009,27.8,6.29,23579.0
23011,30.5,6.8,51542.0
23013,32.3,7.14,17156.0
23015,28.9,6.49,15372.0
23017,25.4,5.83,20814.0
23019,28.6,6.44,61578.0
23021,22.7,5.31,7357.0
23023,29.5,6.6,15833.0
23025,25.5,5.85,21533.0
23027,24.7,5.69,17067.0
23029,25.8,5.9,13806.0
23031,31.0,6.89,84648.0
24001,48.3,10.18,27837.0
24003,44.5,9.46,207599.0
24005,51.0,10.7,312913.0
24009,27.0,6.12,31726.0
24011,25.9,5.93,12081.0
24013,29.6,6.63,60450.0
24015,32.4,7.15,36930.0
24017,28.6,6.44,55903.0
24019,24.7,5.7,13264.0
24021,43.2,9.2,91405.0
24023,25.8,5.91,12073.0
24025,42.1,9.0,93286.0
24027,50.4,10.58,112966.0
24029,27.7,6.27,7910.0
24031,62.0,12.78,370227.0
24033,52.7,11.02,308849.0
24035,28.5,6.42,18148.0
24037,27.3,6.18,40332.0
24039,25.4,5.83,8383.0
24041,32.7,7.22,16627.0
24043,31.4,6.97,55864.0
24045,31.4,6.96,37637.0
24047,35.5,7.75,21672.0
24510,70.2,14.34,238436.0
25001,41.1,8.82,94292.0
25003,43.7,9.31,55167.0
25005,52.6,10.99,216618.0
25007,56.0,11.63,6367.0
25009,57.7,11.96,292659.0
25011,36.1,7.87,30328.0
25013,52.0,10.87,179043.0
25015,39.8,8.57,58665.0
25017,58.8,12.17,600032.0
25019,68.6,14.03,3722.0
25021,55.4,11.52,263551.0
25023,41.8,8.93,186306.0
25025,74.6,15.17,307858.0
25027,44.4,9.43,307294.0
26001,17.5,4.33,5008.0
26003,27.6,6.24,3094.0
26005,23.5,5.46,43000.0
26007,28.1,6.33,12717.0
26009,23.9,5.54,9805.0
26011,19.8,4.76,6684.0
26013,25.5,5.84,3036.0
26015,21.5,5.08,23840.0
26017,33.5,7.37,43891.0
26019,27.2,6.16,6733.0
26021,29.2,6.55,63908.0
26023,24.0,5.55,16506.0
26025,26.9,6.11,53659.0
26027,20.4,4.87,20855.0
26029,28.0,6.33,11379.0
26031,23.7,5.5,11201.0
26033,29.0,6.52,14046.0
26035,22.7,5.31,12406.0
26037,27.4,6.2,29421.0
26039,24.8,5.71,6047.0
26041,30.6,6.82,15949.0
26043,32.4,7.15,11087.0
26045,30.9,6.87,44390.0
26047,29.5,6.61,14510.0
26049,38.8,8.37,167889.0
26051,17.6,4.34,10999.0
26053,31.3,6.94,6619.0
26055,36.5,7.93,37134.0
26057,24.3,5.61,15177.0
26059,20.3,4.85,17904.0
26061,31.9,7.07,13340.0
26063,25.7,5.88,13918.0
26065,52.1,10.9,112200.0
26067,21.7,5.11,22858.0
26069,25.9,5.92,11631.0
26071,26.8,6.1,5327.0
26073,29.0,6.51,24889.0
26075,25.9,5.92,61696.0
26077,30.1,6.72,102809.0
26079,20.9,4.96,7139.0
26081,46.4,9.81,239236.0
26083,23.9,5.54,1081.0
26085,18.5,4.51,4517.0
26087,21.0,4.98,33320.0
26089,25.4,5.83,9152.0
26091,26.8,6.09,38222.0
26093,26.9,6.11,71180.0
26095,32.3,7.13,2190.0
26097,29.0,6.5,5284.0
26099,35.3,7.71,343592.0
26101,27.8,6.28,9591.0
26103,31.8,7.05,26203.0
26105,27.4,6.2,12115.0
26107,25.7,5.89,15858.0
26109,27.9,6.3,10665.0
26111,26.0,5.95,34017.0
26113,22.2,5.22,6027.0
26115,25.2,5.78,59279.0
26117,22.3,5.24,23761.0
26119,19.0,4.6,4195.0
26121,29.8,6.66,65619.0
26123,21.6,5.1,19007.0
26125,36.0,7.83,501260.0
26127,22.2,5.22,10157.0
26129,21.6,5.11,9296.0
26131,24.3,5.61,2876.0
26133,19.2,4.65,9100.0
26135,20.1,4.83,3824.0
26137,25.4,5.82,9886.0
26139,29.4,6.58,101223.0
26141,24.1,5.57,5808.0
26143,25.2,5.78,10899.0
26145,29.0,6.51,78648.0
26147,26.8,6.09,64805.0
26149,22.0,5.19,24022.0
26151,20.3,4.87,17179.0
26153,25.9,5.93,3351.0
26155,25.0,5.74,27741.0
26157,19.1,4.63,21759.0
26159,22.9,5.36,29013.0
26161,46.2,9.78,140210.0
26163,48.3,10.17,676587.0
26165,27.4,6.2,13053.0
27001,21.5,5.09,7713.0
27003,42.4,9.05,126848.0
27005,26.2,5.98,13487.0
27007,26.5,6.03,17271.0
27009,32.3,7.13,16217.0
27011,28.9,6.48,2274.0
27013,33.3,7.32,25783.0
27015,35.4,7.72,10731.0
27017,25.2,5.79,13418.0
27019,33.7,7.4,35852.0
27021,23.8,5.52,13007.0
27023,32.2,7.11,5098.0
27025,27.4,6.21,20102.0
27027,50.2,10.55,23782.0
27029,19.0,4.62,3458.0
27031,29.0,6.5,2699.0
27033,27.0,6.12,4850.0
27035,29.0,6.5,26684.0
27037,47.3,10.0,160144.0
27039,41.1,8.81,7711.0
27041,30.9,6.87,16395.0
27043,28.6,6.44,6115.0
27045,33.1,7.3,8595.0
27047,29.3,6.57,12970.0
27049,32.7,7.21,19313.0
27051,28.6,6.43,2600.0
27053,60.0,12.41,503476.0
27055,35.7,7.78,8181.0
27057,22.9,5.36,8705.0
27059,26.9,6.11,14702.0
27061,24.6,5.68,19346.0
27063,25.1,5.77,4388.0
27065,19.3,4.66,6449.0
27067,31.7,7.03,16699.0
27069,27.8,6.28,1891.0
27071,31.6,7.0,5566.0
27073,27.8,6.27,3103.0
27075,29.7,6.64,5183.0
27077,21.2,5.02,1585.0
27079,26.8,6.09,10874.0
27081,29.5,6.6,2470.0
27083,33.4,7.35,10050.0
27085,29.1,6.54,14884.0
27087,20.9,4.97,1938.0
27089,22.6,5.29,3964.0
27091,31.3,6.94,8653.0
27093,25.8,5.9,9191.0
27095,29.2,6.54,10136.0
27097,26.2,5.98,13488.0
27099,34.5,7.56,15502.0
27101,24.7,5.7,3702.0
27103,30.0,6.7,12738.0
27105,27.7,6.27,7897.0
27107,26.8,6.09,2776.0
27109,35.7,7.78,60770.0
27111,26.4,6.01,24226.0
27113,29.6,6.62,5970.0
27115,25.7,5.87,10690.0
27117,31.5,6.99,4007.0
27119,35.8,7.79,12516.0
27121,25.4,5.82,4972.0
27123,63.4,13.05,209069.0
27125,24.9,5.74,1691.0
27127,28.9,6.5,6240.0
27129,27.0,6.12,6180.0
27131,33.1,7.29,23045.0
27133,27.5,6.23,3978.0
27135,23.9,5.54,5995.0
27137,42.9,9.16,85644.0
27139,38.4,8.3,48510.0
27141,25.9,5.93,31737.0
27143,23.6,5.49,6038.0
27145,32.6,7.19,58891.0
27147,30.2,6.74,14498.0
27149,27.9,6.3,3629.0
27151,32.6,7.19,4227.0
27153,21.3,5.05,9841.0
27155,30.0,6.71,1584.0
27157,36.5,7.93,8841.0
27159,25.4,5.83,5677.0
27161,32.5,7.18,7427.0
27163,40.1,8.63,93184.0
27165,29.9,6.68,4318.0
27167,25.4,5.83,2826.0
27169,33.6,7.38,19515.0
27171,30.4,6.78,47246.0
27173,25.1,5.77,4165.0
28001,26.2,5.98,11341.0
28003,23.1,5.38,14502.0
28005,11.8,3.23,5003.0
28007,21.3,5.04,7129.0
28009,15.7,3.98,3033.0
28011,26.2,5.97,12159.0
28013,20.4,4.88,5797.0
28015,13.1,3.49,3658.0
28017,17.0,4.24,6426.0
28019,19.8,4.76,3164.0
28021,13.3,3.52,3009.0
28023,14.2,3.71,6258.0
28025,24.1,5.57,7755.0
28027,27.0,6.12,8744.0
28029,18.8,4.58,9623.0
28031,20.4,4.87,6794.0
28033,28.5,6.42,62078.0
28035,33.0,7.27,28033.0
28037,15.7,3.97,3004.0
28039,17.1,4.26,7362.0
28041,17.9,4.39,4172.0
28043,26.5,6.04,8224.0
28045,26.4,6.02,19519.0
28047,29.9,6.69,78863.0
28049,43.2,9.2,88705.0
28051,17.2,4.27,6269.0
28053,23.9,5.54,3171.0
28055,18.3,4.48,484.0
28057,17.3,4.28,8706.0
28059,26.4,6.01,51429.0
28061,13.0,3.48,6690.0
28063,11.4,3.16,2530.0
28065,13.4,3.54,4839.0
28067,24.0,5.56,24774.0
28069,15.5,3.94,3710.0
28071,25.1,5.77,19317.0
28073,27.0,6.13,22213.0
28075,26.9,6.12,29657.0
28077,15.3,3.91,4793.0
28079,13.4,3.55,8168.0
28081,26.8,6.1,32267.0
28083,31.3,6.94,10224.0
28085,19.4,4.69,12827.0
28087,28.9,6.49,22742.0
28089,29.0,6.51,39020.0
28091,18.1,4.43,9543.0
28093,17.5,4.32,13074.0
28095,20.8,4.95,14043.0
28097,21.9,5.17,4619.0
28099,18.7,4.54,10699.0
28101,15.8,3.99,8042.0
28103,20.6,4.92,4020.0
28105,26.7,6.08,17687.0
28107,21.8,5.14,12447.0
28109,22.7,5.31,20752.0
28111,15.8,4.01,4563.0
28113,25.9,5.92,14676.0
28115,15.4,3.93,10788.0
28117,19.8,4.76,9399.0
28119,21.6,5.11,3055.0
28121,28.5,6.41,55595.0
28123,18.5,4.51,10435.0
28125,30.7,6.83,1755.0
28127,17.7,4.37,9361.0
28129,14.0,3.67,5872.0
28131,18.0,4.42,6135.0
28133,28.7,6.45,8389.0
28135,20.3,4.86,4253.0
28137,17.6,4.35,10264.0
28139,17.1,4.24,7983.0
28141,20.7,4.93,7635.0
28143,25.9,5.91,3943.0
28145,15.9,4.02,9951.0
28147,16.5,4.14,5683.0
28149,25.2,5.8,18766.0
28151,33.5,7.36,18299.0
28153,16.8,4.19,7734.0
28155,21.3,5.04,3787.0
28157,19.2,4.65,2898.0
28159,17.7,4.36,7396.0
28161,18.0,4.43,5161.0
28163,22.3,5.23,8689.0
29001,34.2,7.49,9513.0
29003,25.0,5.74,6807.0
29005,27.8,6.28,2505.0
29007,27.6,6.25,9328.0
29009,23.5,5.47,13211.0
29011,24.1,5.58,4931.0
29013,28.3,6.37,6706.0
29015,25.3,5.8,7947.0
29017,16.1,4.06,4669.0
29019,34.0,7.45,69957.0
29021,38.6,8.34,33432.0
29023,29.8,6.66,16357.0
29025,25.7,5.89,3682.0
29027,24.4,5.65,16038.0
29029,28.6,6.43,16096.0
29031,31.4,6.96,29366.0
29033,27.6,6.24,3552.0
29035,24.7,5.69,2366.0
29037,32.5,7.17,39444.0
29039,23.4,5.44,5785.0
29041,28.1,6.33,2779.0
29043,29.7,6.65,31097.0
29045,22.4,5.26,2942.0
29047,42.1,9.01,90285.0
29049,27.4,6.2,8157.0
29051,30.6,6.82,29749.0
29053,27.7,6.26,6428.0
29055,24.1,5.59,9473.0
29057,23.1,5.39,3117.0
29059,19.0,4.6,6253.0
29061,23.1,5.4,2991.0
29063,26.7,6.07,3812.0
29065,28.1,6.34,6300.0
29067,17.3,4.29,5126.0
29069,32.3,7.14,12427.0
29071,29.6,6.62,40780.0
29073,25.9,5.92,6116.0
29075,29.6,6.62,2601.0
29077,36.3,7.89,122026.0
29079,29.1,6.53,3985.0
29081,26.2,5.98,3556.0
29083,26.4,6.02,9199.0
29085,17.9,4.39,4020.0
29087,29.3,6.57,2056.0
29089,26.6,6.06,3559.0
29091,26.8,6.08,15922.0
29093,22.4,5.26,4156.0
29095,53.5,11.16,282653.0
29097,34.8,7.62,45261.0
29099,32.1,7.11,84393.0
29101,26.8,6.09,19939.0
29103,24.7,5.7,1533.0
29105,22.9,5.35,13866.0
29107,28.8,6.46,12959.0
29109,29.7,6.64,14604.0
29111,27.7,6.26,3766.0
29113,25.5,5.84,18738.0
29115,28.6,6.43,5068.0
29117,33.0,7.27,5882.0
29119,19.9,4.78,8110.0
29121,26.7,6.07,5889.0
29123,25.5,5.85,5002.0
29125,16.5,4.13,3645.0
29127,35.8,7.81,11500.0
29129,21.3,5.04,1326.0
29131,25.9,5.92,9804.0
29133,32.5,7.17,5040.0
29135,26.9,6.11,5346.0
29137,24.6,5.67,3632.0
29139,23.9,5.54,4891.0
29141,23.5,5.46,7755.0
29143,27.5,6.22,7312.0
29145,25.3,5.81,22268.0
29147,31.8,7.05,8275.0
29149,20.4,4.87,4307.0
29151,20.9,4.96,5113.0
29153,20.3,4.86,4144.0
29155,32.4,7.16,6845.0
29157,28.7,6.45,7605.0
29159,31.9,7.06,15921.0
29161,27.5,6.23,17601.0
29163,27.7,6.26,6650.0
29165,39.7,8.55,38613.0
29167,24.5,5.65,11557.0
29169,25.5,5.84,15026.0
29171,23.8,5.52,1803.0
29173,22.0,5.18,4004.0
29175,30.1,6.71,8347.0
29177,22.7,5.31,8785.0
29179,21.4,5.07,2638.0
29181,17.8,4.39,5154.0
29183,37.2,8.07,144643.0
29185,21.5,5.09,4126.0
29186,21.6,5.1,7134.0
29187,32.6,7.2,24910.0
29189,52.0,10.88,403547.0
29195,31.3,6.94,8562.0
29197,22.4,5.25,1588.0
29199,21.0,5.0,1820.0
29201,29.8,6.66,15428.0
29203,20.2,4.84,3173.0
29205,28.3,6.37,2459.0
29207,28.5,6.41,11684.0
29209,24.5,5.65,12841.0
29211,24.7,5.69,2174.0
29213,29.3,6.57,22366.0
29215,20.1,4.82,9579.0
29217,28.2,6.35,8170.0
29219,24.8,5.72,12232.0
29221,21.4,5.07,9114.0
29223,18.6,4.54,5448.0
29225,25.2,5.78,13496.0
29227,23.7,5.5,856.0
29229,26.1,5.96,7292.0
29510,69.7,14.24,140455.0
30001,30.8,6.85,3977.0
30003,24.9,5.73,3687.0
30005,20.9,4.97,2320.0
30007,25.2,5.79,2420.0
30009,24.0,5.57,4531.0
30011,22.9,5.36,625.0
30013,36.8,7.99,34444.0
30015,24.1,5.58,2256.0
30017,40.3,8.65,4889.0
30019,26.3,6.0,856.0
30021,33.6,7.39,3972.0
30023,34.1,7.49,3855.0
30025,30.9,6.88,1302.0
30027,35.7,7.78,4975.0
30029,33.2,7.31,38252.0
30031,52.2,10.92,41985.0
30033,29.8,6.67,447.0
30035,22.0,5.18,4178.0
30037,25.4,5.83,337.0
30039,23.4,5.45,1280.0
30041,33.7,7.4,6274.0
30043,26.7,6.08,4444.0
30045,22.7,5.32,923.0
30047,24.9,5.73,11849.0
30049,35.6,7.76,27800.0
30051,22.5,5.27,886.0
30053,30.3,6.76,8259.0
30055,29.1,6.53,704.0
30057,22.9,5.35,3481.0
30059,20.8,4.96,749.0
30061,25.8,5.9,1699.0
30063,58.8,12.16,48608.0
30065,25.5,5.84,2077.0
30067,36.6,7.96,7691.0
30069,21.1,5.0,187.0
30071,36.9,8.01,1770.0
30073,29.8,6.66,2114.0
30075,19.0,4.61,769.0
30077,34.7,7.6,2388.0
30079,27.2,6.17,540.0
30081,25.0,5.74,17108.0
30083,31.2,6.93,4493.0
30085,29.4,6.59,3156.0
30087,34.9,7.64,3147.0
30089,24.7,5.69,4953.0
30091,25.7,5.88,1645.0
30093,65.8,13.5,15158.0
30095,25.6,5.87,3716.0
30097,31.2,6.92,1547.0
30099,28.3,6.37,2475.0
30101,33.1,7.29,1898.0
30103,21.9,5.17,365.0
30105,32.6,7.19,3436.0
30107,28.5,6.41,821.0
30109,28.9,6.5,497.0
30111,35.7,7.78,65025.0
31001,35.0,7.65,12710.0
31003,23.9,5.54,2675.0
31005,21.1,5.0,193.0
31007,23.7,5.5,279.0
31009,29.8,6.67,218.0
31011,28.1,6.35,2280.0
31013,34.9,7.64,4801.0
31015,29.5,6.6,903.0
31017,31.0,6.88,1434.0
31019,36.7,7.98,19165.0
31021,30.0,6.71,2919.0
31023,22.2,5.22,3377.0
31025,27.2,6.17,10005.0
31027,26.9,6.11,3456.0
31029,30.9,6.88,1714.0
31031,29.0,6.52,2566.0
31033,34.6,7.57,4434.0
31035,27.5,6.22,2574.0
31037,34.1,7.48,3718.0
31039,33.9,7.44,3752.0
31041,26.9,6.11,4846.0
31043,55.2,11.49,7456.0
31045,36.8,7.99,3623.0
31047,30.0,6.7,8997.0
31049,29.2,6.55,824.0
31051,22.3,5.23,2311.0
31053,37.3,8.08,15289.0
31055,55.8,11.6,215787.0
31057,34.8,7.61,865.0
31059,34.0,7.46,2510.0
31061,27.6,6.25,1354.0
31063,25.6,5.86,1116.0
31065,32.7,7.22,2142.0
31067,32.9,7.26,9160.0
31069,27.7,6.25,871.0
31071,30.1,6.71,886.0
31073,24.8,5.72,877.0
31075,29.8,6.67,293.0
31077,26.3,5.99,1034.0
31079,38.2,8.26,22870.0
31081,29.1,6.53,3699.0
31083,26.0,5.94,1521.0
31085,21.1,5.0,413.0
31087,24.3,5.61,1209.0
31089,32.0,7.07,4435.0
31091,30.7,6.83,319.0
31093,25.6,5.86,2684.0
31095,32.1,7.1,3283.0
31097,28.2,6.36,1820.0
31099,29.7,6.64,2682.0
31101,32.9,7.25,3844.0
31103,26.3,6.0,326.0
31105,31.8,7.05,1571.0
31107,31.9,7.05,3674.0
31109,63.0,12.97,122646.0
31111,37.3,8.09,14985.0
31113,26.3,6.0,341.0
31115,27.2,6.17,279.0
31117,20.2,4.83,203.0
31119,37.2,8.07,14254.0
31121,27.4,6.2,3324.0
31123,26.3,5.99,1982.0
31125,29.8,6.66,1546.0
31127,29.7,6.64,2877.0
31129,29.1,6.54,1914.0
31131,32.4,7.16,6452.0
31133,24.4,5.64,1219.0
31135,25.5,5.85,1225.0
31137,34.5,7.56,3927.0
31139,29.3,6.58,3026.0
31141,37.4,8.11,13000.0
31143,26.4,6.02,2052.0
31145,35.2,7.69,4459.0
31147,27.6,6.25,3772.0
31149,27.8,6.28,626.0
31151,27.0,6.12,5073.0
31153,36.8,7.98,65045.0
31155,26.7,6.07,8326.0
31157,35.1,7.68,14613.0
31159,24.3,5.63,6596.0
31161,27.9,6.3,2251.0
31163,29.0,6.5,1358.0
31165,19.2,4.65,579.0
31167,19.5,4.7,2410.0
31169,32.3,7.13,2283.0
31171,30.7,6.83,292.0
31173,28.4,6.39,2175.0
31175,25.7,5.89,1840.0
31177,24.7,5.69,8125.0
31179,24.3,5.62,3657.0
31181,28.9,6.5,1519.0
31183,20.2,4.83,357.0
31185,35.3,7.71,5691.0
32001,26.7,6.07,9819.0
32003,57.0,11.82,767954.0
32005,32.8,7.23,20579.0
32007,26.5,6.03,17688.0
32009,16.7,4.18,454.0
32011,17.7,4.37,750.0
32013,24.6,5.68,6271.0
32015,28.2,6.35,2087.0
32017,23.7,5.5,2041.0
32019,22.6,5.3,20528.0
32021,20.5,4.89,1938.0
32023,24.3,5.62,18668.0
32027,24.4,5.64,1933.0
32029,12.6,3.39,1598.0
32031,49.0,10.31,177632.0
32033,34.7,7.6,3529.0
32510,48.9,10.29,22461.0
33001,31.6,7.01,24739.0
33003,29.4,6.59,21070.0
33005,30.3,6.76,30319.0
33007,28.6,6.43,13720.0
33009,36.2,7.88,34752.0
33011,33.6,7.38,159200.0
33013,30.1,6.72,57843.0
33015,31.7,7.02,120147.0
33017,32.6,7.19,48548.0
33019,28.3,6.38,17740.0
34001,55.2,11.48,99874.0
34003,65.8,13.5,338249.0
34005,45.0,9.54,165496.0
34007,60.2,12.43,187158.0
34009,53.4,11.15,39904.0
34011,42.9,9.15,50608.0
34013,65.1,13.36,282502.0
34015,48.7,10.25,104587.0
34017,71.3,14.55,255429.0
34019,31.5,6.98,47180.0
34021,57.2,11.87,129873.0
34023,55.3,11.5,284174.0
34025,52.7,11.01,233874.0
34027,46.2,9.78,180896.0
34029,40.4,8.68,225270.0
34031,65.0,13.36,163670.0
34033,44.4,9.43,23908.0
34035,41.8,8.95,117012.0
34037,29.1,6.54,53361.0
34039,64.0,13.16,188987.0
34041,38.9,8.39,41350.0
35001,59.2,12.24,265657.0
35003,19.7,4.74,1381.0
35005,36.4,7.92,23169.0
35006,25.8,5.91,8939.0
35007,31.5,6.98,5678.0
35009,35.2,7.69,18515.0
35011,30.9,6.87,705.0
35013,32.7,7.22,77453.0
35015,34.6,7.58,21264.0
35017,27.8,6.28,12003.0
35019,29.6,6.63,1404.0
35021,28.1,6.33,211.0
35023,38.7,8.36,1753.0
35025,34.2,7.5,22114.0
35027,32.8,7.23,7815.0
35028,28.6,6.43,7567.0
35029,33.3,7.32,9025.0
35031,25.0,5.75,20295.0
35033,20.5,4.89,1535.0
35035,26.3,6.0,23391.0
35037,37.6,8.15,3060.0
35039,20.8,4.96,12398.0
35041,30.3,6.76,6993.0
35043,37.3,8.1,50340.0
35045,36.3,7.9,43134.0
35047,26.5,6.03,11292.0
35049,44.7,9.5,61972.0
35051,33.5,7.36,5377.0
35053,28.5,6.42,4550.0
35055,28.2,6.37,12127.0
35057,20.9,4.97,5664.0
35059,36.7,7.98,1381.0
35061,31.3,6.95,27489.0
36001,53.1,11.09,126008.0
36003,23.3,5.43,18009.0
36005,63.6,13.08,499728.0
36007,30.7,6.84,78594.0
36009,27.5,6.22,31433.0
36011,36.4,7.92,31251.0
36013,31.3,6.96,52572.0
36015,31.5,6.98,34373.0
36017,21.9,5.16,20616.0
36019,24.1,5.59,31395.0
36021,26.8,6.08,25243.0
36023,28.5,6.42,17685.0
36025,22.6,5.29,19030.0
36027,32.1,7.09,107347.0
36029,53.5,11.17,387847.0
36031,24.4,5.63,15425.0
36033,23.7,5.5,19088.0
36035,29.2,6.54,22439.0
36037,25.1,5.77,23681.0
36039,24.2,5.59,17117.0
36041,23.9,5.54,1124.0
36043,24.6,5.67,24583.0
36045,27.6,6.24,43267.0
36047,66.8,13.7,950856.0
36049,18.5,4.52,10242.0
36051,36.5,7.94,24383.0
36053,26.2,5.98,26026.0
36055,50.8,10.66,300796.0
36057,27.0,6.12,19665.0
36059,68.5,14.01,445517.0
36061,66.7,13.68,758133.0
36063,42.3,9.04,88211.0
36065,44.0,9.36,90014.0
36067,52.4,10.95,185624.0
36069,27.5,6.23,44286.0
36071,37.9,8.21,126776.0
36073,23.4,5.45,16333.0
36075,36.4,7.92,46032.0
36077,24.1,5.58,23556.0
36079,33.9,7.43,34847.0
36081,69.8,14.26,779234.0
36083,44.5,9.46,64563.0
36085,71.1,14.51,166152.0
36087,42.9,9.16,100005.0
36089,24.1,5.58,41669.0
36091,34.8,7.62,93876.0
36093,55.0,11.45,53295.0
36095,18.6,4.54,12559.0
36097,19.8,4.77,7304.0
36099,26.3,6.0,13522.0
36101,29.7,6.65,40183.0
36103,39.8,8.56,487981.0
36105,27.0,6.13,27890.0
36107,25.9,5.91,20045.0
36109,28.3,6.38,39326.0
36111,28.4,6.4,69539.0
36113,34.7,7.6,27553.0
36115,25.1,5.77,24009.0
36117,27.4,6.21,36504.0
36119,63.0,12.97,347332.0
36121,24.8,5.72,15815.0
36123,24.0,5.55,9029.0
37001,29.4,6.58,64059.0
37003,22.4,5.26,13722.0
37005,22.0,5.19,4746.0
37007,21.5,5.08,9516.0
37009,20.7,4.92,11805.0
37011,29.5,6.6,6587.0
37013,25.3,5.81,19325.0
37015,16.0,4.04,7976.0
37017,17.0,4.24,13968.0
37019,27.7,6.26,54226.0
37021,44.0,9.36,107093.0
37023,23.5,5.47,34672.0
37025,39.3,8.48,72299.0
37027,24.7,5.7,32594.0
37029,15.7,3.98,3836.0
37031,28.6,6.44,29690.0
37033,15.8,4.0,9110.0
37035,28.8,6.48,61099.0
37037,26.2,5.98,28527.0
37039,24.3,5.61,11895.0
37041,27.2,6.16,5984.0
37043,23.4,5.45,5062.0
37045,25.0,5.76,36882.0
37047,20.0,4.8,22306.0
37049,28.0,6.32,40871.0
37051,30.1,6.71,124418.0
37053,25.3,5.81,10148.0
37055,36.0,7.84,15441.0
37057,25.4,5.83,65471.0
37059,23.8,5.53,15999.0
37061,20.4,4.87,21781.0
37063,48.8,10.28,123444.0
37065,33.2,7.31,21371.0
37067,31.5,6.98,146685.0
37069,22.7,5.3,24749.0
37071,29.4,6.58,81494.0
37073,14.0,3.66,4477.0
37075,18.3,4.47,3288.0
37077,21.3,5.05,21030.0
37079,19.4,4.68,7259.0
37081,34.6,7.58,202731.0
37083,25.2,5.79,21116.0
37085,24.8,5.71,45086.0
37087,28.3,6.37,26336.0
37089,30.7,6.84,48281.0
37091,21.5,5.08,8899.0
37093,20.2,4.83,17722.0
37095,21.8,5.14,1769.0
37097,27.5,6.22,65246.0
37099,25.9,5.91,16642.0
37101,25.3,5.8,67154.0
37103,19.3,4.66,4137.0
37105,26.6,6.05,21744.0
37107,27.1,6.15,23121.0
37109,23.6,5.49,32022.0
37111,23.2,5.42,17961.0
37113,27.2,6.17,15699.0
37115,20.6,4.92,8452.0
37117,23.0,5.36,9471.0
37119,51.2,10.73,403546.0
37121,26.0,5.95,6361.0
37123,21.7,5.13,10411.0
37125,27.1,6.15,38965.0
37127,36.9,8.01,36720.0
37129,51.7,10.82,93636.0
37131,15.5,3.95,8628.0
37133,25.7,5.89,64065.0
37135,44.0,9.36,52529.0
37137,22.3,5.23,5352.0
37139,34.3,7.51,14780.0
37141,25.7,5.88,21766.0
37143,20.8,4.95,5919.0
37145,22.3,5.23,15744.0
37147,31.5,6.99,69169.0
37149,24.7,5.69,9047.0
37151,23.6,5.48,56041.0
37153,25.2,5.79,18546.0
37155,21.2,5.04,45969.0
37157,23.2,5.4,37201.0
37159,27.9,6.3,52301.0
37161,24.7,5.7,26345.0
37163,21.8,5.14,23537.0
37165,25.4,5.83,13113.0
37167,25.9,5.92,23717.0
37169,19.5,4.71,19302.0
37171,24.9,5.74,28985.0
37173,25.0,5.76,5443.0
37175,26.7,6.07,14123.0
37177,20.1,4.83,1631.0
37179,27.8,6.29,75165.0
37181,26.0,5.95,16854.0
37183,47.5,10.02,390498.0
37185,16.8,4.19,7780.0
37187,19.2,4.65,5073.0
37189,31.9,7.06,20355.0
37191,24.7,5.69,48153.0
37193,19.2,4.65,28355.0
37195,30.4,6.77,32128.0
37197,21.2,5.03,15448.0
37199,25.6,5.87,7402.0
38001,31.2,6.93,1046.0
38003,29.4,6.58,5085.0
38005,18.1,4.44,2285.0
38007,31.6,7.0,385.0
38009,25.6,5.87,3065.0
38011,28.0,6.32,1398.0
38013,29.8,6.67,877.0
38015,37.5,8.13,39495.0
38017,63.3,13.04,74205.0
38019,27.2,6.17,1737.0
38021,31.1,6.91,2170.0
38023,21.8,5.14,1119.0
38025,23.6,5.48,1648.0
38027,31.5,6.99,1052.0
38029,25.5,5.84,1556.0
38031,34.6,7.57,1440.0
38033,25.2,5.78,856.0
38035,64.1,13.19,30215.0
38037,25.1,5.76,1094.0
38039,26.1,5.96,1056.0
38041,28.0,6.32,1079.0
38043,20.8,4.95,1055.0
38045,27.8,6.27,1813.0
38047,29.0,6.52,883.0
38049,22.2,5.22,2628.0
38051,32.8,7.24,1317.0
38053,33.1,7.29,3899.0
38055,27.9,6.29,4333.0
38057,30.1,6.72,3702.0
38059,35.2,7.68,13536.0
38061,30.8,6.85,3235.0
38063,26.8,6.09,1479.0
38065,18.8,4.58,750.0
38067,27.2,6.16,3180.0
38069,36.1,7.86,1937.0
38071,35.6,7.76,5003.0
38073,29.6,6.62,2367.0
38075,23.6,5.49,1022.0
38077,30.7,6.83,6760.0
38079,21.9,5.17,4638.0
38081,20.1,4.82,1834.0
38083,24.6,5.67,689.0
38085,18.8,4.57,1110.0
38087,19.3,4.67,329.0
38089,35.7,7.79,12150.0
38091,24.6,5.68,891.0
38093,33.7,7.4,9055.0
38095,23.2,5.4,1036.0
38097,29.0,6.5,3349.0
38099,26.7,6.07,4841.0
38101,37.8,8.18,27564.0
38103,26.7,6.07,1960.0
38105,35.3,7.71,13695.0
39001,22.6,5.29,10835.0
39003,30.9,6.87,40537.0
39005,26.7,6.07,20439.0
39007,26.4,6.02,37652.0
39009,36.7,7.96,22620.0
39011,29.1,6.54,18723.0
39013,31.7,7.03,26200.0
39015,21.6,5.1,17434.0
39017,38.3,8.27,138226.0
39019,22.3,5.24,11126.0
39021,21.9,5.16,15209.0
39023,28.8,6.48,54905.0
39025,29.1,6.54,77181.0
39027,22.2,5.22,16370.0
39029,27.5,6.22,41854.0
39031,24.5,5.66,14461.0
39033,29.8,6.66,17755.0
39035,56.7,11.77,538531.0
39037,26.0,5.93,20838.0
39039,25.9,5.92,15213.0
39041,33.7,7.4,68649.0
39043,42.7,9.11,31301.0
39045,29.6,6.62,55748.0
39047,24.1,5.57,11736.0
39049,53.6,11.18,504702.0
39051,26.5,6.03,16425.0
39053,20.0,4.81,11662.0
39055,26.0,5.93,35285.0
39057,32.7,7.22,65406.0
39059,24.3,5.63,16098.0
39061,53.3,11.12,339966.0
39063,31.8,7.04,31887.0
39065,24.8,5.72,11495.0
39067,23.7,5.49,6200.0
39069,25.7,5.88,11065.0
39071,22.8,5.34,16646.0
39073,25.3,5.82,11120.0
39075,22.5,5.27,12437.0
39077,26.0,5.93,22860.0
39079,23.8,5.52,12892.0
39081,28.1,6.35,27363.0
39083,25.8,5.91,23340.0
39085,54.0,11.27,95980.0
39087,27.5,6.22,23540.0
39089,28.5,6.41,64016.0
39091,25.1,5.77,18654.0
39093,31.1,6.91,119536.0
39095,54.2,11.3,179065.0
39097,25.4,5.82,15080.0
39099,30.5,6.79,98052.0
39101,28.1,6.34,24616.0
39103,30.9,6.87,68121.0
39105,20.9,4.97,9193.0
39107,27.0,6.13,16104.0
39109,30.6,6.82,41081.0
39111,22.5,5.27,5945.0
39113,53.6,11.18,223894.0
39115,17.7,4.36,6147.0
39117,18.1,4.44,12650.0
39119,27.5,6.22,34239.0
39121,23.4,5.44,4967.0
39123,27.0,6.14,17691.0
39125,23.8,5.53,7770.0
39127,22.5,5.28,13547.0
39129,25.6,5.87,19728.0
39131,21.8,5.13,10822.0
39133,28.3,6.37,61993.0
39135,22.4,5.25,16090.0
39137,26.5,6.03,13236.0
39139,28.9,6.49,47998.0
39141,22.4,5.25,28747.0
39143,29.6,6.63,23562.0
39145,25.3,5.82,30086.0
39147,28.9,6.48,21652.0
39149,25.7,5.88,18643.0
39151,34.8,7.61,152649.0
39153,34.7,7.59,224385.0
39155,27.7,6.27,86163.0
39157,32.8,7.23,36817.0
39159,25.2,5.78,19546.0
39161,27.6,6.24,11419.0
39163,17.0,4.24,5111.0
39165,33.6,7.39,81859.0
39167,26.9,6.11,25139.0
39169,28.2,6.37,43385.0
39171,26.9,6.11,15246.0
39173,31.8,7.03,50443.0
39175,23.8,5.53,9076.0
40001,17.9,4.39,7742.0
40003,27.4,6.22,1958.0
40005,19.6,4.73,5302.0
40007,22.4,5.26,2027.0
40009,36.4,7.92,7562.0
40011,26.1,5.95,3908.0
40013,26.4,6.01,17157.0
40015,25.4,5.83,10199.0
40017,31.9,7.06,44633.0
40019,34.1,7.48,18336.0
40021,25.5,5.85,16507.0
40023,25.0,5.76,5991.0
40025,31.8,7.04,974.0
40027,40.9,8.78,105190.0
40029,21.4,5.06,2236.0
40031,33.0,7.26,42610.0
40033,22.1,5.21,2212.0
40035,27.2,6.16,5433.0
40037,24.7,5.69,26642.0
40039,36.6,7.96,10505.0
40041,25.3,5.8,16574.0
40043,27.0,6.13,1701.0
40045,28.5,6.42,1607.0
40047,35.7,7.78,23824.0
40049,25.2,5.78,10425.0
40051,25.9,5.93,19836.0
40053,27.1,6.14,1825.0
40055,25.4,5.82,2041.0
40057,32.0,7.08,1183.0
40059,27.2,6.16,1297.0
40061,18.8,4.57,4864.0
40063,27.1,6.14,4073.0
40065,33.2,7.3,9868.0
40067,27.0,6.13,2367.0
40069,18.7,4.56,4300.0
40071,32.7,7.21,17703.0
40073,29.3,6.57,5694.0
40075,23.6,5.47,3772.0
40077,19.2,4.66,4042.0
40079,23.5,5.46,18367.0
40081,22.0,5.19,12821.0
40083,22.6,5.29,15665.0
40085,20.0,4.79,3193.0
40087,28.9,6.5,14159.0
40089,23.2,5.41,12791.0
40091,19.3,4.67,8413.0
40093,23.5,5.47,3050.0
40095,22.3,5.24,6240.0
40097,24.1,5.57,15838.0
40099,31.8,7.04,5354.0
40101,30.8,6.85,26078.0
40103,27.8,6.27,4607.0
40105,20.6,4.91,4084.0
40107,21.5,5.09,3962.0
40109,48.4,10.19,299232.0
40111,27.1,6.15,14665.0
40113,27.6,6.24,18165.0
40115,30.0,6.69,11965.0
40117,22.1,5.2,6205.0
40119,34.2,7.49,30485.0
40121,27.8,6.28,17745.0
40123,29.8,6.66,14354.0
40125,29.7,6.64,26003.0
40127,20.8,4.95,4463.0
40129,25.7,5.88,1352.0
40131,25.1,5.77,34452.0
40133,24.9,5.72,9222.0
40135,25.7,5.88,15376.0
40137,29.1,6.54,16955.0
40139,29.8,6.66,6725.0
40141,28.3,6.38,2954.0
40143,52.1,10.89,251176.0
40145,23.0,5.37,28748.0
40147,32.0,7.09,20667.0
40149,21.4,5.07,4363.0
40151,35.1,7.67,3351.0
40153,32.1,7.1,7255.0
41001,41.6,8.9,6927.0
41003,56.2,11.68,35056.0
41005,54.0,11.26,155456.0
41007,50.1,10.52,15910.0
41009,39.6,8.53,19296.0
41011,44.3,9.41,26640.0
41013,36.8,7.99,9339.0
41015,37.4,8.1,10440.0
41017,45.4,9.64,72471.0
41019,41.5,8.88,45026.0
41021,26.2,5.97,848.0
41023,33.3,7.33,3294.0
41025,34.8,7.61,3157.0
41027,50.1,10.53,8539.0
41029,51.9,10.86,87417.0
41031,32.6,7.2,7892.0
41033,40.1,8.62,35978.0
41035,46.5,9.84,27402.0
41037,27.0,6.13,3494.0
41039,55.9,11.62,150780.0
41041,48.1,10.14,21110.0
41043,44.8,9.51,47030.0
41045,48.0,10.12,10138.0
41047,58.1,12.05,116861.0
41049,31.4,6.98,3959.0
41051,75.9,15.43,321968.0
41053,47.6,10.04,29692.0
41055,26.7,6.08,736.0
41057,37.4,8.1,10816.0
41059,47.3,9.99,26886.0
41061,51.2,10.73,10481.0
41063,33.9,7.43,3165.0
41065,46.4,9.81,10266.0
41067,61.8,12.74,216507.0
41069,25.3,5.81,661.0
41071,54.7,11.39,36197.0
42001,32.3,7.15,39221.0
42003,59.2,12.24,537960.0
42005,30.3,6.77,27990.0
42007,42.2,9.02,70817.0
42009,25.1,5.78,19674.0
42011,35.0,7.65,154467.0
42013,37.7,8.15,51625.0
42015,28.3,6.38,24812.0
42017,45.7,9.68,237383.0
42019,31.3,6.95,76240.0
42021,35.9,7.81,56793.0
42023,29.9,6.69,2232.0
42025,30.0,6.7,25739.0
42027,50.8,10.65,57908.0
42029,41.5,8.89,189592.0
42031,32.1,7.1,15824.0
42033,30.6,6.81,31349.0
42035,32.6,7.2,14744.0
42037,32.0,7.08,26582.0
42039,27.1,6.16,35012.0
42041,46.8,9.9,98877.0
42043,53.9,11.24,111684.0
42045,63.4,13.05,206405.0
42047,27.7,6.27,13727.0
42049,53.1,11.09,110050.0
42051,31.1,6.91,54511.0
42053,23.6,5.48,1631.0
42055,29.4,6.59,60210.0
42057,21.0,4.99,5950.0
42059,25.1,5.78,14211.0
42061,27.3,6.19,16808.0
42063,29.2,6.55,33892.0
42065,30.5,6.79,18465.0
42067,24.4,5.64,9404.0
42069,38.2,8.25,86628.0
42071,33.5,7.37,199889.0
42073,32.2,7.11,36907.0
42075,36.9,8.0,53281.0
42077,58.0,12.01,138008.0
42079,35.2,7.69,128054.0
42081,34.5,7.55,45897.0
42083,30.4,6.78,17169.0
42085,29.6,6.63,46028.0
42087,31.1,6.91,19094.0
42089,32.4,7.15,56770.0
42091,54.1,11.27,313949.0
42093,31.7,7.03,7482.0
42095,54.6,11.37,114123.0
42097,34.9,7.63,39132.0
42099,24.7,5.7,18091.0
42101,73.4,14.94,594778.0
42103,25.8,5.91,21871.0
42105,25.6,5.86,6523.0
42107,33.0,7.27,58733.0
42109,29.7,6.63,14716.0
42111,27.9,6.3,29708.0
42113,27.1,6.14,2721.0
42115,25.7,5.87,17347.0
42117,27.0,6.14,16178.0
42119,33.8,7.42,14739.0
42121,28.1,6.33,21915.0
42123,27.0,6.12,17080.0
42125,32.3,7.13,84100.0
42127,29.0,6.52,18739.0
42129,35.7,7.79,151665.0
42131,24.3,5.61,10784.0
42133,41.5,8.89,171244.0
44001,56.2,11.67,19553.0
44003,56.2,11.69,68833.0
44005,55.3,11.51,35217.0
44007,64.4,13.25,238171.0
44009,41.3,8.86,49111.0
45001,20.3,4.85,9455.0
45003,25.5,5.85,66710.0
45005,24.4,5.64,3350.0
45007,27.7,6.26,76632.0
45009,23.1,5.38,5422.0
45011,21.1,5.01,8326.0
45013,30.1,6.72,70607.0
45015,28.4,6.4,74931.0
45017,18.8,4.57,6121.0
45019,50.0,10.5,156482.0
45021,22.3,5.24,20373.0
45023,20.5,4.9,12453.0
45025,21.4,5.06,17977.0
45027,20.1,4.81,13327.0
45029,20.5,4.9,15145.0
45031,24.4,5.63,26592.0
45033,19.6,4.73,10968.0
45035,32.4,7.16,54549.0
45037,20.4,4.88,9063.0
45039,20.3,4.87,8979.0
45041,28.4,6.39,52051.0
45043,28.6,6.44,25111.0
45045,41.2,8.82,189334.0
45047,28.1,6.33,27207.0
45049,23.1,5.38,6924.0
45051,31.4,6.96,128586.0
45053,24.8,5.71,9982.0
45055,21.0,4.99,24833.0
45057,26.8,6.1,32632.0
45059,21.5,5.09,25373.0
45061,16.3,4.1,6357.0
45063,33.4,7.35,111265.0
45065,20.4,4.88,3967.0
45067,23.5,5.46,11538.0
45069,23.0,5.38,9584.0
45071,23.1,5.39,14939.0
45073,26.0,5.93,31818.0
45075,23.4,5.45,32966.0
45077,30.0,6.71,47375.0
45079,46.0,9.75,150309.0
45081,17.7,4.36,7211.0
45083,27.6,6.24,114640.0
45085,27.6,6.24,41137.0
45087,19.8,4.76,11544.0
45089,20.3,4.85,12411.0
45091,31.5,6.98,98155.0
46003,25.6,5.87,1161.0
46005,33.9,7.44,7770.0
46007,27.4,6.21,985.0
46009,29.0,6.52,2536.0
46011,32.8,7.24,12764.0
46013,35.6,7.76,16184.0
46015,33.5,7.36,2221.0
46017,21.9,5.16,564.0
46019,32.6,7.2,4178.0
46021,25.1,5.77,658.0
46023,29.1,6.53,3144.0
46025,25.4,5.82,1536.0
46027,32.8,7.24,5223.0
46029,36.7,7.98,11974.0
46031,16.4,4.12,1186.0
46033,24.9,5.73,3941.0
46035,38.0,8.23,8687.0
46037,27.7,6.27,2599.0
46039,27.1,6.14,1799.0
46041,26.4,6.01,1667.0
46043,27.3,6.2,1250.0
46045,26.9,6.1,1563.0
46047,29.4,6.58,3119.0
46049,24.3,5.61,902.0
46051,25.5,5.85,3212.0
46053,27.3,6.19,1845.0
46055,29.6,6.63,909.0
46057,26.6,6.05,2215.0
46059,26.8,6.1,1518.0
46061,22.0,5.18,1069.0
46063,28.9,6.5,548.0
46065,35.8,7.81,7479.0
46067,30.7,6.84,2862.0
46069,29.9,6.68,598.0
46071,20.7,4.94,884.0
46073,26.7,6.07,917.0
46075,32.5,7.17,403.0
46077,27.6,6.25,2296.0
46079,28.8,6.47,4675.0
46081,32.7,7.22,11022.0
46083,34.4,7.54,19294.0
46085,25.2,5.78,1404.0
46087,25.4,5.82,2209.0
46089,29.8,6.66,1012.0
46091,25.9,5.92,1862.0
46093,24.2,5.59,10912.0
46095,16.8,4.2,668.0
46097,26.0,5.94,973.0
46099,53.7,11.2,75049.0
46101,24.8,5.72,2636.0
46102,15.0,3.85,2820.0
46103,34.1,7.48,43598.0
46105,29.5,6.6,1285.0
46107,37.1,8.06,998.0
46109,26.4,6.01,3824.0
46111,25.6,5.87,1051.0
46115,25.3,5.8,2635.0
46117,36.2,7.88,1264.0
46119,28.5,6.41,567.0
46121,13.2,3.52,2703.0
46123,25.9,5.92,2406.0
46125,23.7,5.5,3470.0
46127,32.4,7.16,6463.0
46129,33.5,7.36,2296.0
46135,32.3,7.14,9359.0
46137,17.5,4.33,744.0
47001,24.4,5.64,30483.0
47003,22.3,5.24,16882.0
47005,20.3,4.86,6786.0
47007,14.0,3.66,4853.0
47009,25.0,5.76,50159.0
47011,26.4,6.02,39840.0
47013,21.4,5.07,16172.0
47015,19.3,4.66,5513.0
47017,21.9,5.16,11062.0
47019,19.3,4.66,23594.0
47021,22.0,5.18,14952.0
47023,19.1,4.64,5958.0
47025,21.7,5.13,13238.0
47027,18.1,4.44,3173.0
47029,20.1,4.82,14181.0
47031,25.6,5.87,21626.0
47033,20.2,4.85,5335.0
47035,22.5,5.28,25347.0
47037,49.6,10.42,277903.0
47039,21.4,5.07,4623.0
47041,19.9,4.78,7487.0
47043,23.1,5.4,18978.0
47045,22.5,5.28,15180.0
47047,17.8,4.38,15410.0
47049,18.7,4.56,7403.0
47051,22.0,5.19,16431.0
47053,24.6,5.68,19223.0
47055,20.7,4.92,11496.0
47057,16.7,4.17,8948.0
47059,18.7,4.55,27244.0
47061,19.5,4.71,4838.0
47063,26.3,6.0,24411.0
47065,36.1,7.87,140890.0
47067,16.5,4.14,2809.0
47069,15.8,4.0,8907.0
47071,21.1,5.01,10267.0
47073,20.6,4.92,23330.0
47075,22.1,5.21,7100.0
47077,19.0,4.62,10671.0
47079,21.8,5.14,13406.0
47081,18.3,4.48,8667.0
47083,19.9,4.77,2943.0
47085,21.8,5.14,6858.0
47087,16.2,4.08,4543.0
47089,24.5,5.65,19910.0
47091,19.5,4.7,6858.0
47093,40.3,8.66,183318.0
47095,30.4,6.77,2203.0
47097,17.1,4.25,9754.0
47099,21.0,4.99,16131.0
47101,23.1,5.39,4758.0
47103,18.2,4.45,13636.0
47105,25.5,5.85,20215.0
47107,21.2,5.02,20427.0
47109,19.1,4.64,10022.0
47111,19.4,4.69,9202.0
47113,27.9,6.3,37729.0
47115,19.6,4.72,11582.0
47117,22.7,5.31,12335.0
47119,26.9,6.11,33572.0
47121,18.8,4.57,4790.0
47123,21.7,5.12,17694.0
47125,26.9,6.11,70303.0
47127,12.9,3.45,2602.0
47129,13.5,3.56,7517.0
47131,23.0,5.37,12715.0
47133,17.9,4.39,8974.0
47135,17.3,4.29,3317.0
47137,21.1,5.01,2218.0
47139,18.8,4.58,7096.0
47141,26.3,5.99,31110.0
47143,22.9,5.34,12342.0
47145,21.9,5.16,20963.0
47147,24.5,5.65,25388.0
47149,29.6,6.63,109468.0
47151,18.1,4.44,8703.0
47153,22.3,5.25,5441.0
47155,26.1,5.97,36945.0
47157,50.3,10.56,350260.0
47159,21.6,5.1,7584.0
47161,17.8,4.39,5246.0
47163,30.7,6.83,66239.0
47165,26.0,5.94,65645.0
47167,20.5,4.9,21325.0
47169,23.7,5.51,3054.0
47171,25.2,5.78,7521.0
47173,17.4,4.31,7126.0
47175,16.3,4.09,2163.0
47177,23.0,5.36,15655.0
47179,27.4,6.21,53190.0
47181,17.4,4.31,5954.0
47183,20.9,4.98,13605.0
47185,17.7,4.37,9951.0
47187,35.8,7.79,75344.0
47189,25.7,5.89,48841.0
48001,22.8,5.34,16459.0
48003,38.8,8.37,5508.0
48005,25.8,5.91,30783.0
48007,32.7,7.22,9432.0
48009,22.5,5.27,3332.0
48011,23.4,5.45,708.0
48013,21.9,5.16,15387.0
48015,24.5,5.65,11041.0
48017,28.9,6.5,2111.0
48019,22.2,5.22,8242.0
48021,24.3,5.61,25345.0
48023,31.6,7.0,1474.0
48025,29.5,6.61,8537.0
48027,32.0,7.07,120241.0
48029,52.4,10.95,632574.0
48031,26.4,6.02,4297.0
48033,21.9,5.17,261.0
48035,25.5,5.85,7088.0
48037,29.4,6.59,33731.0
48039,30.9,6.87,118762.0
48041,34.4,7.53,79053.0
48043,36.5,7.93,3942.0
48045,20.2,4.83,632.0
48047,28.8,6.48,2052.0
48049,28.6,6.43,14016.0
48051,24.0,5.55,6754.0
48053,25.9,5.93,16849.0
48055,23.8,5.53,13225.0
48057,31.1,6.91,7604.0
48059,24.5,5.66,5319.0
48061,29.9,6.68,123185.0
48063,21.4,5.06,4692.0
48065,26.0,5.95,2247.0
48067,19.1,4.63,11789.0
48069,24.5,5.66,2532.0
48071,26.3,6.01,13529.0
48073,20.4,4.88,17940.0
48075,36.7,7.97,2235.0
48077,17.1,4.25,4045.0
48079,25.6,5.87,996.0
48081,24.4,5.63,1617.0
48083,28.3,6.38,3460.0
48085,45.5,9.65,331336.0
48087,30.4,6.78,1055.0
48089,27.5,6.23,7511.0
48091,29.9,6.69,48903.0
48093,26.5,6.04,5260.0
48095,24.6,5.68,873.0
48097,27.1,6.14,15368.0
48099,25.9,5.92,22314.0
48101,37.5,8.13,686.0
48103,40.7,8.73,1422.0
48105,38.1,8.24,1388.0
48107,32.3,7.13,2044.0
48109,26.3,5.99,681.0
48111,37.7,8.15,2404.0
48113,57.3,11.88,917276.0
48115,36.2,7.89,4322.0
48117,31.1,6.91,6139.0
48119,16.2,4.08,2015.0
48121,43.2,9.21,283250.0
48123,27.9,6.3,7088.0
48125,21.7,5.13,842.0
48127,36.0,7.84,3309.0
48129,27.0,6.14,1290.0
48131,24.4,5.64,3511.0
48133,30.5,6.8,6460.0
48135,34.0,7.45,51954.0
48137,33.1,7.29,686.0
48139,26.9,6.12,55840.0
48141,54.9,11.43,265724.0
48143,29.8,6.66,13961.0
48145,26.6,6.05,5237.0
48147,23.2,5.41,12231.0
48149,26.3,6.01,9067.0
48151,22.2,5.22,1649.0
48153,24.6,5.68,2328.0
48155,28.1,6.33,557.0
48157,36.3,7.9,230381.0
48159,20.4,4.88,3806.0
48161,26.1,5.96,6865.0
48163,26.2,5.98,4624.0
48165,30.5,6.79,5737.0
48167,35.9,7.83,119181.0
48169,23.4,5.44,1628.0
48171,28.1,6.34,10717.0
48173,20.2,4.85,432.0
48175,17.6,4.35,2681.0
48177,26.0,5.95,7214.0
48179,35.1,7.67,8000.0
48181,26.9,6.1,47957.0
48183,35.0,7.64,45532.0
48185,20.9,4.98,8793.0
48187,26.1,5.96,53107.0
48189,31.5,6.98,11146.0
48191,29.9,6.68,1301.0
48193,31.0,6.89,3108.0
48195,37.7,8.16,1855.0
48197,37.2,8.07,1519.0
48199,22.9,5.35,20385.0
48201,53.2,11.1,1583486.0
48203,22.9,5.35,23217.0
48205,30.0,6.7,1681.0
48207,31.7,7.03,2125.0
48209,29.9,6.68,70881.0
48211,31.5,6.98,1323.0
48213,22.3,5.24,30885.0
48215,30.6,6.81,234879.0
48217,27.1,6.15,12769.0
48219,27.8,6.28,7946.0
48221,26.9,6.11,21969.0
48223,24.1,5.58,13405.0
48225,21.7,5.12,8209.0
48227,32.7,7.21,11036.0
48229,18.7,4.55,900.0
48231,25.0,5.76,32369.0
48233,27.8,6.28,7191.0
48235,22.5,5.27,634.0
48237,25.4,5.83,3160.0
48239,25.0,5.75,5237.0
48241,20.7,4.93,12583.0
48243,19.2,4.65,1050.0
48245,33.6,7.38,94002.0
48247,23.3,5.42,1710.0
48249,29.7,6.64,13043.0
48251,25.6,5.87,56433.0
48253,25.1,5.76,5593.0
48255,27.1,6.15,4246.0
48257,29.0,6.5,37364.0
48259,31.8,7.05,14159.0
48261,22.8,5.33,209.0
48263,27.2,6.17,318.0
48265,28.9,6.49,20766.0
48267,28.8,6.48,1948.0
48269,16.7,4.17,91.0
48271,21.5,5.08,1170.0
48273,33.1,7.28,10946.0
48275,29.2,6.54,1330.0
48277,29.3,6.57,19313.0
48279,28.8,6.47,4754.0
48281,23.0,5.37,7738.0
48283,36.0,7.84,2216.0
48285,25.7,5.88,7756.0
48287,20.3,4.86,6104.0
48289,18.5,4.52,6249.0
48291,20.6,4.92,26203.0
48293,25.4,5.83,8169.0
48295,21.6,5.1,1256.0
48297,24.6,5.68,3675.0
48299,27.8,6.29,8491.0
48301,19.3,4.67,33.0
48303,37.8,8.19,112185.0
48305,25.6,5.87,2133.0
48307,30.8,6.85,3255.0
48309,30.7,6.83,89034.0
48311,25.4,5.83,223.0
48313,23.9,5.54,4201.0
48315,16.1,4.06,4459.0
48317,26.2,5.99,1626.0
48319,25.2,5.78,1667.0
48321,28.9,6.49,13636.0
48323,30.8,6.85,16307.0
48325,24.3,5.62,15470.0
48327,23.2,5.41,992.0
48329,37.0,8.04,55980.0
48331,25.4,5.82,9381.0
48333,32.1,7.11,1750.0
48335,31.1,6.92,2441.0
48337,27.6,6.24,7995.0
48339,31.2,6.92,192823.0
48341,33.1,7.29,6626.0
48343,19.3,4.67,5048.0
48345,32.4,7.15,465.0
48347,25.1,5.78,23904.0
48349,25.1,5.78,17397.0
48351,10.4,2.98,4978.0
48353,33.2,7.31,5469.0
48355,55.0,11.44,128926.0
48357,34.4,7.54,3443.0
48359,29.3,6.57,527.0
48361,24.6,5.68,31989.0
48363,28.7,6.44,10312.0
48365,20.1,4.82,8827.0
48367,25.6,5.87,44255.0
48369,30.7,6.84,3318.0
48371,33.9,7.45,4557.0
48373,24.1,5.59,17803.0
48375,55.5,11.54,43944.0
48377,36.9,8.02,2627.0
48379,15.1,3.87,4331.0
48381,44.9,9.53,49187.0
48383,42.7,9.11,1147.0
48385,27.0,6.13,1227.0
48387,19.3,4.66,5048.0
48389,39.3,8.47,3713.0
48391,36.1,7.86,2577.0
48393,24.6,5.67,311.0
48395,22.1,5.2,6358.0
48397,35.8,7.81,31649.0
48399,28.8,6.48,3749.0
48401,21.4,5.07,17960.0
48403,16.8,4.2,4099.0
48405,17.2,4.27,3356.0
48407,12.7,3.41,9487.0
48409,32.1,7.1,23121.0
48411,33.1,7.29,2104.0
48413,25.3,5.81,1105.0
48415,33.5,7.36,5884.0
48417,26.1,5.95,1234.0
48419,19.9,4.78,9292.0
48421,36.5,7.93,1055.0
48423,31.0,6.89,77195.0
48425,26.5,6.03,3239.0
48427,23.1,5.38,16238.0
48429,31.0,6.89,3268.0
48431,29.8,6.67,462.0
48433,27.2,6.17,582.0
48435,23.4,5.45,1484.0
48437,26.7,6.07,2514.0
48439,43.5,9.27,698995.0
48441,34.7,7.6,49482.0
48443,19.3,4.67,396.0
48445,29.6,6.63,4041.0
48447,22.1,5.19,703.0
48449,24.9,5.74,10694.0
48451,33.7,7.39,43131.0
48453,52.9,11.04,458484.0
48455,20.7,4.93,5918.0
48457,15.5,3.95,7020.0
48459,18.0,4.42,14036.0
48461,36.2,7.88,1305.0
48463,32.9,7.25,8683.0
48465,33.1,7.29,15429.0
48467,19.4,4.68,19615.0
48469,32.8,7.24,32544.0
48471,23.3,5.43,21636.0
48473,24.3,5.63,14807.0
48475,39.3,8.47,3956.0
48477,31.1,6.9,12381.0
48479,36.7,7.98,73659.0
48481,28.7,6.44,15256.0
48483,32.4,7.16,2254.0
48485,34.3,7.52,47951.0
48487,33.2,7.3,5263.0
48489,25.5,5.85,5810.0
48491,35.9,7.82,174754.0
48493,18.5,4.52,15820.0
48495,37.3,8.08,2572.0
48497,23.8,5.52,22080.0
48499,20.7,4.93,16531.0
48501,30.1,6.72,2676.0
48503,29.2,6.55,7105.0
48505,30.0,6.7,4405.0
48507,30.1,6.73,3509.0
49001,38.2,8.26,2277.0
49003,41.7,8.93,17302.0
49005,35.9,7.81,37645.0
49007,30.9,6.87,7844.0
49009,32.5,7.17,145.0
49011,54.0,11.27,102865.0
49013,26.0,5.94,6644.0
49015,26.6,6.05,3589.0
49017,31.8,7.05,1741.0
49019,34.5,7.55,4006.0
49021,36.0,7.85,16204.0
49023,34.6,7.58,3390.0
49025,26.9,6.11,2634.0
49027,26.9,6.11,4306.0
49029,24.0,5.57,3306.0
49031,24.0,5.56,499.0
49033,30.7,6.83,620.0
49035,64.9,13.33,369429.0
49037,31.5,6.99,3992.0
49039,29.5,6.61,8483.0
49041,31.4,6.97,7261.0
49043,33.2,7.31,14555.0
49045,49.3,10.36,19901.0
49047,29.8,6.66,10625.0
49049,52.3,10.93,160649.0
49051,35.7,7.78,9567.0
49053,36.2,7.87,54702.0
49055,29.4,6.58,1021.0
49057,54.4,11.33,82417.0
50001,36.5,7.94,14733.0
50003,39.3,8.46,14927.0
50005,34.7,7.6,12214.0
50007,50.9,10.68,65400.0
50009,27.0,6.14,2756.0
50011,35.2,7.7,18582.0
50013,27.3,6.18,2967.0
50015,36.0,7.84,10607.0
50017,28.2,6.36,12286.0
50019,32.0,7.08,11679.0
50021,43.3,9.23,25145.0
50023,43.8,9.32,24865.0
50025,39.1,8.43,19118.0
50027,35.7,7.78,24310.0
51001,23.4,5.46,13401.0
51003,37.0,8.03,40612.0
51005,30.7,6.83,6741.0
51007,16.1,4.06,4789.0
51009,26.0,5.94,12044.0
51011,19.7,4.75,6095.0
51013,70.2,14.34,104716.0
51015,19.5,4.7,29297.0
51017,16.5,4.14,1999.0
51019,23.2,5.41,31206.0
51021,15.8,4.0,2523.0
51023,22.9,5.35,13161.0
51025,20.7,4.94,6048.0
51027,19.2,4.64,8871.0
51029,15.8,4.0,5827.0
51031,29.4,6.59,22957.0
51033,19.9,4.79,10911.0
51035,20.0,4.8,12375.0
51036,17.4,4.31,2856.0
51037,17.5,4.33,4543.0
51041,32.0,7.07,123010.0
51043,24.9,5.72,5639.0
51045,20.4,4.88,2266.0
51047,26.5,6.04,16903.0
51049,17.8,4.38,3963.0
51051,19.5,4.7,5841.0
51053,19.2,4.64,10391.0
51057,22.3,5.25,4463.0
51059,58.3,12.09,394447.0
51061,28.4,6.4,24333.0
51063,23.9,5.54,6480.0
51065,23.5,5.46,9842.0
51067,21.1,5.01,23104.0
51069,23.5,5.46,30973.0
51071,22.9,5.35,6987.0
51073,26.1,5.96,14759.0
51075,22.3,5.25,8426.0
51077,18.1,4.44,6542.0
51079,25.1,5.77,7357.0
51081,17.8,4.39,3688.0
51083,19.7,4.74,14025.0
51085,27.6,6.25,38599.0
51087,44.2,9.4,127111.0
51089,22.1,5.19,21598.0
51091,20.8,4.95,1123.0
51093,25.1,5.78,14304.0
51095,31.8,7.04,28766.0
51097,16.8,4.2,2826.0
51099,23.2,5.41,9103.0
51101,25.0,5.74,6170.0
51103,27.0,6.13,5142.0
51105,17.7,4.36,9149.0
51107,36.8,7.98,125309.0
51109,19.2,4.65,13575.0
51111,22.3,5.24,4331.0
51113,20.2,4.83,5078.0
51115,23.1,5.39,3908.0
51117,26.0,5.94,11815.0
51119,26.3,6.0,4454.0
51121,42.1,8.99,35483.0
51125,22.4,5.25,6445.0
51127,24.8,5.71,7754.0
51131,28.3,6.38,5151.0
51133,24.2,5.59,5686.0
51135,25.0,5.76,5542.0
51137,23.3,5.43,13453.0
51139,21.9,5.15,9338.0
51141,17.5,4.33,7685.0
51143,16.5,4.13,26330.0
51145,23.3,5.43,10178.0
51147,25.1,5.76,7187.0
51149,23.2,5.4,11415.0
51153,41.8,8.94,140473.0
51155,27.3,6.19,14525.0
51157,23.5,5.46,2976.0
51159,21.9,5.16,3139.0
51161,33.9,7.44,38343.0
51163,19.4,4.68,8979.0
51165,21.9,5.16,30946.0
51167,18.7,4.54,10965.0
51169,17.0,4.22,8767.0
51171,24.0,5.56,17315.0
51173,22.1,5.21,12881.0
51175,17.2,4.26,6522.0
51177,28.1,6.34,43677.0
51179,29.8,6.66,46328.0
51181,11.7,3.21,2760.0
51183,23.7,5.5,3814.0
51185,24.9,5.73,17042.0
51187,28.6,6.44,14379.0
51191,22.5,5.27,22331.0
51193,25.6,5.87,7612.0
51195,26.1,5.96,15126.0
51197,25.3,5.8,11955.0
51199,29.3,6.56,24617.0
51510,70.9,14.47,69979.0
51520,38.5,8.31,7402.0
51530,55.8,11.61,2539.0
51540,71.1,14.51,18613.0
51550,45.3,9.6,84230.0
51570,39.7,8.54,7054.0
51580,58.0,12.03,2409.0
51590,34.7,7.6,18479.0
51595,36.0,7.83,2119.0
51600,77.5,15.72,8553.0
51610,78.9,16.0,5262.0
51620,30.7,6.83,3526.0
51630,45.7,9.68,10582.0
51640,37.7,8.16,2742.0
51650,55.8,11.59,53700.0
51660,72.3,14.74,16768.0
51670,35.1,7.67,9193.0
51678,69.3,14.17,1984.0
51680,67.8,13.89,28069.0
51683,65.1,13.36,12749.0
51685,61.4,12.67,4706.0
51690,31.8,7.05,5630.0
51700,52.7,11.01,69324.0
51710,65.3,13.4,88155.0
51720,43.5,9.26,1819.0
51730,36.2,7.88,13274.0
51735,25.0,5.75,4615.0
51740,58.1,12.04,36471.0
51750,56.5,11.74,5438.0
51760,67.9,13.89,89846.0
51770,62.9,12.96,42037.0
51775,49.6,10.42,9881.0
51790,39.6,8.52,10520.0
51800,27.4,6.21,33198.0
51810,52.7,11.0,169290.0
51820,37.2,8.06,9144.0
51830,47.2,9.96,4670.0
51840,44.8,9.52,10554.0
53001,42.2,9.02,5881.0
53003,28.5,6.42,9171.0
53005,52.6,10.98,70983.0
53007,48.0,10.12,28038.0
53009,41.6,8.9,32732.0
53011,51.3,10.74,171522.0
53013,25.9,5.92,1758.0
53015,40.2,8.65,41397.0
53017,45.2,9.59,15064.0
53019,21.4,5.07,3097.0
53021,52.3,10.95,26316.0
53023,23.9,5.55,997.0
53025,31.2,6.93,30651.0
53027,47.7,10.06,28263.0
53029,40.8,8.75,34364.0
53031,46.3,9.8,14239.0
53033,65.0,13.35,865627.0
53035,45.0,9.55,101662.0
53037,30.1,6.72,18003.0
53039,22.7,5.32,8539.0
53041,25.5,5.84,30262.0
53043,33.3,7.33,4485.0
53045,26.2,5.98,23535.0
53047,25.1,5.76,17527.0
53049,36.8,8.0,9087.0
53051,17.6,4.34,5782.0
53053,48.3,10.17,317699.0
53055,30.1,6.72,8025.0
53057,29.9,6.69,47937.0
53059,27.6,6.23,4685.0
53061,52.1,10.89,289737.0
53063,54.3,11.32,198489.0
53065,20.5,4.89,17433.0
53067,45.4,9.63,108070.0
53069,17.8,4.37,1844.0
53071,43.1,9.19,22304.0
53073,33.9,7.45,85008.0
53075,30.5,6.79,17910.0
53077,36.4,7.91,82300.0
54001,20.9,4.96,6416.0
54003,27.9,6.31,43237.0
54005,23.2,5.41,9148.0
54007,20.2,4.84,5491.0
54009,27.3,6.18,9957.0
54011,38.0,8.22,39628.0
54013,18.0,4.42,2864.0
54015,12.6,3.4,3261.0
54017,20.1,4.81,2647.0
54019,24.9,5.72,17795.0
54021,13.5,3.57,2670.0
54023,23.8,5.52,4556.0
54025,26.5,6.03,15285.0
54027,24.2,5.59,9663.0
54029,29.4,6.58,12697.0
54031,25.0,5.75,5521.0
54033,33.2,7.31,27436.0
54035,21.3,5.04,11178.0
54037,27.3,6.19,20895.0
54039,32.3,7.14,79437.0
54041,24.0,5.56,6577.0
54043,17.8,4.39,7879.0
54045,22.2,5.22,13875.0
54047,16.1,4.06,7711.0
54049,30.7,6.84,22942.0
54051,29.3,6.57,12232.0
54053,19.3,4.66,10849.0
54055,29.8,6.66,24882.0
54057,28.8,6.48,11184.0
54059,17.5,4.33,10772.0
54061,34.1,7.49,38856.0
54063,15.3,3.91,5744.0
54065,22.5,5.28,7166.0
54067,23.4,5.44,10472.0
54069,36.8,7.99,17351.0
54071,16.9,4.21,3154.0
54073,28.2,6.35,2869.0
54075,22.5,5.28,3579.0
54077,21.9,5.16,12383.0
54079,30.4,6.77,21665.0
54081,29.9,6.68,31119.0
54083,26.7,6.07,11254.0
54085,20.2,4.83,3930.0
54087,15.9,4.01,5679.0
54089,22.1,5.2,5489.0
54091,21.8,5.14,6661.0
54093,25.8,5.9,3103.0
54095,20.0,4.81,3298.0
54097,27.8,6.29,9378.0
54099,21.6,5.11,15799.0
54101,20.3,4.86,3811.0
54103,31.6,7.01,5891.0
54105,16.3,4.11,2499.0
54107,33.5,7.37,36018.0
54109,22.8,5.34,8823.0
55001,20.9,4.97,8619.0
55003,33.7,7.4,6546.0
55005,28.9,6.49,19108.0
55007,28.7,6.45,6963.0
55009,32.4,7.16,104133.0
55011,22.9,5.35,5713.0
55013,25.4,5.82,7303.0
55015,29.8,6.67,19567.0
55017,29.7,6.64,25485.0
55019,22.5,5.27,12800.0
55021,26.5,6.03,23790.0
55023,30.5,6.79,6618.0
55025,55.1,11.46,219490.0
55027,28.6,6.43,34605.0
55029,29.5,6.61,13196.0
55031,51.5,10.79,18920.0
55033,25.2,5.79,16818.0
55035,35.2,7.68,40753.0
55037,21.5,5.09,2010.0
55039,31.5,6.98,41346.0
55041,25.9,5.93,4029.0
55043,28.3,6.38,19401.0
55045,28.8,6.47,15098.0
55047,26.8,6.09,7935.0
55049,23.0,5.38,9835.0
55051,27.4,6.2,3003.0
55053,21.0,5.0,8083.0
55055,30.3,6.76,32866.0
55057,24.1,5.58,10640.0
55059,36.1,7.86,63423.0
55061,25.7,5.89,8238.0
55063,54.6,11.38,47319.0
55065,24.0,5.56,6679.0
55067,24.3,5.62,8594.0
55069,25.8,5.9,12547.0
55071,29.4,6.6,34463.0
55073,30.6,6.82,55377.0
55075,27.0,6.14,18631.0
55077,20.8,4.96,6516.0
55078,23.7,5.5,1443.0
55079,65.6,13.47,382070.0
55081,29.2,6.55,17772.0
55083,23.2,5.4,15940.0
55085,28.9,6.49,15403.0
55087,34.0,7.46,72947.0
55089,35.0,7.65,35625.0
55091,26.9,6.11,3095.0
55093,27.0,6.13,15367.0
55095,25.6,5.87,18314.0
55097,29.9,6.68,28357.0
55099,22.8,5.33,6605.0
55101,47.8,10.08,76384.0
55103,23.5,5.46,7626.0
55105,48.6,10.23,64538.0
55107,23.1,5.4,6382.0
55109,31.4,6.97,33674.0
55111,31.1,6.91,26178.0
55113,26.0,5.94,7634.0
55115,27.5,6.22,17019.0
55117,34.1,7.47,47303.0
55119,21.0,4.99,8632.0
55121,25.6,5.86,11936.0
55123,23.5,5.46,12080.0
55125,29.9,6.69,10914.0
55127,29.9,6.68,40372.0
55129,26.2,5.98,7062.0
55131,30.5,6.8,54138.0
55133,40.0,8.6,157548.0
55135,26.2,5.97,22024.0
55137,20.9,4.97,9869.0
55139,44.3,9.41,70173.0
55141,32.0,7.08,32245.0
56001,35.1,7.68,16027.0
56003,34.0,7.45,4494.0
56005,29.1,6.52,17488.0
56007,30.8,6.85,6341.0
56009,33.1,7.29,5429.0
56011,22.4,5.25,2924.0
56013,30.7,6.83,15003.0
56015,26.7,6.07,5209.0
56017,34.8,7.62,2209.0
56019,31.0,6.89,3828.0
56021,36.9,8.01,39179.0
56023,27.2,6.17,7075.0
56025,40.1,8.62,32851.0
56027,29.6,6.63,978.0
56029,35.1,7.68,11977.0
56031,32.8,7.22,3936.0
56033,35.2,7.69,13159.0
56035,29.5,6.6,3275.0
56037,34.9,7.63,15871.0
56039,32.8,7.23,9158.0
56041,30.5,6.79,7735.0
56043,34.2,7.49,3422.0
56045,27.6,6.25,3062.0
60010,0.0,1.0,3982.0
60020,0.0,1.0,282.0
60030,0.0,1.0,0.0
60040,0.0,1.0,4.0
60050,0.0,1.0,5418.0
66010,0.0,1.0,0.0
69085,0.0,1.0,0.0
69100,0.0,1.0,0.0
69110,0.0,1.0,0.0
69120,0.0,1.0,0.0
72001,11.7,3.22,5861.0
72003,13.7,3.6,12819.0
72005,17.0,4.23,21604.0
72007,10.5,3.0,8469.0
72009,12.5,3.38,8301.0
72011,13.6,3.59,8933.0
72013,16.3,4.1,31788.0
72015,19.6,4.72,6002.0
72017,16.8,4.19,8010.0
72019,11.1,3.1,8918.0
72021,24.7,5.69,67940.0
72023,12.8,3.44,15656.0
72025,21.4,5.06,48629.0
72027,13.3,3.53,11431.0
72029,17.7,4.37,14498.0
72031,23.2,5.42,63401.0
72033,27.5,6.23,8792.0
72035,16.0,4.04,16183.0
72037,17.3,4.29,4367.0
72039,9.0,2.71,5870.0
72041,12.2,3.31,12913.0
72043,13.5,3.57,13346.0
72045,10.5,2.99,5836.0
72047,12.3,3.33,10768.0
72049,8.5,2.62,475.0
72051,17.0,4.22,11881.0
72053,18.8,4.56,12231.0
72054,11.4,3.17,4291.0
72055,15.7,3.98,5469.0
72057,19.8,4.76,14476.0
72059,13.9,3.65,6485.0
72061,22.1,5.21,30963.0
72063,16.0,4.03,14780.0
72065,13.6,3.59,14093.0
72067,16.3,4.1,6253.0
72069,15.0,3.85,17896.0
72071,14.1,3.68,15012.0
72073,9.5,2.8,5087.0
72075,15.1,3.87,15673.0
72077,15.2,3.89,12718.0
72079,11.5,3.19,7911.0
72081,11.2,3.14,9960.0
72083,7.9,2.5,2872.0
72085,13.2,3.5,12527.0
72087,21.0,4.99,8728.0
72089,14.1,3.69,6519.0
72091,17.3,4.29,15337.0
72093,10.6,3.02,1930.0
72095,14.5,3.76,3882.0
72097,17.8,4.39,29912.0
72099,11.6,3.2,13278.0
72101,11.3,3.15,9943.0
72103,11.0,3.09,8317.0
72105,14.2,3.69,8520.0
72107,9.4,2.78,6734.0
72109,11.1,3.1,6233.0
72111,15.1,3.88,6987.0
72113,22.5,5.28,52696.0
72115,14.0,3.66,8286.0
72117,13.7,3.61,5128.0
72119,17.3,4.28,15732.0
72121,16.1,4.06,7493.0
72123,19.5,4.7,10374.0
72125,12.4,3.36,11840.0
72127,26.9,6.11,144573.0
72129,12.4,3.35,13749.0
72131,12.7,3.41,13904.0
72133,16.3,4.09,7465.0
72135,17.4,4.3,22032.0
72137,23.3,5.42,27258.0
72139,19.3,4.66,23982.0
72141,12.1,3.3,9851.0
72143,15.6,3.96,12229.0
72145,18.3,4.47,18081.0
72147,13.1,3.48,2470.0
72149,11.9,3.26,7712.0
72151,12.6,3.39,11722.0
72153,18.6,4.53,10790.0
78010,17.3,4.29,19765.0
78020,16.6,4.16,1894.0
78030,19.3,4.68,21555.0
00000,44.8,9.52,120988091.0
