county_fips,pct_pop_hb_violation,cws_pop,n_cws
01001,0.00,71034,6
01003,4.17,305757,15
01005,1.84,35958,9
01007,16.77,27603,5
01009,27.68,68910,11
01011,0.00,13743,3
01013,10.53,27447,4
01015,20.51,152334,8
01017,0.00,35558,5
01019,0.00,22938,3
01021,0.00,50244,5
01023,70.44,18096,5
01025,7.67,35610,8
01027,12.97,11910,5
01029,0.00,15543,4
01031,7.95,67476,6
01033,19.86,81588,10
01035,3.56,14331,7
01037,38.73,15105,6
01039,0.00,46955,10
01041,0.00,21744,7
01043,0.00,140693,10
01045,1.83,69139,10
01047,0.00,42510,6
01049,0.00,81195,5
01051,11.39,110629,10
01053,2.08,43326,9
01055,5.52,124954,17
01057,7.57,19809,5
01059,0.00,39507,6
01061,0.00,23725,6
01063,0.00,9963,3
01065,0.00,18957,4
01067,0.00,23001,5
01069,2.82,126654,11
01071,38.68,114573,8
01073,4.84,798908,11
01075,0.00,15471,6
01077,3.90,125019,7
01079,0.00,26781,3
01081,5.13,202404,6
01083,31.34,138558,4
01085,0.00,12825,6
01087,0.00,24813,5
01089,0.00,607701,9
01091,1.79,25983,7
01093,22.01,35271,8
01095,2.16,141900,9
01097,67.21,461361,14
01099,31.17,28218,7
01101,0.00,291756,8
01103,0.00,159489,6
01105,0.00,10638,3
01107,0.00,27330,5
01109,7.59,40299,5
01111,0.00,28323,5
01113,22.95,73737,4
01115,1.87,91915,16
01117,19.27,212655,16
01119,0.00,19668,4
01121,0.66,89498,12
01123,6.00,68385,8
01125,67.01,272754,10
01127,21.00,87495,15
01129,9.18,18627,11
01131,61.72,16614,6
01133,6.09,31131,5
02013,92.81,2532,6
02016,8.00,10254,6
02020,0.68,290150,69
02050,73.27,14826,34
02060,51.97,127,2
02068,40.93,733,2
02070,70.84,5155,11
02090,13.38,155105,24
02100,100.00,2489,2
02110,0.64,38776,2
02122,23.55,25978,27
02130,19.43,14301,13
02150,6.14,13625,8
02164,58.60,1790,9
02170,8.00,44807,80
02180,43.61,10325,17
02185,56.81,8625,9
02188,93.64,7620,11
02220,1.00,9543,2
02230,12.92,11071,4
02240,15.32,2246,8
02261,3.12,10372,18
02270,92.28,7517,12
02275,45.76,5933,3
02282,0.00,740,1
02290,58.86,5520,27
04001,16.40,18292,18
04003,52.46,119140,53
04005,30.97,159623,38
04007,39.37,53855,43
04009,98.86,27310,7
04011,71.71,7613,7
04012,20.61,14339,20
04013,5.04,4377674,100
04015,28.25,219228,60
04017,13.06,95401,43
04019,2.50,1065666,143
04021,29.23,500219,64
04023,48.68,47593,17
04025,35.96,197032,107
04027,76.64,212511,29
05001,2.10,28631,9
05003,17.90,20324,9
05005,7.61,36341,16
05007,0.48,403077,28
05009,3.95,36792,13
05011,0.00,11749,7
05013,0.00,6623,6
05015,35.10,21048,19
05017,52.77,10989,7
05019,0.00,21365,9
05021,0.00,22599,13
05023,33.41,55760,7
05025,13.67,13355,6
05027,13.17,22695,12
05029,91.93,33943,5
05031,0.21,115523,12
05033,4.68,57158,14
05035,29.97,46921,12
05037,1.48,21797,7
05039,4.78,7218,5
05041,60.09,12982,10
05043,11.20,14899,11
05045,18.34,151860,10
05047,16.54,29164,10
05049,8.50,14571,8
05051,0.00,102006,6
05053,0.00,44911,10
05055,0.00,129980,7
05057,29.61,18091,10
05059,0.00,42067,5
05061,47.83,15243,7
05063,13.35,47808,13
05065,0.00,13157,8
05067,24.50,27976,13
05069,0.00,68284,11
05071,21.13,31098,10
05073,4.54,6056,6
05075,0.00,21285,11
05077,44.94,8877,4
05079,0.00,14487,5
05081,2.96,11403,8
05083,61.87,36951,18
05085,21.97,76739,11
05087,0.00,21255,4
05089,3.03,16121,9
05091,1.80,53065,5
05093,18.48,41629,21
05095,28.58,7173,6
05097,100.00,4361,3
05099,83.03,7660,5
05101,29.12,16248,13
05103,19.05,24726,10
05105,12.15,12344,7
05107,52.15,16469,8
05109,42.66,8873,7
05111,0.60,120492,13
05113,6.91,18736,9
05115,48.93,70423,9
05117,4.86,12347,7
05119,0.00,464004,10
05121,0.00,22464,9
05123,3.89,28332,10
05125,0.00,121037,14
05127,0.00,15088,2
05129,5.27,17639,9
05131,6.44,133323,15
05133,1.51,13952,6
05135,6.55,18115,12
05137,5.35,16500,6
05139,57.69,39397,24
05141,50.60,41231,6
05143,3.37,285435,12
05145,9.49,82220,15
05147,16.45,15217,7
05149,74.06,22855,8
06001,0.03,2227280,14
06003,7.92,8771,5
06005,36.40,37794,21
06007,5.51,198056,41
06009,30.86,50864,19
06011,2.92,17513,9
06013,0.29,560206,38
06015,2.89,25331,16
06017,0.06,261912,18
06019,8.88,984718,103
06021,1.29,18967,13
06023,4.51,121813,45
06025,40.06,171738,30
06027,36.11,16592,41
06029,15.17,970481,166
06031,28.16,149820,13
06033,15.16,66416,44
06035,0.80,18755,15
06037,1.12,10058958,193
06039,11.08,137789,68
06041,0.03,276967,15
06043,6.32,6552,11
06045,18.70,61023,41
06047,41.51,240326,22
06049,85.45,4922,5
06051,36.35,18489,18
06053,1.67,439622,157
06055,11.19,128683,28
06057,4.12,94414,21
06059,0.01,3195121,38
06061,0.64,417296,52
06063,34.90,24736,27
06065,3.34,2582090,91
06067,14.67,1618462,62
06069,50.39,61256,31
06071,3.31,2481361,143
06073,3.77,3500548,80
06075,0.00,856393,5
06077,26.81,741612,94
06079,8.88,269308,70
06081,0.08,779366,36
06083,0.24,464845,61
06085,53.04,2076233,73
06087,11.33,252917,52
06089,13.93,168512,59
06091,42.75,3530,8
06093,78.75,28657,32
06095,32.63,460757,26
06097,1.12,441017,129
06099,20.31,488517,60
06101,0.09,83115,8
06103,14.17,36232,49
06105,61.65,9591,17
06107,38.28,427918,92
06109,18.13,63965,49
06111,2.49,871643,65
06113,22.79,248106,17
06115,0.25,76516,22
08001,9.16,708670,64
08003,0.66,12969,4
08005,0.03,862770,28
08007,6.68,13333,7
08009,88.54,2504,6
08011,90.20,3061,4
08013,0.50,428162,41
08014,97.58,108783,3
08015,14.49,15438,18
08017,0.00,1265,3
08019,10.82,18562,11
08021,14.67,4479,8
08023,5.94,2355,8
08025,0.00,2942,6
08027,0.00,2032,3
08029,29.18,26275,30
08031,0.01,1312794,5
08033,66.05,1287,2
08035,0.17,410753,27
08037,0.68,90031,23
08039,7.61,12399,15
08041,3.24,742261,74
08043,14.76,53239,16
08045,33.83,50685,56
08047,0.00,18917,2
08049,23.90,30371,23
08051,4.09,20762,20
08053,89.76,654,2
08055,80.79,5722,10
08057,0.00,683,2
08059,0.71,555599,47
08061,23.63,859,3
08063,14.95,7491,6
08065,0.53,9071,7
08067,5.51,54489,55
08069,7.27,488138,46
08071,2.53,14236,14
08073,13.44,7725,6
08075,4.34,17059,9
08077,0.13,162182,21
08079,0.00,2082,3
08081,3.46,10114,6
08083,3.41,28039,10
08085,2.00,56033,20
08087,1.52,28903,8
08089,27.39,19329,23
08091,63.58,3869,5
08093,50.59,3487,11
08095,1.18,3545,3
08097,16.52,41174,27
08099,26.80,11670,10
08101,21.76,162362,18
08103,0.55,5046,4
08105,1.99,7327,9
08107,57.45,38671,23
08109,14.65,5958,5
08111,0.00,2387,1
08113,39.37,20954,12
08115,86.73,1711,3
08117,40.38,71775,24
08119,67.65,18110,24
08121,100.00,2979,2
08123,8.83,360554,58
08125,3.48,6758,4
09001,0.55,747901,61
09003,5.08,823516,47
09005,2.83,109271,76
09007,3.29,76494,50
09009,0.06,708665,31
09011,4.99,185198,88
09013,10.74,42962,69
09015,9.26,45979,53
10001,0.27,148290,62
10003,0.00,528856,31
10005,0.74,345080,113
11001,5.40,668435,3
12001,0.09,222701,15
12003,0.00,10228,4
12005,19.01,204717,10
12007,0.20,15048,7
12009,20.70,722613,27
12011,20.50,1910047,37
12013,0.00,4300,2
12015,0.27,258549,19
12017,0.68,119183,52
12019,0.05,179375,12
12021,0.34,376613,10
12023,4.77,23576,18
12027,29.39,22759,10
12029,2.06,4850,4
12031,0.01,932353,21
12033,0.00,347475,12
12035,0.06,132066,10
12037,51.26,20497,6
12039,0.38,37757,15
12041,0.00,3475,2
12043,60.34,6714,6
12045,25.97,24211,5
12047,0.00,7969,3
12049,0.90,15692,9
12051,0.39,33930,9
12053,0.29,169901,15
12055,4.17,96058,29
12057,0.07,1651821,186
12059,12.60,4898,7
12061,0.00,167409,3
12063,7.45,23418,15
12065,0.00,8752,5
12067,0.00,2455,2
12069,3.11,422515,136
12071,24.54,718686,20
12073,0.07,234605,24
12075,9.66,11446,13
12077,44.66,6879,8
12079,87.26,9317,5
12081,3.41,428473,7
12083,2.06,261772,130
12085,5.52,157852,16
12086,0.00,3286862,25
12087,100.00,30000,1
12089,0.40,61464,11
12091,7.87,282700,21
12093,7.72,23325,9
12095,0.21,1616684,45
12097,0.41,327230,28
12099,54.20,1582826,33
12101,0.47,398563,67
12103,5.00,1147776,12
12105,13.60,646447,149
12107,57.95,26183,31
12109,0.39,218557,21
12111,3.78,327992,20
12113,0.01,220672,15
12115,0.00,481933,14
12117,6.87,508899,38
12119,0.80,171162,24
12121,29.68,13310,7
12123,64.48,11291,3
12125,0.00,4875,2
12127,0.58,547431,48
12129,43.43,30426,7
12131,0.94,123608,9
12133,27.36,9138,6
13001,0.00,6711,4
13003,41.16,4186,5
13005,0.00,4161,2
13007,0.00,834,2
13009,99.79,43822,5
13011,35.79,11249,7
13013,11.73,85749,8
13015,0.00,108364,8
13017,0.00,15414,2
13019,0.00,8014,4
13021,0.00,130597,4
13023,0.00,9614,2
13025,0.00,2726,8
13027,0.00,9119,14
13029,0.00,37375,44
13031,0.12,80276,122
13033,0.00,8591,7
13035,0.00,35630,4
13037,22.99,5307,5
13039,43.57,57937,11
13043,0.00,5447,9
13045,0.00,107402,10
13047,4.35,67936,3
13049,0.00,6751,4
13051,11.68,333285,83
13053,0.00,2956,1
13055,0.00,23813,5
13057,0.00,273023,8
13059,98.14,127473,11
13061,0.00,2678,3
13063,0.00,298449,2
13065,0.00,3895,4
13067,0.00,803382,4
13069,0.22,24161,31
13071,0.00,25461,33
13073,86.78,143776,6
13075,0.00,9842,8
13077,62.15,154677,13
13079,0.00,6180,4
13081,0.00,17190,13
13083,0.00,16285,1
13085,0.00,28917,5
13087,4.10,18286,10
13089,0.00,1832893,2
13091,0.00,11351,4
13093,0.00,9265,6
13095,0.00,105353,6
13097,0.00,127084,1
13099,0.00,6218,3
13101,100.00,1026,2
13103,0.00,49904,71
13105,0.00,9461,6
13107,7.00,15595,14
13109,0.00,6362,7
13111,0.00,17064,21
13113,0.57,105240,12
13115,0.00,98177,4
13117,0.00,222696,8
13119,29.03,19421,7
13121,4.05,1636505,10
13123,0.00,17462,14
13125,97.73,1673,3
13127,0.00,88617,50
13129,0.00,53934,3
13131,0.00,11928,12
13133,1.16,24740,22
13135,0.00,997144,5
13137,12.19,39382,14
13139,0.00,149723,9
13141,36.82,7885,7
13143,48.28,25310,5
13145,0.00,32757,9
13147,0.33,16603,27
13149,89.10,9172,2
13151,0.00,229763,7
13153,0.00,251970,7
13155,0.00,3688,5
13157,38.27,88298,10
13159,46.27,8740,5
13161,90.54,6382,5
13163,0.81,11871,7
13165,0.00,6672,2
13167,0.00,4262,3
13169,0.00,23390,5
13171,17.17,13101,3
13173,57.93,4692,8
13175,0.00,28483,18
13177,74.98,26931,16
13179,0.00,74981,42
13181,99.40,7682,3
13183,0.00,8355,55
13185,70.48,95373,68
13187,0.00,13983,33
13189,100.00,21312,1
13191,0.00,12072,32
13193,13.08,10259,6
13195,8.22,12436,22
13197,19.49,7297,2
13199,41.78,12917,9
13201,0.00,1998,1
13205,27.85,14389,8
13207,0.00,28582,5
13209,2.79,5346,10
13211,68.23,9419,12
13213,0.00,28420,2
13215,0.00,229000,1
13217,2.38,95877,12
13219,0.00,34550,23
13221,17.21,5899,19
13223,0.00,123096,3
13225,0.00,26072,3
13227,0.00,31169,4
13229,1.22,6888,11
13231,0.00,8881,9
13233,0.00,38851,4
13235,0.00,7937,2
13237,5.90,22898,19
13239,0.00,3457,5
13241,0.60,14645,14
13243,0.00,4136,3
13245,0.11,212843,5
13247,0.00,90172,5
13249,0.00,5058,2
13251,3.30,7115,16
13253,0.00,4350,5
13255,0.00,65298,6
13257,90.93,31576,4
13259,0.00,5962,5
13261,0.00,17738,12
13263,62.79,6415,5
13265,100.00,621,1
13267,0.00,11376,11
13269,21.30,6107,4
13271,2.67,10114,5
13273,0.00,6299,6
13275,1.04,40745,28
13277,0.00,35050,8
13279,1.89,20318,15
13281,0.00,19823,5
13283,0.00,3115,1
13285,8.24,52133,5
13287,0.00,6357,4
13289,0.00,3010,9
13291,16.89,26096,9
13293,0.00,20849,9
13295,0.00,63927,5
13297,6.12,89333,12
13299,0.00,32933,6
13301,89.54,3536,3
13303,0.00,13712,8
13305,0.00,14455,22
13307,0.00,1007,2
13309,0.00,5044,3
13311,0.00,16767,18
13313,0.00,99315,1
13315,0.00,5787,5
13317,87.48,7419,3
13319,0.00,6841,6
13321,0.00,10139,11
15001,0.17,143721,37
15003,0.00,1119635,30
15007,0.00,76806,16
15009,0.00,167019,35
16001,1.91,504229,54
16003,1.08,2404,5
16005,0.79,78505,23
16007,4.59,5444,12
16009,19.21,6440,9
16011,59.59,23509,28
16013,14.71,21097,22
16015,29.50,4257,20
16017,5.29,28793,54
16019,20.03,118972,35
16021,10.70,11040,14
16023,77.70,1390,4
16025,100.00,441,1
16027,0.84,203284,83
16029,19.10,4816,8
16031,94.64,12863,13
16033,100.00,511,1
16035,45.98,5916,11
16037,0.00,1618,4
16039,58.46,25944,25
16041,72.90,10527,15
16043,15.12,7250,11
16045,0.87,6912,6
16047,0.65,8264,8
16049,18.62,7679,18
16051,59.36,9339,17
16053,3.23,15082,6
16055,2.21,165274,116
16057,6.68,40338,21
16059,91.17,3535,5
16061,17.81,2976,6
16063,16.92,2659,4
16065,0.10,43820,7
16067,1.39,10793,9
16069,1.45,36991,12
16071,0.00,2200,1
16073,5.29,5628,8
16075,42.74,17449,7
16077,2.87,5287,5
16079,0.00,13271,15
16081,1.27,6798,13
16083,2.06,71424,14
16085,68.35,7386,12
16087,0.00,6109,3
17001,2.35,65370,19
17003,0.00,7545,6
17005,12.71,17546,9
17007,0.00,40965,11
17009,0.00,5721,5
17011,17.52,25833,24
17013,0.00,6205,5
17015,5.41,11142,9
17017,7.53,11133,7
17019,0.13,205540,38
17021,15.87,28512,14
17023,3.50,19356,6
17025,0.00,10106,6
17027,17.10,34134,20
17029,29.92,57768,10
17031,4.51,5221530,161
17033,7.98,20733,7
17035,0.00,4730,4
17037,1.57,94490,20
17039,1.60,10955,8
17041,4.07,18418,11
17043,0.19,848182,48
17045,10.43,12207,7
17047,0.00,6245,4
17049,11.65,24037,12
17051,83.29,17926,9
17053,5.01,10254,11
17055,18.99,42671,22
17057,3.39,32184,18
17059,0.00,4726,7
17061,19.92,12516,10
17063,15.53,42851,20
17065,35.76,7864,4
17067,14.29,11851,11
17069,0.00,4051,5
17071,0.00,9312,7
17073,9.30,38696,41
17075,13.21,21006,26
17077,75.53,56868,20
17079,0.00,33112,4
17081,0.00,35777,13
17083,0.00,21683,4
17085,33.43,15063,14
17087,47.15,7996,6
17089,4.79,567720,39
17091,88.23,91529,21
17093,0.13,76297,9
17095,4.33,45929,17
17097,4.63,630204,102
17099,49.61,92405,37
17101,35.18,12860,8
17103,2.95,28097,17
17105,29.05,28522,16
17107,67.64,23794,14
17109,47.99,33078,14
17111,26.64,248860,32
17113,6.14,164377,36
17115,8.10,103222,14
17117,33.45,45111,30
17119,4.03,270829,41
17121,0.00,42624,15
17123,18.96,9155,11
17125,6.89,7934,6
17127,50.97,13774,4
17129,0.00,12141,7
17131,7.55,9799,14
17133,15.11,27001,6
17135,43.92,25805,18
17137,15.70,36295,14
17139,0.00,12582,6
17141,11.74,32530,24
17143,4.77,168585,21
17145,70.88,18955,7
17147,18.28,11525,9
17149,1.76,15892,13
17151,100.00,6195,2
17153,6.26,3226,6
17155,25.10,4004,8
17157,37.18,29363,14
17159,12.89,11015,7
17161,8.80,146448,49
17163,0.77,254649,26
17165,75.00,25507,11
17167,2.00,182511,42
17169,1.58,7415,5
17171,18.54,4422,6
17173,19.35,11925,9
17175,42.21,3419,4
17177,1.10,31863,13
17179,6.66,121380,30
17181,71.75,13389,9
17183,3.11,55477,20
17185,70.99,9881,5
17187,73.52,12109,6
17189,0.00,20407,12
17191,64.39,16129,10
17193,1.26,13916,9
17195,22.86,37014,12
17197,32.74,587848,52
17199,27.20,75433,24
17201,4.02,240995,28
17203,4.12,25504,19
18001,1.55,16779,6
18003,87.83,308737,12
18005,0.23,75609,6
18007,4.10,6104,6
18009,0.00,7115,2
18011,64.96,26012,7
18013,0.00,22108,3
18015,2.62,6070,4
18017,0.58,21981,7
18019,11.20,175951,10
18021,18.99,16983,7
18023,3.77,20921,7
18025,46.41,7085,6
18027,53.91,25392,6
18029,13.31,46859,9
18031,75.80,20411,5
18033,2.50,25013,7
18035,0.16,87198,14
18037,12.10,61963,11
18039,1.32,97999,16
18041,0.00,15652,5
18043,0.00,25657,4
18045,40.75,9191,5
18047,13.25,12680,4
18049,0.00,8217,5
18051,22.47,28354,9
18053,2.12,44531,10
18055,3.11,36152,7
18057,45.37,220554,16
18059,0.00,36516,7
18061,42.51,41132,6
18063,0.61,85919,9
18065,0.00,30050,9
18067,0.00,64249,11
18069,86.11,23520,8
18071,3.92,39841,7
18073,10.24,12153,5
18075,0.00,10543,4
18077,0.00,33773,7
18079,35.43,25813,9
18081,0.00,143205,8
18083,8.20,31243,11
18085,3.88,26757,30
18087,16.42,6582,9
18089,3.22,521960,30
18091,32.79,71180,23
18093,13.63,46335,6
18095,77.34,93008,13
18097,5.21,939923,3
18099,19.93,22657,12
18101,0.00,14412,5
18103,2.02,17349,15
18105,65.80,126270,10
18107,3.66,21711,10
18109,0.00,58493,13
18111,5.71,5495,8
18113,11.55,21150,13
18115,66.61,7187,2
18117,0.00,9125,3
18119,6.08,13967,3
18121,76.07,8911,7
18123,6.98,17527,6
18125,57.11,18263,6
18127,3.24,46343,8
18129,13.78,10158,4
18131,24.33,3983,3
18133,3.23,25715,11
18135,10.33,14041,8
18137,6.69,30930,8
18139,3.37,9275,5
18141,0.01,182639,15
18143,0.00,25087,2
18145,0.46,21521,9
18147,13.80,18258,9
18149,0.00,6301,3
18151,3.57,17399,18
18153,6.06,19012,10
18155,0.00,13887,2
18157,1.43,161238,11
18159,19.52,6461,3
18161,0.00,2692,3
18163,0.00,195334,2
18165,17.65,13389,12
18167,0.36,85722,11
18169,1.50,20985,13
18171,1.45,2560,3
18173,1.94,61913,7
18175,35.10,23363,5
18177,5.41,50203,12
18179,0.32,14007,5
18181,18.64,11585,13
18183,12.74,14152,7
19001,0.00,28393,7
19003,0.00,25113,3
19005,0.00,7755,4
19007,0.00,40200,6
19009,0.00,3247,4
19011,3.98,18566,17
19013,0.00,160761,11
19015,48.68,32446,12
19017,0.00,55919,10
19019,0.00,12252,10
19021,0.00,24334,12
19023,0.31,46798,10
19025,9.11,7950,12
19027,0.60,19740,13
19029,6.99,10314,7
19031,0.53,11973,13
19033,0.00,38006,9
19035,0.00,13074,11
19037,5.89,6891,6
19039,17.72,31060,4
19041,0.00,19361,6
19043,0.00,9653,16
19045,0.00,38911,16
19047,0.00,15526,10
19049,0.08,146802,20
19051,0.00,36056,3
19053,6.52,59204,6
19055,0.00,7810,8
19057,2.19,42067,9
19059,69.24,13861,10
19061,0.00,83775,32
19063,0.00,7635,7
19065,0.00,12950,11
19067,0.00,10575,7
19069,0.00,6652,9
19071,0.00,4080,7
19073,0.00,11915,5
19075,0.00,46025,9
19077,2.83,6889,7
19079,0.00,17394,9
19081,3.60,7077,8
19083,0.00,50510,12
19085,0.00,8192,11
19087,0.00,23991,11
19089,0.00,6115,6
19091,0.00,6820,8
19093,0.00,4909,5
19095,0.38,12258,11
19097,0.00,11343,10
19099,0.00,63898,11
19101,0.00,61798,10
19103,0.28,164454,74
19105,0.00,12186,13
19107,0.00,23048,11
19109,0.00,9947,15
19111,0.00,35371,6
19113,0.10,217144,40
19115,0.00,5879,8
19117,0.00,37858,3
19119,0.00,12196,12
19121,0.00,48287,5
19123,0.00,24159,4
19125,0.00,30229,13
19127,0.00,71448,13
19129,2.01,7573,7
19131,0.00,6147,5
19133,0.00,5791,8
19135,0.00,37193,3
19137,0.00,10573,4
19139,0.00,35085,22
19141,0.00,11182,7
19143,0.00,13222,7
19145,0.00,15052,9
19147,1.66,15490,7
19149,0.00,17313,10
19151,9.37,5196,9
19153,3.93,562451,38
19155,0.00,83347,16
19157,65.35,15352,8
19159,0.00,23061,4
19161,15.86,8296,8
19163,0.56,166074,48
19165,0.00,11941,9
19167,0.00,38650,16
19169,0.98,158623,20
19171,0.00,24422,11
19173,0.00,24181,4
19175,0.00,28329,2
19177,0.00,36195,8
19179,0.00,44794,6
19181,0.00,57488,14
19183,0.00,31684,14
19185,0.00,36392,6
19187,1.04,37997,24
19189,0.00,8283,7
19191,0.00,11801,13
19193,0.33,97929,17
19195,0.00,4533,7
19197,0.00,10302,7
20001,1.77,9991,14
20003,0.00,7276,7
20005,0.00,16560,8
20007,2.62,3623,9
20009,1.69,21760,11
20011,7.04,16490,6
20013,3.09,7027,11
20015,3.15,48500,21
20017,1.56,1728,7
20019,90.42,2840,10
20021,21.90,18273,16
20023,0.00,1729,2
20025,0.00,1576,3
20027,0.00,6443,8
20029,0.00,7364,7
20031,0.00,9572,9
20033,12.14,1425,4
20035,0.00,33556,15
20037,9.77,38940,18
20039,0.00,1878,3
20041,18.49,15169,13
20043,15.49,6664,8
20045,0.00,155266,12
20047,87.00,2077,4
20049,53.12,2353,6
20051,0.38,26078,13
20053,5.14,7958,6
20055,0.00,43660,12
20057,94.32,28953,5
20059,53.51,24169,14
20061,33.18,58426,8
20063,4.78,1736,5
20065,8.18,1700,4
20067,0.00,6410,1
20069,6.99,3591,5
20071,11.51,886,2
20073,21.96,6875,9
20075,0.00,1965,3
20077,7.07,4510,8
20079,0.00,31932,10
20081,43.16,2421,2
20083,0.00,1019,2
20085,0.00,12049,12
20087,8.26,19964,18
20089,17.42,2554,7
20091,0.69,670249,7
20093,24.21,2858,2
20095,9.92,4365,6
20097,0.00,1553,3
20099,60.97,19599,15
20101,0.00,1210,2
20103,0.00,82837,16
20105,11.58,1658,4
20107,41.80,10692,12
20109,91.67,2210,2
20111,78.30,30663,12
20113,0.00,24563,13
20115,16.18,9583,12
20117,5.81,7965,10
20119,0.00,3061,3
20121,14.74,29041,8
20123,86.60,7799,9
20125,36.74,30553,17
20127,0.00,4859,6
20129,0.00,2264,2
20131,0.60,9620,11
20133,1.91,16913,15
20135,0.00,2002,6
20137,81.84,3426,5
20139,2.42,18214,16
20141,5.30,2755,7
20143,0.00,5267,7
20145,1.68,5837,4
20147,1.37,3783,9
20149,8.05,23141,17
20151,96.06,7090,6
20153,0.00,1519,3
20155,84.31,49175,16
20157,67.19,4932,10
20159,2.44,8153,8
20161,0.08,62626,12
20163,58.26,4037,8
20165,12.76,2335,9
20167,63.49,7053,12
20169,0.00,50739,11
20171,0.00,3748,1
20173,0.00,497465,23
20175,0.00,20107,3
20177,4.75,154507,9
20179,0.00,1407,2
20181,0.00,4605,2
20183,9.77,2713,5
20185,36.24,2583,3
20187,0.00,1470,2
20189,0.00,4038,2
20191,6.41,23681,17
20193,0.00,6004,3
20195,0.00,3454,4
20197,34.70,4939,10
20199,0.00,1034,3
20201,7.44,5258,12
20203,0.00,1430,1
20205,9.96,8803,16
20207,46.45,3311,3
20209,0.00,160765,2
21001,100.00,22113,1
21003,0.00,23262,2
21005,36.33,23165,2
21007,0.00,5377,4
21009,0.00,40030,2
21011,74.09,16722,3
21013,0.00,28935,4
21015,0.00,100098,6
21017,91.19,15505,2
21019,19.64,66399,3
21021,0.00,36861,2
21023,0.00,9123,3
21025,47.65,9872,3
21027,0.00,21624,3
21029,0.00,26626,2
21031,15.57,16884,2
21033,0.00,14047,3
21035,3.13,30774,8
21039,0.00,2503,4
21041,0.89,12987,4
21043,39.93,28539,3
21045,84.41,14762,2
21047,0.00,89360,4
21049,0.00,37189,2
21051,31.96,16681,2
21053,0.00,9042,1
21055,100.00,3039,1
21057,73.45,9665,2
21059,0.00,112731,5
21061,79.41,24289,3
21063,0.00,3528,1
21065,0.00,15150,2
21067,0.00,669042,1
21069,0.00,14301,3
21071,36.69,44358,5
21073,0.00,65214,4
21075,100.00,7853,2
21077,0.00,7848,2
21079,0.00,19379,2
21081,7.72,31082,4
21083,0.00,28761,9
21085,0.00,28471,2
21087,0.00,17893,2
21089,17.27,40510,7
21091,0.00,6474,2
21093,4.90,136859,4
21095,34.78,27083,15
21097,69.74,23999,2
21099,0.00,22284,3
21101,0.00,49206,3
21103,0.00,22370,3
21105,0.00,1933,2
21107,11.94,57432,10
21109,8.90,14960,2
21111,0.00,806997,1
21113,25.74,56685,4
21115,0.00,24354,1
21117,0.00,259949,1
21119,0.00,9239,3
21121,33.61,24733,2
21123,0.00,13691,2
21125,12.37,71586,5
21127,0.00,8236,1
21129,0.00,8428,1
21131,0.00,9614,1
21133,52.37,12355,4
21135,0.00,9829,2
21137,25.08,21615,4
21139,20.09,18510,5
21141,16.64,30357,7
21143,52.16,12930,4
21145,0.00,65098,2
21147,0.00,34439,1
21149,11.32,8537,6
21151,39.00,91379,5
21153,25.34,11954,2
21155,0.00,23953,2
21157,0.00,37426,5
21159,100.00,9003,1
21161,0.00,25305,4
21163,83.57,39864,4
21165,99.54,5426,2
21167,0.00,26366,4
21169,0.00,8515,1
21171,89.00,13497,3
21173,71.22,34363,6
21175,76.02,9869,2
21177,64.85,36058,5
21179,13.79,51678,4
21181,0.00,10410,3
21183,9.30,25943,5
21185,0.00,48476,2
21189,100.00,5346,1
21191,0.00,15554,5
21193,0.00,30247,3
21195,79.50,55418,3
21197,0.00,15917,4
21199,0.00,102144,8
21201,0.00,775,1
21203,0.00,21352,4
21205,54.68,34317,3
21207,55.97,16811,2
21209,0.00,44608,1
21211,0.00,53306,4
21213,0.00,40548,2
21215,0.00,22286,1
21217,0.00,24874,1
21219,15.14,15988,5
21221,0.00,20449,2
21223,0.00,8007,2
21225,100.00,16273,4
21227,0.00,144719,2
21229,0.00,13205,1
21231,0.00,21000,1
21233,49.08,15420,6
21235,46.83,41263,5
21237,0.00,6600,1
21239,66.36,26858,4
22001,26.73,63321,12
22003,50.68,32229,10
22005,32.94,31987,19
22007,0.00,21366,1
22009,36.24,52812,16
22011,34.61,49360,7
22013,80.09,16678,20
22015,17.74,140258,22
22017,94.49,244869,41
22019,10.25,203380,43
22021,31.60,16233,11
22023,77.47,10807,7
22025,53.16,12708,7
22027,56.28,21097,12
22029,52.85,25815,7
22031,73.98,33699,9
22033,2.15,643102,5
22035,100.00,8070,4
22037,12.82,27684,10
22039,73.40,42955,13
22041,78.27,25752,7
22043,59.31,25910,13
22045,11.86,75060,7
22047,35.53,40967,12
22049,73.32,18119,19
22051,33.74,440987,4
22053,26.29,38275,8
22055,11.49,303572,59
22057,0.00,96471,2
22059,55.05,19338,12
22061,36.85,60540,20
22063,16.94,160380,28
22065,89.59,13542,4
22067,88.64,31947,15
22069,16.90,44619,13
22071,100.00,387688,2
22073,58.18,186438,26
22075,34.88,32082,4
22077,72.59,30794,10
22079,18.76,162868,22
22081,75.86,12339,11
22083,34.52,24759,11
22085,81.34,39244,18
22087,0.00,44783,1
22089,0.00,52879,1
22091,12.88,10402,3
22093,67.79,22354,4
22095,0.00,46679,4
22097,38.98,111579,28
22099,74.09,75519,14
22101,91.33,62077,11
22103,24.78,242206,95
22105,72.91,129234,21
22107,84.70,8336,5
22109,0.00,128118,2
22111,89.74,32769,20
22113,48.54,70406,10
22115,12.16,65626,16
22117,59.93,32885,14
22119,44.55,50159,27
22121,22.05,30651,5
22123,79.71,14565,7
22125,58.16,20711,3
22127,90.86,17073,12
23001,0.25,55615,20
23003,14.22,30302,39
23005,1.46,176794,31
23007,18.57,14566,13
23009,26.88,19755,30
23011,0.30,55771,31
23013,4.47,25360,16
23015,0.97,14158,12
23017,3.99,19632,15
23019,1.08,74198,54
23021,43.61,8292,9
23023,0.00,12025,9
23025,20.98,20933,17
23027,0.81,10819,18
23029,23.74,12214,22
23031,2.18,141019,50
24001,11.81,65734,17
24003,0.31,508707,28
24005,20.63,2463,8
24009,10.58,36050,30
24011,11.20,12921,19
24013,5.05,97162,24
24015,72.46,52685,47
24017,0.40,119850,49
24019,14.47,20208,12
24021,4.49,180840,30
24023,5.96,13794,16
24025,8.45,168724,17
24027,0.17,286756,4
24029,52.33,11390,11
24031,0.00,1959606,6
24033,95.91,26410,4
24035,22.79,18339,16
24037,3.99,91164,38
24039,34.95,11185,10
24041,12.31,22760,8
24043,1.13,111038,20
24045,3.97,47357,26
24047,56.80,61238,19
24510,99.85,1603209,5
25001,0.99,606315,30
25003,0.00,114258,41
25005,0.01,629223,29
25007,0.00,39491,7
25009,7.24,894820,39
25011,0.00,50236,26
25013,4.99,428359,29
25015,28.32,138649,28
25017,10.26,1611597,97
25019,0.00,30703,2
25021,0.13,770300,39
25023,9.06,548666,45
25025,0.00,3377936,5
25027,7.67,733244,110
26001,0.00,649,5
26003,11.49,4134,5
26005,16.54,35610,50
26007,0.00,16082,3
26009,12.96,9647,13
26011,0.00,8707,8
26013,96.39,4650,3
26015,5.68,16375,17
26017,35.89,98711,20
26019,11.13,3936,10
26021,15.29,103891,41
26023,1.37,20107,13
26025,81.21,76536,19
26027,24.51,13665,19
26029,0.00,13792,18
26031,0.00,6866,10
26033,1.52,21381,6
26035,0.00,5160,4
26037,2.54,15063,12
26039,0.00,1984,3
26041,0.51,18643,8
26043,0.00,19124,7
26045,0.74,54003,17
26047,3.23,18794,39
26049,31.58,271831,46
26051,63.53,4711,8
26053,9.30,11021,8
26055,0.00,41630,24
26057,0.00,21825,10
26059,54.40,15268,13
26061,3.97,30273,17
26063,2.58,16191,19
26065,5.24,263590,23
26067,9.77,28109,18
26069,0.58,14759,11
26071,0.00,11293,15
26073,62.21,37344,13
26075,1.30,91761,24
26077,0.24,250341,23
26079,0.00,2066,2
26081,2.12,567070,44
26083,24.21,826,5
26085,0.00,1177,4
26087,63.33,20436,14
26089,3.79,5061,15
26091,9.26,52339,28
26093,6.62,70560,47
26095,0.00,3558,3
26097,84.11,3670,4
26099,4.43,823290,27
26101,0.00,8680,10
26103,51.37,46369,23
26105,0.00,11886,9
26107,92.39,11574,13
26109,0.36,10140,5
26111,17.72,62778,9
26113,0.00,1515,3
26115,0.00,129312,10
26117,0.18,20419,13
26119,0.00,1168,3
26121,3.56,113189,24
26123,10.06,11076,9
26125,10.06,1042993,108
26127,0.00,5205,5
26129,6.73,2675,7
26131,0.00,3758,5
26133,1.65,5076,5
26135,0.00,882,4
26137,0.00,4396,11
26139,8.40,207273,26
26141,0.00,4992,5
26143,6.89,2149,16
26145,5.60,165803,26
26147,4.79,114145,21
26149,0.56,32276,17
26151,4.24,19737,20
26153,0.00,4902,4
26155,63.43,28461,21
26157,0.00,15513,15
26159,45.35,28525,27
26161,2.88,263484,32
26163,13.87,1778832,43
26165,13.32,13632,8
27001,7.50,3478,6
27003,0.93,293077,31
27005,0.44,13540,10
27007,0.41,17282,18
27009,0.00,19521,8
27011,0.00,3566,9
27013,1.40,55042,17
27015,0.00,20635,7
27017,0.00,19233,10
27019,0.53,98946,12
27021,0.00,4520,13
27023,0.00,7690,5
27025,0.30,28708,18
27027,1.25,57949,13
27029,0.00,2022,3
27031,0.00,1404,2
27033,0.00,14114,9
27035,0.59,29900,23
27037,16.28,382506,20
27039,0.00,13895,6
27041,0.19,19324,11
27043,0.79,9814,12
27045,0.00,13306,14
27047,10.74,23038,15
27049,0.68,32124,12
27051,1.45,3437,7
27053,0.00,1264727,44
27055,0.00,11200,6
27057,0.73,5479,7
27059,0.00,19746,5
27061,0.00,21457,18
27063,1.85,6068,6
27065,0.00,4254,3
27067,0.81,29072,15
27069,0.00,5025,6
27071,0.00,7092,5
27073,0.00,3481,6
27075,0.00,5654,3
27077,0.00,1002,2
27079,2.92,22484,11
27081,0.00,16757,7
27083,0.00,20829,12
27085,1.77,27252,10
27087,0.00,1693,3
27089,0.83,7614,12
27091,1.99,14932,9
27093,0.00,11787,7
27095,0.00,11260,9
27097,1.92,14557,9
27099,1.62,32213,17
27101,0.00,4415,9
27103,1.74,28956,6
27105,3.85,18117,12
27107,5.79,3903,9
27109,0.00,144060,18
27111,0.73,26505,16
27113,93.98,9258,6
27115,1.21,11022,15
27117,0.00,6985,10
27119,1.08,20586,11
27121,0.00,4881,6
27123,68.15,575949,18
27125,0.00,2015,3
27127,0.00,10374,14
27129,0.00,9630,10
27131,0.20,56316,14
27133,0.00,9495,8
27135,3.52,7110,13
27137,4.73,151597,31
27139,24.50,123739,17
27141,0.00,45816,9
27143,16.51,8660,8
27145,0.35,140748,33
27147,0.17,30780,7
27149,0.00,6904,5
27151,0.00,6121,6
27153,0.00,10019,8
27155,3.13,2174,4
27157,0.00,13886,10
27159,0.00,6927,4
27161,1.67,12933,4
27163,0.00,244999,29
27165,29.54,8156,8
27167,0.00,4189,5
27169,0.00,40180,12
27171,0.88,113695,18
27173,0.90,6758,9
28001,0.00,32630,5
28003,0.00,39066,8
28005,0.00,11211,10
28007,0.00,22247,14
28009,6.82,5717,6
28011,24.30,36305,26
28013,15.33,18477,17
28015,0.00,10203,6
28017,7.65,19793,11
28019,16.68,9558,11
28021,16.97,12036,6
28023,0.00,14964,11
28025,0.78,24073,8
28027,87.78,23696,17
28029,44.59,25924,11
28031,29.80,14329,8
28033,18.28,202446,19
28035,2.96,87876,13
28037,67.16,7621,10
28039,0.00,15188,5
28041,4.59,10871,7
28043,9.18,30575,10
28045,39.67,53115,12
28047,4.90,185686,33
28049,82.47,279331,20
28051,14.86,21100,20
28053,52.56,9071,10
28055,100.00,1452,3
28057,46.74,23348,8
28059,19.49,132595,16
28061,6.27,26912,16
28063,0.00,8516,6
28065,13.40,14040,8
28067,0.91,69965,21
28069,1.94,12295,12
28071,6.40,73997,20
28073,13.01,65774,10
28075,2.19,79863,13
28077,3.38,11821,9
28079,7.69,20457,12
28081,2.38,86633,23
28083,1.16,30758,13
28085,37.30,33545,8
28087,4.06,65728,12
28089,24.73,129881,16
28091,35.16,23060,11
28093,19.37,22950,6
28095,7.00,40763,12
28097,60.99,13687,17
28099,0.00,24485,6
28101,9.06,21475,11
28103,74.72,11228,7
28105,6.09,69436,24
28107,20.38,32629,23
28109,5.30,53953,13
28111,16.42,9687,10
28113,27.12,35257,11
28115,66.58,36716,12
28117,43.43,31943,12
28119,64.31,6912,11
28121,41.36,189591,35
28123,9.56,31760,12
28125,100.00,3904,5
28127,0.00,35030,15
28129,22.69,12913,13
28131,43.43,14830,9
28133,85.49,27036,14
28135,47.05,12749,15
28137,66.63,14722,10
28139,10.31,27618,12
28141,0.00,24936,11
28143,45.38,12248,3
28145,8.08,26974,12
28147,0.00,19069,4
28149,4.23,55815,6
28151,81.01,46465,11
28153,49.49,21095,7
28155,0.00,13030,12
28157,0.00,11069,9
28159,0.00,20115,11
28161,13.56,14481,16
28163,40.00,24785,17
29001,68.40,25680,4
29003,0.33,106624,11
29005,0.00,4315,7
29007,3.39,28376,7
29009,0.11,22687,30
29011,0.00,15802,5
29013,28.97,17912,15
29015,6.47,8342,25
29017,0.00,1945,5
29019,0.00,229755,12
29021,0.00,92133,7
29023,50.05,35603,12
29025,13.82,19478,11
29027,0.00,38304,12
29029,3.42,35916,64
29031,55.99,71336,21
29033,3.67,8309,7
29035,0.00,2909,6
29037,0.41,667234,33
29039,10.88,17467,10
29041,11.73,4263,5
29043,0.00,58576,29
29045,0.00,9730,4
29047,0.01,678521,22
29049,1.00,582552,10
29051,0.00,72587,12
29053,0.00,12993,8
29055,0.00,15987,11
29057,0.36,12528,7
29059,0.00,4071,5
29061,2.34,13464,12
29063,1.06,103613,9
29065,0.00,6265,3
29067,0.00,3025,2
29069,38.60,35764,13
29071,22.24,66050,41
29073,6.43,7608,10
29075,47.44,6745,7
29077,0.34,253941,29
29079,0.00,10160,5
29081,59.75,12405,9
29083,3.51,23161,12
29085,16.74,3782,10
29087,37.82,5976,8
29089,38.67,8282,6
29091,54.86,23447,9
29093,40.03,5164,10
29095,0.00,957284,24
29097,1.16,140132,18
29099,4.53,182793,68
29101,0.00,65417,16
29103,0.00,4961,2
29105,0.00,31385,6
29107,9.98,36105,15
29109,1.17,18008,13
29111,12.47,7015,5
29113,17.01,44131,31
29115,9.70,14642,9
29117,11.60,19091,8
29119,15.56,11839,10
29121,0.00,21158,7
29123,0.00,6387,3
29125,0.00,3022,5
29127,66.82,25603,3
29129,6.62,4801,3
29131,62.35,8974,15
29133,32.29,13091,6
29135,47.51,9730,7
29137,22.85,10940,5
29139,22.90,17545,13
29141,25.54,7941,15
29143,11.07,14728,14
29145,0.00,19320,15
29147,61.40,20154,13
29149,2.71,4432,5
29151,4.14,9562,12
29153,56.44,1421,5
29155,11.36,17383,7
29157,5.83,13721,10
29159,2.67,27455,21
29161,3.09,29083,15
29163,23.00,16023,6
29165,0.22,607515,20
29167,0.00,15180,14
29169,9.19,63819,16
29171,0.00,4895,4
29173,54.62,15813,4
29175,0.00,27456,5
29177,0.00,24631,9
29179,0.00,1380,3
29181,32.88,8456,5
29183,0.00,1422540,19
29185,19.05,5512,6
29186,42.54,12868,8
29187,45.05,51172,21
29189,0.00,1146683,6
29195,17.20,29479,13
29197,0.00,4740,4
29199,35.16,5182,2
29201,4.83,33905,16
29203,0.00,2694,3
29205,2.78,6607,5
29207,9.31,22649,16
29209,7.42,22042,92
29211,32.49,7193,7
29213,0.39,58530,54
29215,3.16,15892,10
29217,51.56,23750,9
29219,16.57,23595,18
29221,4.26,5426,11
29223,29.30,6781,15
29225,34.02,17732,12
29227,0.00,2607,4
29229,0.00,7940,7
29510,0.00,304709,1
30001,1.34,5577,9
30003,0.00,4605,5
30005,90.99,2385,6
30007,0.00,2150,2
30009,10.41,4784,12
30011,0.00,400,1
30013,1.76,81575,47
30015,14.69,3336,11
30017,93.46,10288,4
30019,0.00,1108,2
30021,1.08,7419,10
30023,0.00,7914,6
30025,0.00,2185,4
30027,4.21,7383,11
30029,0.43,76608,142
30031,0.62,100560,64
30033,0.00,364,1
30035,0.00,5485,12
30037,72.97,370,2
30039,100.00,1360,1
30041,81.15,12225,9
30043,68.15,5400,14
30045,0.00,755,4
30047,15.87,14205,25
30049,75.96,47271,56
30051,21.07,1827,8
30053,44.44,11154,19
30055,0.00,1009,2
30057,15.60,9615,12
30059,0.00,1162,3
30061,21.84,2266,10
30063,1.12,86112,85
30065,0.00,2220,4
30067,2.41,10377,18
30069,0.00,187,1
30071,4.98,2411,7
30073,16.43,4564,10
30075,0.00,450,1
30077,0.00,5000,2
30081,7.98,11341,24
30083,1.35,6280,5
30085,0.00,4519,4
30087,60.07,5660,4
30089,0.00,5722,12
30091,0.00,2627,5
30093,0.00,35062,3
30095,0.00,3295,7
30097,0.00,1760,3
30099,8.76,3858,9
30101,1.58,6318,15
30103,100.00,262,1
30105,4.59,5447,8
30107,0.00,2672,7
30109,100.00,550,1
30111,5.26,151202,54
31001,89.76,27854,9
31003,18.89,3700,7
31007,0.00,150,1
31009,0.00,103,1
31011,0.00,3194,5
31013,0.00,8880,2
31015,0.00,1458,7
31017,0.00,2033,2
31019,0.00,41170,15
31021,0.00,7486,6
31023,3.67,4800,10
31025,9.96,24154,24
31027,46.33,7494,13
31029,0.00,2620,2
31031,0.00,3211,6
31033,0.00,7891,6
31035,9.33,4588,9
31037,6.87,8255,5
31039,75.99,7810,5
31041,9.72,6608,10
31043,0.00,19257,7
31045,2.24,7515,6
31047,18.68,19155,10
31049,75.96,1173,2
31051,13.05,3487,9
31053,0.78,32211,11
31055,0.00,668241,13
31057,0.00,1012,2
31059,0.00,4258,7
31061,0.00,2304,8
31063,1.86,1507,5
31065,0.00,4091,8
31067,0.00,17447,14
31069,0.00,809,1
31071,0.00,1080,1
31073,0.00,905,5
31075,0.00,168,1
31077,19.60,1464,4
31079,95.09,55008,6
31081,6.12,6288,6
31083,11.62,1739,6
31085,0.00,220,1
31087,32.58,1639,4
31089,0.00,6410,7
31091,0.00,279,1
31093,0.00,3249,5
31095,0.92,6525,10
31097,9.50,4369,6
31099,0.00,4350,4
31101,0.00,5691,3
31103,0.00,200,1
31105,8.76,2968,3
31107,0.00,5771,12
31109,1.91,315647,22
31111,0.00,28275,9
31113,0.00,305,1
31119,3.75,31805,7
31121,0.00,4582,5
31123,0.00,2817,3
31125,94.15,2342,3
31127,0.00,6513,9
31129,0.00,3237,6
31131,0.39,14474,11
31133,0.00,2944,8
31135,5.84,1747,4
31137,79.11,7022,5
31139,30.10,4259,5
31141,6.24,26695,10
31143,37.38,3090,4
31145,0.65,8890,6
31147,12.02,7901,11
31149,89.74,780,2
31151,4.85,12083,8
31153,0.72,49917,13
31155,30.69,14665,21
31157,0.00,29302,12
31159,19.30,12306,11
31161,0.00,2930,3
31163,0.00,1520,5
31165,0.00,251,1
31167,40.10,3933,4
31169,1.90,3580,10
31171,0.00,200,1
31175,0.00,2592,3
31177,46.58,17173,11
31179,0.00,6873,4
31181,0.00,2577,5
31183,0.00,180,2
31185,6.27,11288,9
32001,2.86,14140,9
32003,1.17,2355130,46
32005,7.33,45948,24
32007,0.00,47111,16
32009,0.00,488,2
32011,0.00,987,4
32013,0.86,11204,7
32015,91.93,4335,3
32017,0.00,3660,5
32019,60.51,49152,6
32021,11.85,3796,4
32023,9.58,26992,26
32025,0.34,59200,3
32027,0.87,5752,6
32029,0.00,2730,2
32031,2.17,483279,25
32033,0.00,7969,7
33001,16.40,37105,70
33003,22.65,38194,110
33005,0.62,48342,34
33007,6.89,23797,19
33009,25.82,69289,74
33011,1.66,300623,74
33013,4.44,89511,63
33015,9.99,199215,200
33017,29.63,92100,47
33019,36.70,24526,15
34001,46.15,390973,29
34003,5.96,1143753,22
34005,13.00,628351,49
34007,9.01,545150,22
34009,7.62,501407,25
34011,90.12,98215,14
34013,54.74,894557,21
34015,4.77,253636,29
34017,3.39,1228208,7
34019,0.35,256466,26
34021,80.95,302534,11
34023,29.78,720503,16
34025,10.09,658487,38
34027,16.03,630479,63
34029,6.57,1055148,57
34031,10.40,697461,29
34033,4.26,42865,15
34035,14.17,320767,5
34037,38.91,80494,61
34039,0.00,995560,5
34041,0.26,290747,24
35001,7.37,641878,45
35003,23.65,1970,9
35005,86.09,63244,10
35006,31.24,16502,9
35007,54.92,22078,14
35009,3.39,52420,9
35011,0.00,2243,2
35013,29.47,250439,45
35015,12.21,61523,14
35017,11.51,25951,17
35019,36.08,4412,7
35021,65.70,758,2
35023,92.97,3741,4
35025,31.32,65382,9
35027,12.00,27677,21
35028,0.00,25000,1
35029,12.44,19426,5
35031,86.94,26362,16
35033,72.95,3881,15
35035,11.85,66334,36
35037,4.12,9921,8
35039,82.85,26534,42
35041,22.74,18619,6
35043,89.36,129701,28
35045,61.00,103010,16
35047,94.31,20597,26
35049,78.09,134907,44
35051,63.63,10731,6
35053,23.08,17751,7
35055,38.98,19890,43
35057,84.07,9132,18
35059,6.21,3513,3
35061,43.47,49873,18
36001,32.19,302176,35
36003,18.01,29983,23
36005,0.00,8271000,1
36007,0.35,165437,64
36009,7.91,45769,51
36011,0.77,51894,32
36013,11.70,108869,54
36015,0.00,81566,24
36017,0.00,21175,29
36019,4.67,55868,39
36021,2.46,25223,50
36023,0.41,34873,25
36025,8.08,20947,34
36027,8.44,199922,153
36029,0.04,945839,44
36031,1.26,34092,33
36033,18.69,29430,14
36035,0.82,32901,25
36037,1.72,45624,16
36039,34.68,28424,38
36041,8.46,4728,7
36043,42.04,37620,35
36045,29.04,114507,55
36047,0.00,8271000,1
36049,34.81,11492,15
36051,5.69,52764,28
36053,0.29,27486,22
36055,95.62,769151,5
36057,73.04,34518,18
36059,30.50,1354175,40
36061,0.00,8271000,1
36063,0.00,223670,20
36065,0.91,194813,45
36067,33.02,609047,25
36069,15.82,89768,35
36071,9.78,340746,138
36073,93.08,564293,22
36075,0.35,76562,42
36077,9.50,29699,37
36079,8.11,37182,101
36081,0.00,8271000,1
36083,29.90,113928,38
36085,0.00,8271000,1
36087,1.20,302781,19
36089,0.00,63180,40
36091,3.28,173253,74
36093,0.27,143374,11
36095,43.84,11812,16
36097,3.11,6463,11
36099,1.50,24830,26
36101,1.61,51481,56
36103,2.56,1368598,26
36105,0.43,51667,69
36107,0.00,24728,34
36109,0.25,97550,50
36111,13.21,97291,112
36113,1.34,50610,24
36115,0.00,31127,21
36117,0.05,85319,19
36119,4.98,1002735,89
36121,37.56,21977,23
36123,0.00,14124,12
37001,0.36,125645,30
37003,0.00,38018,8
37005,0.00,3518,4
37007,5.92,23837,8
37009,65.04,5241,11
37011,38.10,11732,18
37013,30.89,50394,7
37015,2.66,18135,5
37017,28.72,35443,8
37019,18.91,241936,8
37021,94.02,194940,32
37023,13.71,73316,17
37025,2.11,153066,37
37027,8.74,73681,12
37029,0.00,9717,1
37031,37.24,77497,30
37033,79.78,2503,5
37035,0.92,136067,82
37037,70.93,47839,20
37039,55.45,9913,7
37041,100.00,17222,2
37043,76.49,2569,5
37045,19.80,105316,7
37047,35.61,31459,15
37049,37.51,125340,12
37051,5.27,355216,31
37053,66.61,36225,7
37055,0.00,49550,7
37057,0.00,212681,6
37059,99.79,37822,3
37061,21.60,41398,13
37063,0.09,337370,21
37065,88.56,30668,8
37067,0.00,395703,15
37069,69.01,42118,20
37071,18.34,191432,143
37073,0.00,11621,1
37075,0.00,4702,6
37077,1.58,28501,8
37079,8.16,18212,8
37081,25.65,471120,92
37083,0.40,44174,8
37085,10.77,159190,9
37087,82.49,49036,10
37089,1.14,84729,35
37091,21.59,20174,8
37093,64.00,59388,7
37095,0.00,6156,2
37097,49.79,136220,55
37099,34.55,25804,37
37101,13.78,214429,47
37103,7.93,10818,3
37105,95.66,55692,6
37107,0.00,61618,7
37109,73.74,67385,11
37111,84.56,15030,22
37113,81.98,21406,29
37115,0.00,7138,4
37117,90.37,15870,8
37119,0.01,1178507,30
37121,10.83,6696,5
37123,90.42,29606,10
37125,31.04,98999,27
37127,10.58,77768,16
37129,2.62,244143,16
37131,73.98,17976,14
37133,73.76,286778,17
37135,8.44,113607,29
37137,94.54,20801,2
37139,0.00,43187,4
37141,90.46,56099,11
37143,100.00,14656,3
37145,0.00,13246,2
37147,28.30,172773,14
37149,72.86,10957,7
37151,57.59,56599,32
37153,52.74,47773,4
37155,32.58,110974,12
37157,60.96,54873,35
37159,85.70,121404,41
37161,8.46,49973,15
37163,0.97,36456,16
37165,3.88,24845,8
37167,13.49,49090,13
37169,0.40,26490,7
37171,19.76,23478,36
37173,4.85,5192,6
37175,11.26,18766,20
37177,78.10,4068,2
37179,19.50,220884,6
37181,8.53,19673,8
37183,20.52,1144488,327
37185,7.25,17771,14
37187,95.02,10964,4
37189,31.53,41041,27
37191,49.06,124816,11
37193,71.28,45828,10
37195,3.12,67063,11
37197,40.01,11084,12
37199,0.00,5383,3
38001,0.00,1388,2
38003,0.00,12391,9
38005,9.23,1138,4
38007,0.00,112,1
38009,2.92,4870,8
38011,0.00,1920,3
38013,6.02,1096,6
38015,0.00,92424,10
38017,0.17,176734,26
38019,0.00,4570,5
38021,30.10,4808,7
38023,2.24,1562,3
38025,0.00,1475,6
38027,0.00,1595,2
38029,0.00,5867,6
38031,0.00,2611,3
38033,0.00,1098,3
38035,0.00,69757,8
38037,0.00,1156,3
38039,0.00,3503,5
38041,0.00,1481,3
38043,0.00,832,3
38045,0.00,2192,8
38047,0.00,1102,2
38049,20.91,2291,6
38051,0.00,1867,4
38053,0.27,11732,6
38055,3.64,9165,12
38057,0.00,10545,7
38059,0.00,29696,12
38061,0.00,1436,4
38063,0.00,4204,6
38065,0.00,588,1
38067,0.00,7930,8
38069,0.00,3994,3
38071,0.00,12603,3
38073,0.00,4835,5
38075,0.00,1405,3
38077,0.00,15446,13
38079,21.79,3548,5
38081,5.04,2183,5
38083,20.50,478,2
38087,0.00,136,1
38089,0.00,36446,7
38091,0.00,799,3
38093,0.75,21838,8
38095,0.00,1335,3
38097,0.00,7644,5
38099,0.00,9291,4
38101,0.00,65645,13
38103,0.71,6057,6
38105,0.68,37463,12
39001,16.82,30997,6
39003,77.68,84476,8
39005,10.26,25742,10
39007,0.94,79991,11
39009,13.35,75476,13
39011,33.24,30647,8
39013,54.71,61529,14
39015,5.74,47642,7
39017,0.00,376350,12
39019,62.37,6982,6
39021,61.06,18717,12
39023,1.65,92484,27
39025,1.41,186120,9
39027,12.20,21010,5
39029,18.71,59322,17
39031,0.31,14604,7
39033,83.09,27708,4
39035,0.00,1399598,7
39037,14.28,25006,11
39039,82.65,25422,9
39041,0.00,195093,3
39043,0.00,80340,12
39045,2.06,93723,21
39047,5.48,24724,7
39049,0.97,1492908,31
39051,74.28,25128,9
39053,0.00,28959,3
39055,5.39,22788,32
39057,5.57,170119,18
39059,48.36,28937,6
39061,0.53,829237,12
39063,3.54,59034,8
39065,62.36,18228,8
39067,48.89,10450,15
39069,11.53,15008,10
39071,0.00,42501,5
39073,10.79,9077,7
39075,25.84,11212,11
39077,17.99,65608,14
39079,29.33,35304,6
39081,39.29,56338,18
39083,0.00,31263,10
39085,0.00,228741,6
39087,31.53,61075,6
39089,7.31,112681,22
39091,72.04,22341,16
39093,3.34,329650,16
39095,84.12,427981,8
39097,48.41,31807,17
39099,0.05,207429,11
39101,0.00,48290,4
39103,2.17,108325,14
39105,43.55,28497,6
39107,0.45,22904,9
39109,0.59,93756,15
39111,51.92,13352,6
39113,2.01,509292,23
39115,11.16,5135,8
39117,0.00,7576,5
39119,9.77,69664,11
39121,19.86,11421,6
39123,20.50,44171,10
39125,56.18,7711,6
39127,42.76,27175,21
39129,18.32,41398,20
39131,0.00,24825,8
39133,10.65,100386,32
39135,16.26,21241,12
39137,35.80,15065,10
39139,56.74,90559,48
39141,14.41,69602,7
39143,0.33,30061,7
39145,0.00,83235,17
39147,5.02,39207,11
39149,70.77,29127,16
39151,8.35,287882,38
39153,85.42,439273,31
39155,5.34,151848,26
39157,7.02,62233,14
39159,7.68,28663,4
39161,82.53,13632,5
39163,11.08,3250,3
39165,4.46,205869,17
39167,14.43,60927,15
39169,5.48,58803,32
39171,21.27,21741,13
39173,18.12,109532,20
39175,0.00,12048,4
40001,62.56,13188,9
40003,28.79,4446,9
40005,100.00,10995,8
40007,26.57,2699,5
40009,13.12,20527,9
40011,72.00,7551,8
40013,93.90,39612,13
40015,92.44,21642,15
40017,66.35,70594,13
40019,93.88,47657,8
40021,80.82,33782,24
40023,96.41,11241,9
40025,82.48,1798,2
40027,81.02,206352,15
40029,94.54,4013,8
40031,9.25,137212,23
40033,100.00,7167,5
40035,77.74,18083,10
40037,84.97,65663,16
40039,43.03,23986,11
40041,73.55,24896,26
40043,47.95,2615,6
40045,65.32,2494,5
40047,82.81,62240,21
40049,66.75,23570,13
40051,90.87,33172,17
40053,86.11,4090,10
40055,79.90,5906,7
40057,62.85,3602,3
40059,0.00,2495,3
40061,100.00,6855,4
40063,61.29,12529,9
40065,95.41,29205,11
40067,90.72,12925,6
40069,66.93,9789,10
40071,32.34,45483,12
40073,90.30,10109,8
40075,46.34,7740,9
40077,100.00,8443,6
40079,85.08,46614,20
40081,69.31,16365,13
40083,42.67,26320,14
40085,0.00,5276,4
40087,28.94,24375,12
40089,74.73,28881,13
40091,100.00,19184,11
40093,91.23,4834,6
40095,100.00,25259,7
40097,58.49,44332,20
40099,38.15,21323,7
40101,92.99,67893,18
40103,73.96,10311,10
40105,84.50,10195,12
40107,100.00,9630,6
40109,7.14,879321,40
40111,100.00,45674,15
40113,44.02,33416,27
40115,38.08,24007,15
40117,72.57,13227,13
40119,89.09,86790,12
40121,100.00,50811,22
40123,74.18,36804,10
40125,88.52,48685,15
40127,82.99,11282,7
40129,68.29,2523,5
40131,68.03,75204,15
40133,54.12,16313,11
40135,82.90,40162,14
40137,93.28,38245,6
40139,69.64,18392,11
40141,100.00,8179,7
40143,7.18,666353,15
40145,92.95,60271,13
40147,96.99,45692,11
40149,85.98,8920,10
40151,91.53,7448,7
40153,97.15,18944,9
41001,1.68,12178,9
41003,2.02,69337,14
41005,17.56,364051,84
41007,2.50,39821,21
41009,27.82,37739,37
41011,2.08,48384,23
41013,3.92,15001,18
41015,45.80,16688,12
41017,0.59,189438,68
41019,20.30,84708,37
41021,0.00,1403,3
41023,18.26,4277,8
41025,59.93,4555,4
41027,6.49,22903,6
41029,0.82,181765,69
41031,0.00,19925,4
41033,1.36,42605,35
41035,4.93,48844,29
41037,67.45,3671,3
41039,2.67,301008,72
41041,2.37,58836,32
41043,4.77,104253,40
41045,1.93,20151,8
41047,4.18,336642,75
41049,4.28,9969,8
41051,1.23,846579,25
41053,5.29,51991,12
41055,36.39,1264,4
41057,18.36,28109,35
41059,0.67,62305,34
41061,0.00,20152,10
41063,0.00,4829,5
41065,27.56,22137,20
41067,0.41,585293,28
41069,0.00,747,3
41071,4.96,86093,38
42001,0.99,48199,35
42003,15.77,1945351,39
42005,11.32,45246,22
42007,30.09,165795,30
42009,25.57,18807,25
42011,42.83,304550,77
42013,62.95,99620,25
42015,17.55,29583,22
42017,15.87,550395,70
42019,31.68,137569,40
42021,46.15,136500,36
42023,0.00,3558,2
42025,17.23,44365,29
42027,7.79,175643,43
42029,9.16,257255,67
42031,20.70,22802,14
42033,7.45,55758,18
42035,12.89,29673,16
42037,4.16,52303,18
42039,2.78,40296,44
42041,1.42,232354,27
42043,1.63,263371,28
42045,0.13,148535,5
42047,11.54,30717,8
42049,5.42,292974,41
42051,61.62,253300,19
42053,0.00,5380,3
42055,4.27,112527,30
42057,0.00,2371,3
42059,9.15,45900,3
42061,23.51,31692,21
42063,9.58,48941,17
42065,2.22,27175,11
42067,4.85,9626,13
42069,1.28,159974,33
42071,47.93,340723,98
42073,2.62,69144,18
42075,0.04,84839,30
42077,7.15,258637,42
42079,3.70,271535,74
42081,5.11,79015,32
42083,56.38,33889,17
42085,7.77,85614,33
42087,0.00,30887,6
42089,23.42,93285,68
42091,69.65,1233724,38
42093,0.00,5242,2
42095,3.30,314300,46
42097,13.29,86490,11
42099,21.09,11459,25
42101,0.00,1600000,1
42103,33.12,42044,42
42105,24.10,9501,9
42107,14.39,118681,40
42109,3.56,19226,16
42111,0.57,54853,34
42113,34.00,1250,4
42115,4.74,12616,22
42117,2.84,25177,22
42119,7.45,5702,6
42121,4.13,37344,25
42123,10.51,23697,15
42125,95.54,43721,9
42127,16.27,24238,40
42129,11.83,254521,17
42131,8.95,15807,30
42133,59.52,351808,45
44001,0.00,49445,3
44003,0.00,180219,9
44005,22.70,87577,13
44007,0.70,603299,27
44009,26.94,145412,37
45001,59.77,13591,4
45003,1.08,145057,25
45005,0.00,8783,4
45007,0.00,206331,34
45009,43.57,8033,4
45011,0.00,10536,5
45013,75.92,221318,15
45015,0.10,163737,14
45017,0.00,5670,3
45019,0.07,477276,15
45021,20.29,55206,6
45023,0.00,15668,1
45025,14.29,44266,9
45027,0.00,15835,9
45029,0.57,18229,7
45031,0.00,69175,4
45033,0.00,28330,4
45035,0.00,162361,20
45037,0.00,29248,2
45039,12.19,20914,7
45041,0.00,99970,7
45043,16.61,73610,11
45045,0.00,524853,8
45047,0.06,58460,7
45049,0.00,11102,8
45051,4.05,422483,10
45053,0.00,2879,3
45055,0.00,73985,5
45057,0.00,96720,5
45059,0.06,67806,5
45061,0.00,4183,2
45063,6.61,177693,85
45065,100.00,10249,2
45067,0.00,34268,4
45069,0.00,21313,5
45071,9.92,24851,5
45073,0.83,98778,20
45075,0.00,64799,16
45077,8.12,126369,20
45079,90.33,392421,30
45081,35.37,9584,5
45083,0.00,354086,7
45085,0.28,88799,19
45087,29.66,31744,8
45089,56.86,18096,7
45091,25.46,206497,66
46003,0.00,7697,5
46005,0.61,15565,8
46007,0.00,1500,1
46009,12.28,18388,7
46011,0.00,47064,13
46013,48.11,58823,22
46015,9.44,6062,4
46017,0.00,2750,1
46019,1.28,9372,12
46021,1.94,21395,3
46023,0.00,10052,6
46025,0.00,8353,8
46027,1.61,17173,4
46029,0.70,36360,9
46031,6.46,727,3
46033,7.61,4006,11
46035,0.00,25352,6
46037,0.89,32197,10
46039,2.01,11938,4
46041,57.14,7000,5
46043,0.00,21172,8
46045,0.81,23470,7
46047,0.94,6933,11
46049,0.00,21954,7
46051,1.03,9119,5
46053,0.00,7020,5
46055,0.00,879,2
46057,7.91,9470,7
46059,0.00,13550,4
46061,3.79,17134,4
46063,0.00,346,1
46065,0.00,26989,5
46067,7.50,20890,6
46069,0.00,12515,2
46071,0.00,543,1
46073,23.20,3857,3
46075,0.00,6365,3
46077,0.00,5786,7
46079,0.00,15582,6
46081,1.97,22741,41
46083,1.91,49236,9
46085,0.00,10708,5
46087,0.00,36806,9
46089,1.97,21997,3
46091,0.00,28557,9
46093,7.48,25856,46
46095,9.88,5393,2
46097,9.50,937,2
46099,0.12,260702,15
46101,25.23,9401,7
46103,12.90,121308,67
46105,0.00,1936,3
46107,0.00,22294,4
46109,3.13,9192,9
46111,0.00,4460,4
46113,0.00,1398,2
46115,0.98,24235,11
46117,0.00,9448,3
46119,0.00,12491,2
46121,0.00,4860,1
46123,3.99,8104,3
46125,2.96,27538,10
46127,0.00,23997,9
46129,0.00,24777,4
46135,0.53,30351,10
46137,0.00,2715,2
47001,0.00,90175,5
47003,38.37,66564,5
47005,0.00,11933,3
47007,49.76,10920,2
47009,34.02,158315,6
47011,0.00,116194,3
47013,0.00,45233,5
47015,0.00,11434,1
47017,0.00,20000,9
47019,15.53,58880,9
47021,0.00,41938,4
47023,0.00,8924,1
47025,1.16,29417,5
47027,41.87,10597,2
47029,0.00,34925,1
47031,0.00,67431,5
47033,0.00,17355,6
47035,0.00,74167,4
47037,0.00,924874,3
47039,0.00,14082,5
47041,36.25,29627,5
47043,0.00,79709,3
47045,0.00,36378,5
47047,0.00,26680,7
47049,70.24,23981,3
47051,0.00,53050,8
47053,0.00,42348,13
47055,52.38,36283,6
47057,0.00,12480,2
47059,6.75,83000,7
47061,51.80,19056,3
47063,0.00,84926,4
47065,0.00,409735,8
47067,0.00,3044,1
47069,0.00,14958,11
47071,24.31,30394,5
47073,5.60,47941,8
47075,0.00,15151,3
47077,0.00,32035,3
47079,0.00,24393,7
47081,0.00,25573,3
47083,0.00,12408,2
47085,0.00,15825,3
47087,35.50,11034,5
47089,0.00,54889,5
47091,0.00,11036,3
47093,0.00,601594,6
47095,43.94,4686,2
47097,0.00,27564,6
47099,0.00,47323,10
47101,0.00,12685,2
47103,0.00,41182,4
47105,0.00,64703,3
47107,0.00,53926,6
47109,0.00,36607,5
47111,0.00,27601,2
47113,0.00,91279,2
47115,0.00,28049,7
47117,0.00,41252,3
47119,0.00,183859,4
47121,0.00,6451,1
47123,0.50,51659,6
47125,13.47,345301,7
47127,0.00,8184,2
47129,0.00,12074,1
47131,0.00,31694,10
47133,0.00,33392,4
47135,0.00,14320,2
47137,100.00,8658,1
47139,0.00,6676,4
47141,0.00,102884,9
47143,52.29,51498,7
47145,34.64,68500,7
47147,14.87,61623,3
47149,26.23,435808,4
47151,0.00,24116,2
47153,0.00,13789,3
47155,0.00,74634,12
47157,0.00,822274,6
47159,23.97,23241,7
47161,55.06,12008,7
47163,0.00,192876,8
47165,0.00,301684,6
47167,0.00,69938,7
47169,100.00,10562,1
47171,0.00,16763,2
47173,41.94,18931,4
47175,100.00,6022,1
47177,43.31,67093,3
47179,23.94,138126,2
47181,32.33,12714,4
47183,0.00,20477,5
47185,0.00,39317,5
47187,30.71,251417,7
47189,10.82,209569,7
48001,65.44,84963,24
48003,100.00,14331,2
48005,25.87,102524,21
48007,73.92,18752,9
48009,11.42,9553,7
48011,89.66,1450,2
48013,31.06,45000,8
48015,34.68,20266,21
48017,0.58,5188,2
48019,10.40,15522,25
48021,11.04,130816,21
48023,0.00,5414,2
48025,95.99,21211,7
48027,4.21,428275,26
48029,2.19,2883061,39
48031,40.83,8001,7
48033,100.00,275,1
48035,15.97,20220,26
48037,11.81,93768,17
48039,7.72,367795,159
48041,0.39,295082,11
48043,10.84,8605,6
48045,100.00,1150,4
48047,100.00,4698,2
48049,7.16,46455,7
48051,41.59,15994,20
48053,47.34,40225,37
48055,34.26,47011,5
48057,87.59,20971,12
48059,93.36,13939,5
48061,4.31,438019,20
48063,69.63,18816,7
48065,22.73,4144,4
48067,58.32,23146,14
48069,24.83,5844,4
48071,33.08,49968,30
48073,55.77,57564,27
48075,93.17,7450,7
48077,47.18,8768,8
48079,2.98,2044,3
48081,57.77,2484,4
48083,60.37,10088,3
48085,3.47,1269941,35
48087,93.83,2383,4
48089,6.04,13464,14
48091,23.61,220222,31
48093,100.00,10950,6
48095,66.20,6272,3
48097,16.16,42460,19
48099,10.32,75923,13
48101,100.00,1165,2
48103,100.00,3996,1
48105,0.00,3800,1
48107,81.34,4844,5
48109,98.33,2098,2
48111,5.15,8704,2
48113,1.75,3006289,33
48115,5.43,10313,4
48117,100.00,16298,2
48119,29.44,7253,4
48121,0.38,808794,86
48123,1.88,17828,4
48125,0.00,1356,4
48127,18.14,9467,7
48129,79.54,2893,4
48131,98.39,12404,6
48133,95.15,20717,12
48135,0.55,142895,8
48137,14.37,1941,2
48139,5.93,250184,32
48141,0.78,957112,22
48143,16.30,31852,18
48145,79.27,19532,10
48147,4.98,42733,21
48149,70.00,19386,9
48151,100.00,4546,4
48153,1.23,4053,3
48155,100.00,1357,3
48157,1.55,878099,172
48159,0.00,18457,4
48161,38.64,26454,20
48163,32.06,14594,4
48165,100.00,10103,3
48167,17.57,425616,25
48169,100.00,5687,2
48171,10.59,15017,17
48173,0.00,450,1
48175,61.28,2774,4
48177,1.94,23566,7
48179,6.87,20129,5
48181,7.61,155436,39
48183,19.12,146250,16
48185,58.34,23135,18
48187,33.00,207352,14
48189,8.38,29337,12
48191,84.07,3265,7
48193,67.74,4274,2
48195,2.27,4402,3
48197,88.26,4053,7
48199,2.50,62637,21
48201,52.72,5897137,700
48203,51.23,70165,26
48205,58.59,640,2
48207,75.48,5363,8
48209,38.62,292252,52
48211,0.00,2300,1
48213,29.49,130220,62
48215,43.76,923012,25
48217,34.74,51395,37
48219,91.97,16183,7
48221,28.50,68920,51
48223,44.12,45340,14
48225,57.67,28833,9
48227,100.00,31062,3
48229,33.04,6416,6
48231,16.26,133336,30
48233,11.01,22160,7
48235,16.11,931,2
48237,16.63,5274,3
48239,24.09,12350,11
48241,30.26,31112,19
48243,13.20,1439,4
48245,42.45,253822,17
48247,100.00,5397,1
48249,14.22,25117,7
48251,2.30,233319,57
48253,15.58,17313,6
48255,100.00,19007,5
48257,17.06,217624,32
48259,81.29,37457,16
48261,86.72,256,2
48263,100.00,738,2
48265,51.83,50763,74
48267,96.67,2793,2
48269,100.00,291,1
48271,0.00,3620,3
48273,12.70,32619,9
48275,36.85,3810,8
48277,11.04,59354,9
48279,21.68,11003,8
48281,38.20,28676,4
48283,81.64,7287,4
48285,0.00,5717,3
48287,42.61,26250,6
48289,79.05,22386,15
48291,3.07,102491,67
48293,89.73,24870,19
48295,27.92,2554,4
48297,1.26,8318,6
48299,38.23,37041,20
48301,100.00,165,1
48303,2.03,302258,30
48305,31.67,4629,5
48307,100.00,6321,6
48309,4.65,285910,54
48311,100.00,918,2
48313,25.42,12650,6
48315,57.76,11645,9
48317,1.99,2711,2
48319,100.00,2228,1
48321,81.43,36551,26
48323,3.00,56600,2
48325,18.27,86301,29
48327,0.00,1471,1
48329,98.49,167248,15
48331,31.04,33748,11
48333,86.94,2114,3
48335,53.63,8382,5
48337,21.13,12720,10
48339,9.34,753317,325
48341,10.18,19496,6
48343,33.97,9738,5
48345,25.70,852,3
48347,10.58,83282,16
48349,10.58,68219,22
48351,50.59,9927,8
48353,24.96,16870,4
48355,9.73,368704,12
48357,1.85,8652,3
48359,7.44,1734,4
48361,59.59,73527,29
48363,91.27,40629,13
48365,77.08,23339,18
48367,37.96,117200,76
48369,59.85,8055,4
48371,74.44,14133,5
48373,32.97,62841,55
48375,0.04,201828,4
48377,76.33,7554,5
48379,99.33,14115,6
48381,15.00,19537,15
48383,0.00,2965,1
48385,32.89,4378,8
48387,40.88,16593,7
48389,3.21,15412,4
48391,27.07,5098,5
48393,0.00,494,1
48395,0.00,15178,10
48397,25.27,135374,7
48399,72.55,10078,5
48401,70.01,54900,33
48403,68.89,18988,10
48405,75.34,6852,15
48407,36.31,31888,31
48409,86.80,67844,14
48411,36.17,6926,5
48413,0.00,1574,1
48415,5.37,12654,4
48417,65.60,5389,3
48419,42.88,27473,20
48421,13.47,2338,3
48423,47.01,274588,37
48425,46.39,8116,8
48427,95.61,69479,9
48429,52.89,11080,3
48431,0.00,888,1
48433,100.00,956,3
48435,100.00,2766,1
48437,19.57,6156,3
48439,1.32,2120290,76
48441,8.62,171831,14
48443,100.00,800,1
48445,8.39,9444,3
48447,100.00,728,1
48449,0.00,35204,5
48451,98.80,123782,17
48453,83.16,1538300,87
48455,51.31,21507,17
48457,42.55,21516,18
48459,27.09,39673,13
48461,100.00,1877,2
48463,18.43,26442,10
48465,1.65,44099,14
48467,18.66,55428,21
48469,7.37,73868,13
48471,16.45,69704,21
48473,30.57,55467,38
48475,6.73,11150,6
48477,10.65,25957,10
48479,99.98,273041,7
48481,2.11,26663,13
48483,94.02,4162,4
48485,7.98,149922,9
48487,93.73,12769,8
48489,16.39,16378,4
48491,28.26,701493,37
48493,21.71,57579,16
48495,100.00,7547,2
48497,46.70,42539,43
48499,1.47,67075,19
48501,19.77,6855,2
48503,61.15,21286,6
48505,88.95,17126,4
48507,10.74,11003,4
49001,0.00,5815,4
49003,2.13,61039,34
49005,1.04,129056,24
49007,7.38,19793,5
49009,0.00,1349,4
49011,9.99,396682,19
49013,41.80,20048,13
49015,0.58,10725,11
49017,6.50,5478,12
49019,2.80,13595,6
49021,67.62,59095,28
49023,0.00,12224,5
49025,6.05,11983,13
49027,13.88,10412,16
49029,0.85,10841,11
49031,16.37,1399,6
49033,34.07,2140,9
49035,3.95,1453653,38
49037,51.81,7740,10
49039,10.33,28318,19
49041,2.20,20347,16
49043,1.86,40575,26
49045,0.00,71602,13
49047,0.00,32604,9
49049,5.40,748661,42
49051,2.30,40997,21
49053,1.62,225713,36
49055,6.70,3510,9
49057,2.72,268340,31
50001,0.00,21775,9
50003,0.69,30779,31
50005,3.71,14843,20
50007,0.08,143704,48
50009,0.00,3566,9
50011,47.97,22742,22
50013,4.20,7151,7
50015,1.44,14256,23
50017,2.90,9966,20
50019,25.30,20105,24
50021,2.31,45989,54
50023,14.95,48894,43
50025,18.38,36329,48
50027,4.97,45305,47
51001,16.58,12168,12
51003,0.00,93125,17
51005,29.76,13053,10
51007,0.00,3100,1
51009,0.41,17198,4
51011,0.00,1961,2
51013,0.00,216352,2
51015,0.00,43032,20
51017,0.00,5514,7
51019,0.00,41541,18
51021,0.00,2266,4
51023,0.56,12765,28
51025,89.85,6835,10
51027,99.08,19949,5
51029,97.10,5931,3
51031,0.00,30941,12
51033,6.71,18370,17
51035,0.00,13920,12
51036,50.67,821,5
51037,22.79,3511,4
51041,0.00,390317,2
51043,73.79,6334,5
51045,100.00,1238,1
51047,0.22,27781,34
51049,0.00,2060,2
51051,84.13,15975,18
51053,0.46,8461,6
51057,0.00,3400,10
51059,0.00,1212901,5
51061,0.44,36211,22
51063,93.69,2455,3
51065,0.00,17118,8
51067,1.07,16297,27
51069,0.00,53009,7
51071,12.69,9859,16
51073,1.88,11185,4
51075,0.00,12244,9
51077,0.76,3306,8
51079,97.30,11104,4
51081,0.00,7226,2
51083,0.00,10780,5
51085,0.00,67258,18
51087,0.00,330000,1
51089,0.00,30383,9
51091,0.00,415,2
51093,1.45,23376,23
51095,0.00,59082,11
51097,0.00,340,3
51099,2.42,24689,20
51101,0.00,7528,11
51103,0.00,7087,28
51105,9.51,18733,15
51107,0.07,424405,19
51109,48.75,12329,11
51111,57.58,3300,2
51113,46.89,2045,10
51115,20.37,432,6
51117,0.00,15744,23
51119,10.14,3944,11
51121,0.00,72361,15
51125,7.88,11225,7
51127,0.00,18674,18
51131,0.00,6615,10
51133,0.49,5715,38
51135,94.81,9292,4
51137,63.79,20808,6
51139,34.85,12009,8
51141,0.00,2200,3
51143,17.73,15281,19
51145,0.00,5131,5
51147,0.00,9239,2
51149,0.00,40153,9
51153,4.65,408342,11
51155,36.26,26488,10
51157,100.00,198,1
51159,0.00,3708,7
51161,0.00,1353,6
51163,0.00,7912,8
51165,4.00,45789,20
51167,0.00,18476,14
51169,8.36,15880,13
51171,53.20,25120,15
51173,0.00,25150,14
51175,14.90,8618,19
51177,2.55,98494,4
51179,0.00,123894,3
51181,0.00,1449,6
51183,0.00,7371,5
51185,0.00,32758,18
51187,0.93,18236,10
51191,0.00,48087,5
51193,0.00,14008,23
51195,29.43,39076,8
51197,53.79,16370,4
51199,0.00,7791,7
53001,1.39,15781,30
53003,0.00,24461,2
53005,1.07,275197,44
53007,0.21,108638,46
53009,1.28,80587,63
53011,0.49,638233,25
53013,0.00,3521,2
53015,0.00,115365,31
53017,0.00,36708,18
53019,27.44,3626,11
53021,1.50,126029,31
53023,2.44,1477,3
53025,7.87,90252,81
53027,6.67,82650,35
53029,5.56,91832,234
53031,1.54,40464,24
53033,0.34,3260526,156
53035,0.37,329388,150
53037,0.08,35677,37
53039,24.40,16706,23
53041,2.81,65846,51
53043,0.00,8960,16
53045,0.30,56684,120
53047,4.22,31139,43
53049,8.40,31995,17
53051,0.00,9267,15
53053,0.15,1140767,228
53055,3.25,15322,41
53057,1.00,152872,39
53059,0.91,11021,13
53061,0.05,1026929,119
53063,0.33,609094,87
53065,1.50,28799,33
53067,0.61,367956,196
53069,0.00,3614,4
53071,1.50,66043,33
53073,8.65,248221,102
53075,0.00,64679,19
53077,4.85,247947,89
54001,23.50,15083,9
54003,0.41,94050,13
54007,28.91,11209,5
54009,61.60,36770,8
54011,0.00,104093,2
54013,100.00,3911,3
54015,23.27,5295,5
54017,0.00,1943,2
54019,25.37,37496,8
54021,0.00,5481,6
54023,17.91,11566,5
54025,80.54,28237,11
54027,44.78,6604,7
54029,72.82,13753,6
54031,10.02,7868,10
54033,27.34,62599,21
54035,22.49,22443,6
54037,57.49,30780,13
54039,6.19,223101,3
54041,0.00,15974,2
54043,100.00,11998,5
54045,86.77,34189,10
54047,81.27,14631,20
54049,8.01,57770,27
54051,21.70,28911,9
54053,60.58,24403,11
54055,27.67,31415,8
54057,4.19,20215,10
54059,99.58,15339,13
54061,9.73,81887,6
54063,88.46,6569,3
54065,10.81,4847,9
54067,51.68,24710,7
54069,68.17,44754,10
54071,0.00,3097,6
54073,0.00,6071,3
54075,50.21,5415,6
54077,21.30,29366,13
54079,0.00,35475,3
54081,27.00,72063,13
54083,25.68,25095,11
54085,59.98,4675,5
54087,32.41,8294,4
54089,6.16,21912,2
54091,8.37,16650,5
54093,73.24,5553,6
54095,44.96,7027,4
54097,0.00,21873,7
54099,31.97,33100,8
54101,100.00,3679,3
54103,29.76,13141,6
54105,0.00,2289,1
54107,46.82,85277,8
54109,99.68,13906,7
55001,1.00,7511,11
55003,84.40,9814,5
55005,3.64,21198,14
55007,66.77,4313,6
55009,20.59,238792,22
55011,9.34,4819,7
55013,8.28,3454,5
55015,39.08,21602,10
55017,33.11,31355,11
55019,24.86,10037,13
55021,42.17,38266,26
55023,14.71,9096,9
55025,76.16,491323,46
55027,30.19,52200,24
55029,0.00,11199,7
55031,99.53,26503,4
55033,9.10,21223,14
55035,14.87,85610,16
55037,2.34,1280,2
55039,89.62,65595,17
55041,80.94,3934,5
55043,18.41,34199,28
55045,17.46,23377,10
55047,23.55,9207,6
55049,45.76,13529,15
55051,36.17,3564,5
55053,52.06,9136,11
55055,29.34,61640,27
55057,64.00,12228,15
55059,10.24,117985,37
55061,32.11,8870,4
55063,12.08,91981,21
55065,54.38,7857,9
55067,96.97,8436,3
55069,97.27,13376,5
55071,26.29,57255,14
55073,21.45,92536,23
55075,6.74,19061,9
55077,87.72,1515,5
55079,3.40,944570,18
55081,31.51,33190,11
55083,84.80,10221,10
55085,95.64,11951,11
55087,15.12,174664,19
55089,5.79,64512,48
55091,29.74,2744,3
55093,72.57,26762,11
55095,40.50,15820,12
55097,2.52,44336,10
55099,27.75,5471,5
55101,21.99,152232,13
55103,80.35,7064,6
55105,5.59,125455,20
55107,21.22,4872,8
55109,49.02,45010,18
55111,15.12,40545,25
55113,17.41,3878,10
55115,8.26,20438,11
55117,0.75,88631,17
55119,25.59,6478,7
55121,14.47,16825,14
55123,51.68,12744,14
55125,61.80,3204,12
55127,14.33,70495,30
55129,19.39,4899,6
55131,38.43,87721,15
55133,51.85,248566,73
55135,42.10,25406,12
55137,6.66,6290,8
55139,19.47,140888,11
55141,0.21,45818,13
56001,1.08,34851,10
56003,5.03,9099,15
56005,1.02,48536,45
56007,72.48,13674,11
56009,23.81,10359,8
56011,31.06,3409,7
56013,92.58,22761,21
56015,2.18,8957,10
56017,2.68,4109,7
56019,90.91,4861,4
56021,1.87,85682,19
56023,58.86,15935,28
56025,6.03,76772,25
56027,2.62,1718,3
56029,1.21,27664,11
56031,69.63,5542,6
56033,2.63,26022,6
56035,23.81,3839,5
56037,3.82,46660,26
56039,17.95,53125,37
56041,11.32,18470,6
56043,0.00,6202,4
56045,5.58,6161,9
72001,19.91,13633,17
72003,99.81,128313,9
72005,100.00,125882,2
72007,100.00,17732,11
72009,2.61,24063,6
72011,100.00,160586,5
72013,54.39,118929,10
72015,100.00,37076,1
72017,0.00,18815,2
72019,88.61,22125,13
72021,99.54,1089623,3
72023,0.00,20356,1
72025,45.54,87898,20
72027,0.00,13329,2
72029,100.00,1837,2
72031,96.97,825,2
72035,96.57,60388,8
72037,100.00,414,1
72039,2.23,13706,5
72041,3.40,35636,4
72043,19.85,5743,5
72045,100.00,16971,6
72047,16.38,25233,11
72051,0.00,67479,2
72053,0.17,59147,2
72054,0.00,10405,1
72055,0.00,16733,4
72057,94.91,39356,3
72059,1.99,16334,7
72061,1.99,6541,2
72063,0.00,25469,1
72065,76.02,39102,5
72067,0.00,10587,1
72069,0.00,38897,1
72071,16.71,59955,2
72073,26.69,13415,12
72075,15.02,22967,8
72077,100.00,38522,2
72079,0.00,47350,1
72081,1.40,29446,6
72083,100.00,7220,2
72085,2.71,82238,6
72087,0.00,2360,1
72089,91.28,9861,2
72091,0.06,40442,5
72093,32.05,7014,4
72095,5.17,9891,6
72097,90.99,167422,4
72099,96.93,129534,4
72101,6.64,22628,3
72103,37.01,189428,7
72105,51.75,11284,6
72107,88.77,25726,18
72109,6.98,37518,12
72111,99.27,135769,11
72113,88.13,147556,20
72115,0.00,27760,1
72117,100.00,124782,1
72119,100.00,71036,3
72121,87.02,29685,2
72123,0.00,27560,4
72125,14.63,9430,8
72127,100.00,1084662,2
72129,6.98,35619,17
72131,26.98,38695,6
72133,0.00,44528,2
72135,100.00,1084662,2
72139,100.00,157,2
72141,11.31,25896,16
72143,0.00,2360,1
72145,0.00,50256,7
72147,0.00,79822,1
72149,73.64,49029,14
72151,27.78,27299,13
72153,7.75,42669,10
