county_fips,pct_pop_hb_violation,cws_pop,n_cws
01001,0.000000,71034,6
01003,4.174884,305757,15
01005,1.835475,35958,9
01007,16.769916,27603,5
01009,27.679582,68910,11
01011,0.000000,13743,3
01013,10.525741,27447,4
01015,20.506912,152334,8
01017,0.000000,35558,5
01019,0.000000,22938,3
01021,0.000000,50244,5
01023,70.440981,18096,5
01025,7.666386,35610,8
01027,12.972292,11910,5
01029,0.000000,15543,4
01031,7.945047,67476,6
01033,19.859538,81588,10
01035,3.558719,14331,7
01037,38.728898,15105,6
01039,0.000000,46955,10
01041,0.000000,21744,7
01043,0.000000,140693,10
01045,1.826755,69139,10
01047,0.000000,42510,6
01049,0.000000,81195,5
01051,11.389419,110629,10
01053,2.084199,43326,9
01055,5.522032,124954,17
01057,7.572316,19809,5
01059,0.000000,39507,6
01061,0.000000,23725,6
01063,0.000000,9963,3
01065,0.000000,18957,4
01067,0.000000,23001,5
01069,2.818703,126654,11
01071,38.684507,114573,8
01073,4.844112,798908,11
01075,0.000000,15471,6
01077,3.904207,125019,7
01079,0.000000,26781,3
01081,5.132804,202404,6
01083,31.344996,138558,4
01085,0.000000,12825,6
01087,0.000000,24813,5
01089,0.000000,607701,9
01091,1.789632,25983,7
01093,22.012418,35271,8
01095,2.164905,141900,9
01097,67.207241,461361,14
01099,31.171593,28218,7
01101,0.000000,291756,8
01103,0.000000,159489,6
01105,0.000000,10638,3
01107,0.000000,27330,5
01109,7.585796,40299,5
01111,0.000000,28323,5
01113,22.950486,73737,4
01115,1.873470,91915,16
01117,19.273471,212655,16
01119,0.000000,19668,4
01121,0.663702,89498,12
01123,5.996929,68385,8
01125,67.009833,272754,10
01127,21.004629,87495,15
01129,9.180222,18627,11
01131,61.719032,16614,6
01133,6.090392,31131,5
02013,92.812006,2532,6
02016,7.996879,10254,6
02020,0.684818,290150,69
02050,73.269931,14826,34
02060,51.968504,127,2
02068,40.927694,733,2
02070,70.843841,5155,11
02090,13.376100,155105,24
02100,100.000000,2489,2
02110,0.644729,38776,2
02122,23.546847,25978,27
02130,19.425215,14301,13
02150,6.135780,13625,8
02164,58.603352,1790,9
02170,7.998750,44807,80
02180,43.612591,10325,17
02185,56.811594,8625,9
02188,93.635171,7620,11
02220,0.995494,9543,2
02230,12.916629,11071,4
02240,15.316118,2246,8
02261,3.123795,10372,18
02270,92.284156,7517,12
02275,45.760998,5933,3
02282,0.000000,740,1
02290,58.858696,5520,27
04001,16.400612,18292,18
04003,52.462649,119140,53
04005,30.974233,159623,38
04007,39.374246,53855,43
04009,98.864885,27310,7
04011,71.706292,7613,7
04012,20.608132,14339,20
04013,5.040325,4377674,100
04015,28.254146,219228,60
04017,13.055419,95401,43
04019,2.504068,1065666,143
04021,29.230997,500219,64
04023,48.679428,47593,17
04025,35.961671,197032,107
04027,76.643562,212511,29
05001,2.102616,28631,9
05003,17.900020,20324,9
05005,7.608486,36341,16
05007,0.477824,403077,28
05009,3.954664,36792,13
05011,0.000000,11749,7
05013,0.000000,6623,6
05015,35.095971,21048,19
05017,52.770953,10989,7
05019,0.000000,21365,9
05021,0.000000,22599,13
05023,33.407461,55760,7
05025,13.665294,13355,6
05027,13.170302,22695,12
05029,91.927643,33943,5
05031,0.212079,115523,12
05033,4.681759,57158,14
05035,29.971654,46921,12
05037,1.481855,21797,7
05039,4.779717,7218,5
05041,60.090895,12982,10
05043,11.195382,14899,11
05045,18.337943,151860,10
05047,16.544370,29164,10
05049,8.496328,14571,8
05051,0.000000,102006,6
05053,0.000000,44911,10
05055,0.000000,129980,7
05057,29.605881,18091,10
05059,0.000000,42067,5
05061,47.831792,15243,7
05063,13.353414,47808,13
05065,0.000000,13157,8
05067,24.495997,27976,13
05069,0.000000,68284,11
05071,21.133192,31098,10
05073,4.540951,6056,6
05075,0.000000,21285,11
05077,44.936352,8877,4
05079,0.000000,14487,5
05081,2.964132,11403,8
05083,61.873833,36951,18
05085,21.965363,76739,11
05087,0.000000,21255,4
05089,3.027107,16121,9
05091,1.799680,53065,5
05093,18.477504,41629,21
05095,28.579395,7173,6
05097,100.000000,4361,3
05099,83.028721,7660,5
05101,29.117430,16248,13
05103,19.052819,24726,10
05105,12.151653,12344,7
05107,52.152529,16469,8
05109,42.657500,8873,7
05111,0.597550,120492,13
05113,6.911827,18736,9
05115,48.932877,70423,9
05117,4.859480,12347,7
05119,0.000000,464004,10
05121,0.000000,22464,9
05123,3.893124,28332,10
05125,0.000000,121037,14
05127,0.000000,15088,2
05129,5.272408,17639,9
05131,6.435499,133323,15
05133,1.505161,13952,6
05135,6.547060,18115,12
05137,5.351515,16500,6
05139,57.689672,39397,24
05141,50.600276,41231,6
05143,3.368543,285435,12
05145,9.485527,82220,15
05147,16.448709,15217,7
05149,74.062568,22855,8
06001,0.025771,2227280,14
06003,7.923840,8771,5
06005,36.402604,37794,21
06007,5.511068,198056,41
06009,30.860727,50864,19
06011,2.923543,17513,9
06013,0.291857,560206,38
06015,2.885792,25331,16
06017,0.057271,261912,18
06019,8.875434,984718,103
06021,1.286445,18967,13
06023,4.512655,121813,45
06025,40.063935,171738,30
06027,36.113790,16592,41
06029,15.166191,970481,166
06031,28.161794,149820,13
06033,15.162009,66416,44
06035,0.799787,18755,15
06037,1.118665,10058958,193
06039,11.081436,137789,68
06041,0.027079,276967,15
06043,6.318681,6552,11
06045,18.699507,61023,41
06047,41.506953,240326,22
06049,85.453068,4922,5
06051,36.351344,18489,18
06053,1.667341,439622,157
06055,11.185627,128683,28
06057,4.118033,94414,21
06059,0.007918,3195121,38
06061,0.635041,417296,52
06063,34.900550,24736,27
06065,3.338729,2582090,91
06067,14.671213,1618462,62
06069,50.386901,61256,31
06071,3.308144,2481361,143
06073,3.774809,3500548,80
06075,0.000000,856393,5
06077,26.813212,741612,94
06079,8.883509,269308,70
06081,0.075189,779366,36
06083,0.243307,464845,61
06085,53.040723,2076233,73
06087,11.334944,252917,52
06089,13.931352,168512,59
06091,42.747875,3530,8
06093,78.748648,28657,32
06095,32.628045,460757,26
06097,1.124900,441017,129
06099,20.305128,488517,60
06101,0.090236,83115,8
06103,14.167035,36232,49
06105,61.651548,9591,17
06107,38.276960,427918,92
06109,18.130227,63965,49
06111,2.486339,871643,65
06113,22.793886,248106,17
06115,0.254849,76516,22
08001,9.164350,708670,64
08003,0.655409,12969,4
08005,0.032106,862770,28
08007,6.675167,13333,7
08009,88.538339,2504,6
08011,90.199281,3061,4
08013,0.496541,428162,41
08014,97.582343,108783,3
08015,14.490219,15438,18
08017,0.000000,1265,3
08019,10.823187,18562,11
08021,14.668453,4479,8
08023,5.944798,2355,8
08025,0.000000,2942,6
08027,0.000000,2032,3
08029,29.179829,26275,30
08031,0.011197,1312794,5
08033,66.045066,1287,2
08035,0.173584,410753,27
08037,0.676434,90031,23
08039,7.613517,12399,15
08041,3.240639,742261,74
08043,14.756100,53239,16
08045,33.834468,50685,56
08047,0.000000,18917,2
08049,23.901090,30371,23
08051,4.089201,20762,20
08053,89.755352,654,2
08055,80.793429,5722,10
08057,0.000000,683,2
08059,0.711844,555599,47
08061,23.632130,859,3
08063,14.951275,7491,6
08065,0.529159,9071,7
08067,5.509369,54489,55
08069,7.272124,488138,46
08071,2.528800,14236,14
08073,13.436893,7725,6
08075,4.343748,17059,9
08077,0.131334,162182,21
08079,0.000000,2082,3
08081,3.460550,10114,6
08083,3.409537,28039,10
08085,1.998822,56033,20
08087,1.522333,28903,8
08089,27.388898,19329,23
08091,63.582321,3869,5
08093,50.587898,3487,11
08095,1.184767,3545,3
08097,16.522563,41174,27
08099,26.795201,11670,10
08101,21.762481,162362,18
08103,0.554895,5046,4
08105,1.992630,7327,9
08107,57.451320,38671,23
08109,14.652568,5958,5
08111,0.000000,2387,1
08113,39.371958,20954,12
08115,86.732905,1711,3
08117,40.383142,71775,24
08119,67.653230,18110,24
08121,100.000000,2979,2
08123,8.834460,360554,58
08125,3.477360,6758,4
09001,0.553014,747901,61
09003,5.080776,823516,47
09005,2.833323,109271,76
09007,3.285225,76494,50
09009,0.060960,708665,31
09011,4.991955,185198,88
09013,10.744379,42962,69
09015,9.256400,45979,53
10001,0.273788,148290,62
10003,0.000000,528856,31
10005,0.740988,345080,113
11001,5.402470,668435,3
12001,0.089807,222701,15
12003,0.000000,10228,4
12005,19.006238,204717,10
12007,0.199362,15048,7
12009,20.699877,722613,27
12011,20.503632,1910047,37
12013,0.000000,4300,2
12015,0.270355,258549,19
12017,0.683822,119183,52
12019,0.052962,179375,12
12021,0.340402,376613,10
12023,4.771802,23576,18
12027,29.386177,22759,10
12029,2.061856,4850,4
12031,0.014050,932353,21
12033,0.000000,347475,12
12035,0.064362,132066,10
12037,51.261160,20497,6
12039,0.378738,37757,15
12041,0.000000,3475,2
12043,60.336610,6714,6
12045,25.967535,24211,5
12047,0.000000,7969,3
12049,0.904920,15692,9
12051,0.394931,33930,9
12053,0.287226,169901,15
12055,4.169356,96058,29
12057,0.072223,1651821,186
12059,12.596978,4898,7
12061,0.000000,167409,3
12063,7.447263,23418,15
12065,0.000000,8752,5
12067,0.000000,2455,2
12069,3.107819,422515,136
12071,24.541316,718686,20
12073,0.065642,234605,24
12075,9.662764,11446,13
12077,44.657654,6879,8
12079,87.259848,9317,5
12081,3.406516,428473,7
12083,2.059044,261772,130
12085,5.524795,157852,16
12086,0.002282,3286862,25
12087,100.000000,30000,1
12089,0.398607,61464,11
12091,7.868058,282700,21
12093,7.717042,23325,9
12095,0.207957,1616684,45
12097,0.408276,327230,28
12099,54.199514,1582826,33
12101,0.471444,398563,67
12103,5.004199,1147776,12
12105,13.604982,646447,149
12107,57.949815,26183,31
12109,0.392575,218557,21
12111,3.784544,327992,20
12113,0.011329,220672,15
12115,0.000000,481933,14
12117,6.866195,508899,38
12119,0.803333,171162,24
12121,29.676935,13310,7
12123,64.484988,11291,3
12125,0.000000,4875,2
12127,0.581078,547431,48
12129,43.429961,30426,7
12131,0.936024,123608,9
12133,27.358284,9138,6
13001,0.000000,6711,4
13003,41.161013,4186,5
13005,0.000000,4161,2
13007,0.000000,834,2
13009,99.792342,43822,5
13011,35.789848,11249,7
13013,11.731915,85749,8
13015,0.000000,108364,8
13017,0.000000,15414,2
13019,0.000000,8014,4
13021,0.000000,130597,4
13023,0.000000,9614,2
13025,0.000000,2726,8
13027,0.000000,9119,14
13029,0.000000,37375,44
13031,0.119587,80276,122
13033,0.000000,8591,7
13035,0.000000,35630,4
13037,22.988506,5307,5
13039,43.573192,57937,11
13043,0.000000,5447,9
13045,0.000000,107402,10
13047,4.346738,67936,3
13049,0.000000,6751,4
13051,11.678593,333285,83
13053,0.000000,2956,1
13055,0.000000,23813,5
13057,0.000000,273023,8
13059,98.142352,127473,11
13061,0.000000,2678,3
13063,0.000000,298449,2
13065,0.000000,3895,4
13067,0.000000,803382,4
13069,0.223501,24161,31
13071,0.000000,25461,33
13073,86.775957,143776,6
13075,0.000000,9842,8
13077,62.147572,154677,13
13079,0.000000,6180,4
13081,0.000000,17190,13
13083,0.000000,16285,1
13085,0.000000,28917,5
13087,4.101498,18286,10
13089,0.000000,1832893,2
13091,0.000000,11351,4
13093,0.000000,9265,6
13095,0.000000,105353,6
13097,0.000000,127084,1
13099,0.000000,6218,3
13101,100.000000,1026,2
13103,0.000000,49904,71
13105,0.000000,9461,6
13107,6.995832,15595,14
13109,0.000000,6362,7
13111,0.000000,17064,21
13113,0.565374,105240,12
13115,0.000000,98177,4
13117,0.000000,222696,8
13119,29.030431,19421,7
13121,4.054250,1636505,10
13123,0.000000,17462,14
13125,97.728631,1673,3
13127,0.000000,88617,50
13129,0.000000,53934,3
13131,0.000000,11928,12
13133,1.160065,24740,22
13135,0.000000,997144,5
13137,12.185770,39382,14
13139,0.000000,149723,9
13141,36.816741,7885,7
13143,48.281312,25310,5
13145,0.000000,32757,9
13147,0.331265,16603,27
13149,89.097253,9172,2
13151,0.000000,229763,7
13153,0.000000,251970,7
13155,0.000000,3688,5
13157,38.274933,88298,10
13159,46.270023,8740,5
13161,90.535882,6382,5
13163,0.808693,11871,7
13165,0.000000,6672,2
13167,0.000000,4262,3
13169,0.000000,23390,5
13171,17.166629,13101,3
13173,57.928389,4692,8
13175,0.000000,28483,18
13177,74.984219,26931,16
13179,0.000000,74981,42
13181,99.401198,7682,3
13183,0.000000,8355,55
13185,70.481163,95373,68
13187,0.000000,13983,33
13189,100.000000,21312,1
13191,0.000000,12072,32
13193,13.081197,10259,6
13195,8.218077,12436,22
13197,19.487461,7297,2
13199,41.782148,12917,9
13201,0.000000,1998,1
13205,27.847661,14389,8
13207,0.000000,28582,5
13209,2.787131,5346,10
13211,68.234420,9419,12
13213,0.000000,28420,2
13215,0.000000,229000,1
13217,2.375961,95877,12
13219,0.000000,34550,23
13221,17.206306,5899,19
13223,0.000000,123096,3
13225,0.000000,26072,3
13227,0.000000,31169,4
13229,1.219512,6888,11
13231,0.000000,8881,9
13233,0.000000,38851,4
13235,0.000000,7937,2
13237,5.895711,22898,19
13239,0.000000,3457,5
13241,0.600888,14645,14
13243,0.000000,4136,3
13245,0.106182,212843,5
13247,0.000000,90172,5
13249,0.000000,5058,2
13251,3.302881,7115,16
13253,0.000000,4350,5
13255,0.000000,65298,6
13257,90.926653,31576,4
13259,0.000000,5962,5
13261,0.000000,17738,12
13263,62.790335,6415,5
13265,100.000000,621,1
13267,0.000000,11376,11
13269,21.303422,6107,4
13271,2.669567,10114,5
13273,0.000000,6299,6
13275,1.040618,40745,28
13277,0.000000,35050,8
13279,1.894872,20318,15
13281,0.000000,19823,5
13283,0.000000,3115,1
13285,8.238544,52133,5
13287,0.000000,6357,4
13289,0.000000,3010,9
13291,16.887646,26096,9
13293,0.000000,20849,9
13295,0.000000,63927,5
13297,6.123157,89333,12
13299,0.000000,32933,6
13301,89.536199,3536,3
13303,0.000000,13712,8
13305,0.000000,14455,22
13307,0.000000,1007,2
13309,0.000000,5044,3
13311,0.000000,16767,18
13313,0.000000,99315,1
13315,0.000000,5787,5
13317,87.478097,7419,3
13319,0.000000,6841,6
13321,0.000000,10139,11
15001,0.173948,143721,37
15003,0.002679,1119635,30
15007,0.000000,76806,16
15009,0.000000,167019,35
16001,1.913813,504229,54
16003,1.081531,2404,5
16005,0.785937,78505,23
16007,4.592212,5444,12
16009,19.208075,6440,9
16011,59.594198,23509,28
16013,14.712992,21097,22
16015,29.504346,4257,20
16017,5.292953,28793,54
16019,20.029923,118972,35
16021,10.697464,11040,14
16023,77.697842,1390,4
16025,100.000000,441,1
16027,0.839712,203284,83
16029,19.102990,4816,8
16031,94.635777,12863,13
16033,100.000000,511,1
16035,45.977011,5916,11
16037,0.000000,1618,4
16039,58.464385,25944,25
16041,72.898262,10527,15
16043,15.117241,7250,11
16045,0.868056,6912,6
16047,0.653437,8264,8
16049,18.622216,7679,18
16051,59.363958,9339,17
16053,3.229015,15082,6
16055,2.207244,165274,116
16057,6.676087,40338,21
16059,91.173975,3535,5
16061,17.809140,2976,6
16063,16.923656,2659,4
16065,0.102693,43820,7
16067,1.389790,10793,9
16069,1.449001,36991,12
16071,0.000000,2200,1
16073,5.294954,5628,8
16075,42.741704,17449,7
16077,2.874976,5287,5
16079,0.000000,13271,15
16081,1.265078,6798,13
16083,2.058132,71424,14
16085,68.345519,7386,12
16087,0.000000,6109,3
17001,2.351231,65370,19
17003,0.000000,7545,6
17005,12.709449,17546,9
17007,0.000000,40965,11
17009,0.000000,5721,5
17011,17.524097,25833,24
17013,0.000000,6205,5
17015,5.411955,11142,9
17017,7.527171,11133,7
17019,0.129415,205540,38
17021,15.874018,28512,14
17023,3.502790,19356,6
17025,0.000000,10106,6
17027,17.100252,34134,20
17029,29.923141,57768,10
17031,4.505844,5221530,161
17033,7.982443,20733,7
17035,0.000000,4730,4
17037,1.571595,94490,20
17039,1.597444,10955,8
17041,4.072103,18418,11
17043,0.185691,848182,48
17045,10.428443,12207,7
17047,0.000000,6245,4
17049,11.648708,24037,12
17051,83.286846,17926,9
17053,5.012678,10254,11
17055,18.991821,42671,22
17057,3.389883,32184,18
17059,0.000000,4726,7
17061,19.918504,12516,10
17063,15.532893,42851,20
17065,35.757884,7864,4
17067,14.294152,11851,11
17069,0.000000,4051,5
17071,0.000000,9312,7
17073,9.295534,38696,41
17075,13.210511,21006,26
17077,75.527537,56868,20
17079,0.000000,33112,4
17081,0.000000,35777,13
17083,0.000000,21683,4
17085,33.432915,15063,14
17087,47.148574,7996,6
17089,4.788628,567720,39
17091,88.225590,91529,21
17093,0.131067,76297,9
17095,4.326243,45929,17
17097,4.625645,630204,102
17099,49.606623,92405,37
17101,35.178849,12860,8
17103,2.954052,28097,17
17105,29.051259,28522,16
17107,67.643103,23794,14
17109,47.986577,33078,14
17111,26.639476,248860,32
17113,6.143195,164377,36
17115,8.101955,103222,14
17117,33.450821,45111,30
17119,4.034649,270829,41
17121,0.000000,42624,15
17123,18.962316,9155,11
17125,6.894379,7934,6
17127,50.965587,13774,4
17129,0.000000,12141,7
17131,7.551791,9799,14
17133,15.106848,27001,6
17135,43.921721,25805,18
17137,15.701887,36295,14
17139,0.000000,12582,6
17141,11.739932,32530,24
17143,4.774446,168585,21
17145,70.883672,18955,7
17147,18.281996,11525,9
17149,1.761893,15892,13
17151,100.000000,6195,2
17153,6.261624,3226,6
17155,25.099900,4004,8
17157,37.182849,29363,14
17159,12.891512,11015,7
17161,8.801759,146448,49
17163,0.770865,254649,26
17165,74.999020,25507,11
17167,1.999879,182511,42
17169,1.577883,7415,5
17171,18.543645,4422,6
17173,19.354298,11925,9
17175,42.205323,3419,4
17177,1.098453,31863,13
17179,6.656780,121380,30
17181,71.752932,13389,9
17183,3.113002,55477,20
17185,70.994839,9881,5
17187,73.515567,12109,6
17189,0.000000,20407,12
17191,64.387129,16129,10
17193,1.264731,13916,9
17195,22.856217,37014,12
17197,32.743668,587848,52
17199,27.204274,75433,24
17201,4.021660,240995,28
17203,4.124843,25504,19
18001,1.549556,16779,6
18003,87.827828,308737,12
18005,0.231454,75609,6
18007,4.095675,6104,6
18009,0.000000,7115,2
18011,64.958481,26012,7
18013,0.000000,22108,3
18015,2.619440,6070,4
18017,0.577772,21981,7
18019,11.199141,175951,10
18021,18.989578,16983,7
18023,3.766550,20921,7
18025,46.407904,7085,6
18027,53.914619,25392,6
18029,13.312277,46859,9
18031,75.797364,20411,5
18033,2.502699,25013,7
18035,0.162848,87198,14
18037,12.100770,61963,11
18039,1.320422,97999,16
18041,0.000000,15652,5
18043,0.000000,25657,4
18045,40.746382,9191,5
18047,13.249211,12680,4
18049,0.000000,8217,5
18051,22.465966,28354,9
18053,2.119872,44531,10
18055,3.111861,36152,7
18057,45.370748,220554,16
18059,0.000000,36516,7
18061,42.507050,41132,6
18063,0.614532,85919,9
18065,0.000000,30050,9
18067,0.000000,64249,11
18069,86.105442,23520,8
18071,3.915564,39841,7
18073,10.244384,12153,5
18075,0.000000,10543,4
18077,0.000000,33773,7
18079,35.427885,25813,9
18081,0.000000,143205,8
18083,8.197036,31243,11
18085,3.875621,26757,30
18087,16.423579,6582,9
18089,3.222086,521960,30
18091,32.792919,71180,23
18093,13.629006,46335,6
18095,77.342809,93008,13
18097,5.213193,939923,3
18099,19.932030,22657,12
18101,0.000000,14412,5
18103,2.017407,17349,15
18105,65.803437,126270,10
18107,3.661738,21711,10
18109,0.000000,58493,13
18111,5.714286,5495,8
18113,11.550827,21150,13
18115,66.606373,7187,2
18117,0.000000,9125,3
18119,6.078614,13967,3
18121,76.074515,8911,7
18123,6.977806,17527,6
18125,57.110004,18263,6
18127,3.236735,46343,8
18129,13.782241,10158,4
18131,24.328396,3983,3
18133,3.227688,25715,11
18135,10.326900,14041,8
18137,6.692532,30930,8
18139,3.374663,9275,5
18141,0.013688,182639,15
18143,0.000000,25087,2
18145,0.455369,21521,9
18147,13.802169,18258,9
18149,0.000000,6301,3
18151,3.569171,17399,18
18153,6.059331,19012,10
18155,0.000000,13887,2
18157,1.426463,161238,11
18159,19.517103,6461,3
18161,0.000000,2692,3
18163,0.000000,195334,2
18165,17.648816,13389,12
18167,0.360468,85722,11
18169,1.501072,20985,13
18171,1.445312,2560,3
18173,1.938204,61913,7
18175,35.098232,23363,5
18177,5.414019,50203,12
18179,0.321268,14007,5
18181,18.636167,11585,13
18183,12.740249,14152,7
19001,0.000000,28393,7
19003,0.000000,25113,3
19005,0.000000,7755,4
19007,0.000000,40200,6
19009,0.000000,3247,4
19011,3.975008,18566,17
19013,0.000000,160761,11
19015,48.677803,32446,12
19017,0.000000,55919,10
19019,0.000000,12252,10
19021,0.000000,24334,12
19023,0.309842,46798,10
19025,9.106918,7950,12
19027,0.602837,19740,13
19029,6.990498,10314,7
19031,0.534536,11973,13
19033,0.000000,38006,9
19035,0.000000,13074,11
19037,5.891743,6891,6
19039,17.717321,31060,4
19041,0.000000,19361,6
19043,0.000000,9653,16
19045,0.000000,38911,16
19047,0.000000,15526,10
19049,0.079018,146802,20
19051,0.000000,36056,3
19053,6.518141,59204,6
19055,0.000000,7810,8
19057,2.194119,42067,9
19059,69.244643,13861,10
19061,0.000000,83775,32
19063,0.000000,7635,7
19065,0.000000,12950,11
19067,0.000000,10575,7
19069,0.000000,6652,9
19071,0.000000,4080,7
19073,0.000000,11915,5
19075,0.000000,46025,9
19077,2.830600,6889,7
19079,0.000000,17394,9
19081,3.603222,7077,8
19083,0.000000,50510,12
19085,0.000000,8192,11
19087,0.000000,23991,11
19089,0.000000,6115,6
19091,0.000000,6820,8
19093,0.000000,4909,5
19095,0.375265,12258,11
19097,0.000000,11343,10
19099,0.000000,63898,11
19101,0.000000,61798,10
19103,0.280322,164454,74
19105,0.000000,12186,13
19107,0.000000,23048,11
19109,0.000000,9947,15
19111,0.000000,35371,6
19113,0.095789,217144,40
19115,0.000000,5879,8
19117,0.000000,37858,3
19119,0.000000,12196,12
19121,0.000000,48287,5
19123,0.000000,24159,4
19125,0.000000,30229,13
19127,0.000000,71448,13
19129,2.007131,7573,7
19131,0.000000,6147,5
19133,0.000000,5791,8
19135,0.000000,37193,3
19137,0.000000,10573,4
19139,0.000000,35085,22
19141,0.000000,11182,7
19143,0.000000,13222,7
19145,0.000000,15052,9
19147,1.659135,15490,7
19149,0.000000,17313,10
19151,9.372594,5196,9
19153,3.925675,562451,38
19155,0.000000,83347,16
19157,65.353048,15352,8
19159,0.000000,23061,4
19161,15.863067,8296,8
19163,0.555776,166074,48
19165,0.000000,11941,9
19167,0.000000,38650,16
19169,0.975899,158623,20
19171,0.000000,24422,11
19173,0.000000,24181,4
19175,0.000000,28329,2
19177,0.000000,36195,8
19179,0.000000,44794,6
19181,0.000000,57488,14
19183,0.000000,31684,14
19185,0.000000,36392,6
19187,1.039556,37997,24
19189,0.000000,8283,7
19191,0.000000,11801,13
19193,0.326767,97929,17
19195,0.000000,4533,7
19197,0.000000,10302,7
20001,1.771594,9991,14
20003,0.000000,7276,7
20005,0.000000,16560,8
20007,2.622136,3623,9
20009,1.691176,21760,11
20011,7.040631,16490,6
20013,3.088089,7027,11
20015,3.154639,48500,21
20017,1.562500,1728,7
20019,90.422535,2840,10
20021,21.901166,18273,16
20023,0.000000,1729,2
20025,0.000000,1576,3
20027,0.000000,6443,8
20029,0.000000,7364,7
20031,0.000000,9572,9
20033,12.140351,1425,4
20035,0.000000,33556,15
20037,9.774011,38940,18
20039,0.000000,1878,3
20041,18.485068,15169,13
20043,15.486194,6664,8
20045,0.000000,155266,12
20047,87.000481,2077,4
20049,53.123672,2353,6
20051,0.375796,26078,13
20053,5.139482,7958,6
20055,0.000000,43660,12
20057,94.318378,28953,5
20059,53.510696,24169,14
20061,33.175299,58426,8
20063,4.781106,1736,5
20065,8.176471,1700,4
20067,0.000000,6410,1
20069,6.989696,3591,5
20071,11.512415,886,2
20073,21.963636,6875,9
20075,0.000000,1965,3
20077,7.073171,4510,8
20079,0.000000,31932,10
20081,43.163982,2421,2
20083,0.000000,1019,2
20085,0.000000,12049,12
20087,8.259868,19964,18
20089,17.423649,2554,7
20091,0.693026,670249,7
20093,24.212736,2858,2
20095,9.919817,4365,6
20097,0.000000,1553,3
20099,60.972499,19599,15
20101,0.000000,1210,2
20103,0.000000,82837,16
20105,11.580217,1658,4
20107,41.797606,10692,12
20109,91.674208,2210,2
20111,78.299579,30663,12
20113,0.000000,24563,13
20115,16.184911,9583,12
20117,5.812932,7965,10
20119,0.000000,3061,3
20121,14.737785,29041,8
20123,86.600846,7799,9
20125,36.739436,30553,17
20127,0.000000,4859,6
20129,0.000000,2264,2
20131,0.602911,9620,11
20133,1.909774,16913,15
20135,0.000000,2002,6
20137,81.844717,3426,5
20139,2.415724,18214,16
20141,5.299456,2755,7
20143,0.000000,5267,7
20145,1.678945,5837,4
20147,1.374570,3783,9
20149,8.050646,23141,17
20151,96.064880,7090,6
20153,0.000000,1519,3
20155,84.305033,49175,16
20157,67.193836,4932,10
20159,2.440819,8153,8
20161,0.079839,62626,12
20163,58.261085,4037,8
20165,12.762313,2335,9
20167,63.490713,7053,12
20169,0.000000,50739,11
20171,0.000000,3748,1
20173,0.000000,497465,23
20175,0.000000,20107,3
20177,4.747358,154507,9
20179,0.000000,1407,2
20181,0.000000,4605,2
20183,9.767785,2713,5
20185,36.236934,2583,3
20187,0.000000,1470,2
20189,0.000000,4038,2
20191,6.410202,23681,17
20193,0.000000,6004,3
20195,0.000000,3454,4
20197,34.703381,4939,10
20199,0.000000,1034,3
20201,7.436288,5258,12
20203,0.000000,1430,1
20205,9.962513,8803,16
20207,46.451223,3311,3
20209,0.000000,160765,2
21001,100.000000,22113,1
21003,0.000000,23262,2
21005,36.334988,23165,2
21007,0.000000,5377,4
21009,0.000000,40030,2
21011,74.094008,16722,3
21013,0.000000,28935,4
21015,0.000000,100098,6
21017,91.189939,15505,2
21019,19.644874,66399,3
21021,0.000000,36861,2
21023,0.000000,9123,3
21025,47.649919,9872,3
21027,0.000000,21624,3
21029,0.000000,26626,2
21031,15.565032,16884,2
21033,0.000000,14047,3
21035,3.129265,30774,8
21039,0.000000,2503,4
21041,0.893201,12987,4
21043,39.934826,28539,3
21045,84.405907,14762,2
21047,0.000000,89360,4
21049,0.000000,37189,2
21051,31.964511,16681,2
21053,0.000000,9042,1
21055,100.000000,3039,1
21057,73.450595,9665,2
21059,0.000000,112731,5
21061,79.414550,24289,3
21063,0.000000,3528,1
21065,0.000000,15150,2
21067,0.000000,669042,1
21069,0.000000,14301,3
21071,36.694621,44358,5
21073,0.000000,65214,4
21075,100.000000,7853,2
21077,0.000000,7848,2
21079,0.000000,19379,2
21081,7.721511,31082,4
21083,0.000000,28761,9
21085,0.000000,28471,2
21087,0.000000,17893,2
21089,17.269810,40510,7
21091,0.000000,6474,2
21093,4.897741,136859,4
21095,34.781967,27083,15
21097,69.736239,23999,2
21099,0.000000,22284,3
21101,0.000000,49206,3
21103,0.000000,22370,3
21105,0.000000,1933,2
21107,11.942819,57432,10
21109,8.897059,14960,2
21111,0.000000,806997,1
21113,25.735203,56685,4
21115,0.000000,24354,1
21117,0.000000,259949,1
21119,0.000000,9239,3
21121,33.610965,24733,2
21123,0.000000,13691,2
21125,12.369737,71586,5
21127,0.000000,8236,1
21129,0.000000,8428,1
21131,0.000000,9614,1
21133,52.367463,12355,4
21135,0.000000,9829,2
21137,25.075179,21615,4
21139,20.086440,18510,5
21141,16.635372,30357,7
21143,52.157773,12930,4
21145,0.000000,65098,2
21147,0.000000,34439,1
21149,11.315450,8537,6
21151,39.002397,91379,5
21153,25.338799,11954,2
21155,0.000000,23953,2
21157,0.000000,37426,5
21159,100.000000,9003,1
21161,0.000000,25305,4
21163,83.566627,39864,4
21165,99.539255,5426,2
21167,0.000000,26366,4
21169,0.000000,8515,1
21171,88.997555,13497,3
21173,71.224864,34363,6
21175,76.015807,9869,2
21177,64.845527,36058,5
21179,13.793103,51678,4
21181,0.000000,10410,3
21183,9.297306,25943,5
21185,0.000000,48476,2
21189,100.000000,5346,1
21191,0.000000,15554,5
21193,0.000000,30247,3
21195,79.499441,55418,3
21197,0.000000,15917,4
21199,0.000000,102144,8
21201,0.000000,775,1
21203,0.000000,21352,4
21205,54.681353,34317,3
21207,55.969306,16811,2
21209,0.000000,44608,1
21211,0.000000,53306,4
21213,0.000000,40548,2
21215,0.000000,22286,1
21217,0.000000,24874,1
21219,15.142607,15988,5
21221,0.000000,20449,2
21223,0.000000,8007,2
21225,100.000000,16273,4
21227,0.000000,144719,2
21229,0.000000,13205,1
21231,0.000000,21000,1
21233,49.079118,15420,6
21235,46.828878,41263,5
21237,0.000000,6600,1
21239,66.356393,26858,4
22001,26.730469,63321,12
22003,50.684166,32229,10
22005,32.935255,31987,19
22007,0.000000,21366,1
22009,36.236083,52812,16
22011,34.606969,49360,7
22013,80.087540,16678,20
22015,17.744442,140258,22
22017,94.485623,244869,41
22019,10.249287,203380,43
22021,31.602292,16233,11
22023,77.468308,10807,7
22025,53.163362,12708,7
22027,56.282884,21097,12
22029,52.852992,25815,7
22031,73.978456,33699,9
22033,2.154402,643102,5
22035,100.000000,8070,4
22037,12.819679,27684,10
22039,73.397742,42955,13
22041,78.273532,25752,7
22043,59.313007,25910,13
22045,11.858513,75060,7
22047,35.533478,40967,12
22049,73.315304,18119,19
22051,33.742038,440987,4
22053,26.291313,38275,8
22055,11.493484,303572,59
22057,0.000000,96471,2
22059,55.052229,19338,12
22061,36.851668,60540,20
22063,16.939768,160380,28
22065,89.587949,13542,4
22067,88.637431,31947,15
22069,16.903113,44619,13
22071,100.000000,387688,2
22073,58.183954,186438,26
22075,34.879372,32082,4
22077,72.588816,30794,10
22079,18.763047,162868,22
22081,75.857039,12339,11
22083,34.520780,24759,11
22085,81.339823,39244,18
22087,0.000000,44783,1
22089,0.000000,52879,1
22091,12.882138,10402,3
22093,67.790999,22354,4
22095,0.000000,46679,4
22097,38.975076,111579,28
22099,74.091288,75519,14
22101,91.334955,62077,11
22103,24.779733,242206,95
22105,72.914249,129234,21
22107,84.704894,8336,5
22109,0.000000,128118,2
22111,89.737252,32769,20
22113,48.539897,70406,10
22115,12.164386,65626,16
22117,59.927018,32885,14
22119,44.550330,50159,27
22121,22.051483,30651,5
22123,79.711637,14565,7
22125,58.157501,20711,3
22127,90.862766,17073,12
23001,0.251731,55615,20
23003,14.223484,30302,39
23005,1.459891,176794,31
23007,18.570644,14566,13
23009,26.879271,19755,30
23011,0.295853,55771,31
23013,4.467666,25360,16
23015,0.974714,14158,12
23017,3.988386,19632,15
23019,1.079544,74198,54
23021,43.608297,8292,9
23023,0.000000,12025,9
23025,20.976449,20933,17
23027,0.813384,10819,18
23029,23.743245,12214,22
23031,2.184103,141019,50
24001,11.805154,65734,17
24003,0.307250,508707,28
24005,20.625254,2463,8
24009,10.582524,36050,30
24011,11.198824,12921,19
24013,5.049299,97162,24
24015,72.462750,52685,47
24017,0.398832,119850,49
24019,14.474466,20208,12
24021,4.487945,180840,30
24023,5.959113,13794,16
24025,8.449302,168724,17
24027,0.169133,286756,4
24029,52.326602,11390,11
24031,0.000000,1959606,6
24033,95.910640,26410,4
24035,22.787502,18339,16
24037,3.989513,91164,38
24039,34.948592,11185,10
24041,12.311072,22760,8
24043,1.128443,111038,20
24045,3.967734,47357,26
24047,56.798067,61238,19
24510,99.845809,1603209,5
25001,0.989585,606315,30
25003,0.000000,114258,41
25005,0.005562,629223,29
25007,0.000000,39491,7
25009,7.242350,894820,39
25011,0.000000,50236,26
25013,4.993942,428359,29
25015,28.318271,138649,28
25017,10.262429,1611597,97
25019,0.000000,30703,2
25021,0.129430,770300,39
25023,9.057058,548666,45
25025,0.000000,3377936,5
25027,7.665661,733244,110
26001,0.000000,649,5
26003,11.490082,4134,5
26005,16.537489,35610,50
26007,0.000000,16082,3
26009,12.957396,9647,13
26011,0.000000,8707,8
26013,96.387097,4650,3
26015,5.679389,16375,17
26017,35.887591,98711,20
26019,11.128049,3936,10
26021,15.288139,103891,41
26023,1.372656,20107,13
26025,81.212763,76536,19
26027,24.507867,13665,19
26029,0.000000,13792,18
26031,0.000000,6866,10
26033,1.520041,21381,6
26035,0.000000,5160,4
26037,2.542654,15063,12
26039,0.000000,1984,3
26041,0.509575,18643,8
26043,0.000000,19124,7
26045,0.738848,54003,17
26047,3.229754,18794,39
26049,31.575869,271831,46
26051,63.532159,4711,8
26053,9.300426,11021,8
26055,0.000000,41630,24
26057,0.000000,21825,10
26059,54.401362,15268,13
26061,3.973838,30273,17
26063,2.581681,16191,19
26065,5.236542,263590,23
26067,9.769113,28109,18
26069,0.575920,14759,11
26071,0.000000,11293,15
26073,62.213475,37344,13
26075,1.297937,91761,24
26077,0.240472,250341,23
26079,0.000000,2066,2
26081,2.121608,567070,44
26083,24.213075,826,5
26085,0.000000,1177,4
26087,63.334312,20436,14
26089,3.793717,5061,15
26091,9.256959,52339,28
26093,6.617063,70560,47
26095,0.000000,3558,3
26097,84.114441,3670,4
26099,4.428452,823290,27
26101,0.000000,8680,10
26103,51.366214,46369,23
26105,0.000000,11886,9
26107,92.388111,11574,13
26109,0.355030,10140,5
26111,17.721176,62778,9
26113,0.000000,1515,3
26115,0.000000,129312,10
26117,0.176306,20419,13
26119,0.000000,1168,3
26121,3.557766,113189,24
26123,10.057783,11076,9
26125,10.057977,1042993,108
26127,0.000000,5205,5
26129,6.728972,2675,7
26131,0.000000,3758,5
26133,1.654846,5076,5
26135,0.000000,882,4
26137,0.000000,4396,11
26139,8.395691,207273,26
26141,0.000000,4992,5
26143,6.886924,2149,16
26145,5.600019,165803,26
26147,4.786894,114145,21
26149,0.563886,32276,17
26151,4.240766,19737,20
26153,0.000000,4902,4
26155,63.427146,28461,21
26157,0.000000,15513,15
26159,45.349693,28525,27
26161,2.884046,263484,32
26163,13.865278,1778832,43
26165,13.321596,13632,8
27001,7.504313,3478,6
27003,0.934225,293077,31
27005,0.443131,13540,10
27007,0.405046,17282,18
27009,0.000000,19521,8
27011,0.000000,3566,9
27013,1.397115,55042,17
27015,0.000000,20635,7
27017,0.000000,19233,10
27019,0.525539,98946,12
27021,0.000000,4520,13
27023,0.000000,7690,5
27025,0.296085,28708,18
27027,1.249374,57949,13
27029,0.000000,2022,3
27031,0.000000,1404,2
27033,0.000000,14114,9
27035,0.591973,29900,23
27037,16.282620,382506,20
27039,0.000000,13895,6
27041,0.191472,19324,11
27043,0.794783,9814,12
27045,0.000000,13306,14
27047,10.738779,23038,15
27049,0.684846,32124,12
27051,1.454757,3437,7
27053,0.000000,1264727,44
27055,0.000000,11200,6
27057,0.730060,5479,7
27059,0.000000,19746,5
27061,0.000000,21457,18
27063,1.845748,6068,6
27065,0.000000,4254,3
27067,0.811778,29072,15
27069,0.000000,5025,6
27071,0.000000,7092,5
27073,0.000000,3481,6
27075,0.000000,5654,3
27077,0.000000,1002,2
27079,2.917630,22484,11
27081,0.000000,16757,7
27083,0.000000,20829,12
27085,1.768678,27252,10
27087,0.000000,1693,3
27089,0.827423,7614,12
27091,1.989017,14932,9
27093,0.000000,11787,7
27095,0.000000,11260,9
27097,1.916604,14557,9
27099,1.617359,32213,17
27101,0.000000,4415,9
27103,1.740572,28956,6
27105,3.847215,18117,12
27107,5.790418,3903,9
27109,0.000000,144060,18
27111,0.728164,26505,16
27113,93.983582,9258,6
27115,1.206678,11022,15
27117,0.000000,6985,10
27119,1.083260,20586,11
27121,0.000000,4881,6
27123,68.153430,575949,18
27125,0.000000,2015,3
27127,0.000000,10374,14
27129,0.000000,9630,10
27131,0.195326,56316,14
27133,0.000000,9495,8
27135,3.516174,7110,13
27137,4.725028,151597,31
27139,24.496723,123739,17
27141,0.000000,45816,9
27143,16.512702,8660,8
27145,0.346008,140748,33
27147,0.165692,30780,7
27149,0.000000,6904,5
27151,0.000000,6121,6
27153,0.000000,10019,8
27155,3.127875,2174,4
27157,0.000000,13886,10
27159,0.000000,6927,4
27161,1.670146,12933,4
27163,0.000000,244999,29
27165,29.536538,8156,8
27167,0.000000,4189,5
27169,0.000000,40180,12
27171,0.879546,113695,18
27173,0.902634,6758,9
28001,0.000000,32630,5
28003,0.000000,39066,8
28005,0.000000,11211,10
28007,0.000000,22247,14
28009,6.821760,5717,6
28011,24.299683,36305,26
28013,15.327164,18477,17
28015,0.000000,10203,6
28017,7.654221,19793,11
28019,16.677129,9558,11
28021,16.965769,12036,6
28023,0.000000,14964,11
28025,0.776804,24073,8
28027,87.778528,23696,17
28029,44.588027,25924,11
28031,29.799707,14329,8
28033,18.281418,202446,19
28035,2.956439,87876,13
28037,67.156541,7621,10
28039,0.000000,15188,5
28041,4.590194,10871,7
28043,9.177433,30575,10
28045,39.668644,53115,12
28047,4.897515,185686,33
28049,82.466679,279331,20
28051,14.857820,21100,20
28053,52.563113,9071,10
28055,100.000000,1452,3
28057,46.744903,23348,8
28059,19.488669,132595,16
28061,6.268579,26912,16
28063,0.000000,8516,6
28065,13.404558,14040,8
28067,0.909026,69965,21
28069,1.935746,12295,12
28071,6.397557,73997,20
28073,13.009700,65774,10
28075,2.192505,79863,13
28077,3.383808,11821,9
28079,7.689300,20457,12
28081,2.381310,86633,23
28083,1.160674,30758,13
28085,37.302131,33545,8
28087,4.059153,65728,12
28089,24.728790,129881,16
28091,35.156114,23060,11
28093,19.372549,22950,6
28095,6.996541,40763,12
28097,60.992182,13687,17
28099,0.000000,24485,6
28101,9.057043,21475,11
28103,74.723905,11228,7
28105,6.086180,69436,24
28107,20.377578,32629,23
28109,5.299057,53953,13
28111,16.424074,9687,10
28113,27.120855,35257,11
28115,66.575880,36716,12
28117,43.430486,31943,12
28119,64.308449,6912,11
28121,41.356921,189591,35
28123,9.559194,31760,12
28125,100.000000,3904,5
28127,0.000000,35030,15
28129,22.690312,12913,13
28131,43.432232,14830,9
28133,85.489717,27036,14
28135,47.046827,12749,15
28137,66.628176,14722,10
28139,10.312115,27618,12
28141,0.000000,24936,11
28143,45.378837,12248,3
28145,8.081857,26974,12
28147,0.000000,19069,4
28149,4.228254,55815,6
28151,81.009362,46465,11
28153,49.485660,21095,7
28155,0.000000,13030,12
28157,0.000000,11069,9
28159,0.000000,20115,11
28161,13.555694,14481,16
28163,39.995965,24785,17
29001,68.403427,25680,4
29003,0.333884,106624,11
29005,0.000000,4315,7
29007,3.386665,28376,7
29009,0.110195,22687,30
29011,0.000000,15802,5
29013,28.974989,17912,15
29015,6.473268,8342,25
29017,0.000000,1945,5
29019,0.000000,229755,12
29021,0.000000,92133,7
29023,50.046344,35603,12
29025,13.815587,19478,11
29027,0.000000,38304,12
29029,3.416305,35916,64
29031,55.989963,71336,21
29033,3.670718,8309,7
29035,0.000000,2909,6
29037,0.413948,667234,33
29039,10.877655,17467,10
29041,11.728829,4263,5
29043,0.000000,58576,29
29045,0.000000,9730,4
29047,0.013706,678521,22
29049,0.996993,582552,10
29051,0.000000,72587,12
29053,0.000000,12993,8
29055,0.000000,15987,11
29057,0.359195,12528,7
29059,0.000000,4071,5
29061,2.339572,13464,12
29063,1.057782,103613,9
29065,0.000000,6265,3
29067,0.000000,3025,2
29069,38.597472,35764,13
29071,22.242241,66050,41
29073,6.427445,7608,10
29075,47.442550,6745,7
29077,0.339055,253941,29
29079,0.000000,10160,5
29081,59.750101,12405,9
29083,3.514529,23161,12
29085,16.737176,3782,10
29087,37.817938,5976,8
29089,38.674233,8282,6
29091,54.864162,23447,9
29093,40.027111,5164,10
29095,0.000000,957284,24
29097,1.155339,140132,18
29099,4.531355,182793,68
29101,0.000000,65417,16
29103,0.000000,4961,2
29105,0.000000,31385,6
29107,9.984767,36105,15
29109,1.171701,18008,13
29111,12.473272,7015,5
29113,17.012984,44131,31
29115,9.698129,14642,9
29117,11.602326,19091,8
29119,15.558747,11839,10
29121,0.000000,21158,7
29123,0.000000,6387,3
29125,0.000000,3022,5
29127,66.820294,25603,3
29129,6.623620,4801,3
29131,62.346780,8974,15
29133,32.289359,13091,6
29135,47.512847,9730,7
29137,22.851920,10940,5
29139,22.895412,17545,13
29141,25.538345,7941,15
29143,11.067355,14728,14
29145,0.000000,19320,15
29147,61.402203,20154,13
29149,2.707581,4432,5
29151,4.141393,9562,12
29153,56.439127,1421,5
29155,11.361675,17383,7
29157,5.830479,13721,10
29159,2.673466,27455,21
29161,3.094591,29083,15
29163,23.004431,16023,6
29165,0.223204,607515,20
29167,0.000000,15180,14
29169,9.186919,63819,16
29171,0.000000,4895,4
29173,54.619617,15813,4
29175,0.000000,27456,5
29177,0.000000,24631,9
29179,0.000000,1380,3
29181,32.876064,8456,5
29183,0.000000,1422540,19
29185,19.049347,5512,6
29186,42.539633,12868,8
29187,45.048073,51172,21
29189,0.000000,1146683,6
29195,17.198684,29479,13
29197,0.000000,4740,4
29199,35.160170,5182,2
29201,4.834095,33905,16
29203,0.000000,2694,3
29205,2.784925,6607,5
29207,9.307254,22649,16
29209,7.417657,22042,92
29211,32.489921,7193,7
29213,0.389544,58530,54
29215,3.158822,15892,10
29217,51.562105,23750,9
29219,16.571307,23595,18
29221,4.257280,5426,11
29223,29.302463,6781,15
29225,34.023235,17732,12
29227,0.000000,2607,4
29229,0.000000,7940,7
29510,0.000000,304709,1
30001,1.344809,5577,9
30003,0.000000,4605,5
30005,90.985325,2385,6
30007,0.000000,2150,2
30009,10.409699,4784,12
30011,0.000000,400,1
30013,1.759117,81575,47
30015,14.688249,3336,11
30017,93.458398,10288,4
30019,0.000000,1108,2
30021,1.078312,7419,10
30023,0.000000,7914,6
30025,0.000000,2185,4
30027,4.212380,7383,11
30029,0.433375,76608,142
30031,0.622514,100560,64
30033,0.000000,364,1
30035,0.000000,5485,12
30037,72.972973,370,2
30039,100.000000,1360,1
30041,81.153374,12225,9
30043,68.148148,5400,14
30045,0.000000,755,4
30047,15.874692,14205,25
30049,75.959891,47271,56
30051,21.072797,1827,8
30053,44.441456,11154,19
30055,0.000000,1009,2
30057,15.600624,9615,12
30059,0.000000,1162,3
30061,21.844660,2266,10
30063,1.122956,86112,85
30065,0.000000,2220,4
30067,2.409174,10377,18
30069,0.000000,187,1
30071,4.977188,2411,7
30073,16.432954,4564,10
30075,0.000000,450,1
30077,0.000000,5000,2
30081,7.979896,11341,24
30083,1.353503,6280,5
30085,0.000000,4519,4
30087,60.070671,5660,4
30089,0.000000,5722,12
30091,0.000000,2627,5
30093,0.000000,35062,3
30095,0.000000,3295,7
30097,0.000000,1760,3
30099,8.761016,3858,9
30101,1.582779,6318,15
30103,100.000000,262,1
30105,4.589682,5447,8
30107,0.000000,2672,7
30109,100.000000,550,1
30111,5.255883,151202,54
31001,89.764486,27854,9
31003,18.891892,3700,7
31007,0.000000,150,1
31009,0.000000,103,1
31011,0.000000,3194,5
31013,0.000000,8880,2
31015,0.000000,1458,7
31017,0.000000,2033,2
31019,0.000000,41170,15
31021,0.000000,7486,6
31023,3.666667,4800,10
31025,9.956943,24154,24
31027,46.330398,7494,13
31029,0.000000,2620,2
31031,0.000000,3211,6
31033,0.000000,7891,6
31035,9.328684,4588,9
31037,6.868565,8255,5
31039,75.992318,7810,5
31041,9.715496,6608,10
31043,0.000000,19257,7
31045,2.235529,7515,6
31047,18.679196,19155,10
31049,75.959079,1173,2
31051,13.048466,3487,9
31053,0.776132,32211,11
31055,0.000000,668241,13
31057,0.000000,1012,2
31059,0.000000,4258,7
31061,0.000000,2304,8
31063,1.857996,1507,5
31065,0.000000,4091,8
31067,0.000000,17447,14
31069,0.000000,809,1
31071,0.000000,1080,1
31073,0.000000,905,5
31075,0.000000,168,1
31077,19.603825,1464,4
31079,95.089805,55008,6
31081,6.122774,6288,6
31083,11.615871,1739,6
31085,0.000000,220,1
31087,32.580842,1639,4
31089,0.000000,6410,7
31091,0.000000,279,1
31093,0.000000,3249,5
31095,0.919540,6525,10
31097,9.498741,4369,6
31099,0.000000,4350,4
31101,0.000000,5691,3
31103,0.000000,200,1
31105,8.760108,2968,3
31107,0.000000,5771,12
31109,1.913530,315647,22
31111,0.000000,28275,9
31113,0.000000,305,1
31119,3.754127,31805,7
31121,0.000000,4582,5
31123,0.000000,2817,3
31125,94.150299,2342,3
31127,0.000000,6513,9
31129,0.000000,3237,6
31131,0.393810,14474,11
31133,0.000000,2944,8
31135,5.838580,1747,4
31137,79.108516,7022,5
31139,30.100963,4259,5
31141,6.244615,26695,10
31143,37.378641,3090,4
31145,0.652418,8890,6
31147,12.023794,7901,11
31149,89.743590,780,2
31151,4.849789,12083,8
31153,0.721197,49917,13
31155,30.685305,14665,21
31157,0.000000,29302,12
31159,19.299529,12306,11
31161,0.000000,2930,3
31163,0.000000,1520,5
31165,0.000000,251,1
31167,40.096618,3933,4
31169,1.899441,3580,10
31171,0.000000,200,1
31175,0.000000,2592,3
31177,46.584755,17173,11
31179,0.000000,6873,4
31181,0.000000,2577,5
31183,0.000000,180,2
31185,6.272147,11288,9
32001,2.864215,14140,9
32003,1.166093,2355130,46
32005,7.334378,45948,24
32007,0.000000,47111,16
32009,0.000000,488,2
32011,0.000000,987,4
32013,0.856837,11204,7
32015,91.926182,4335,3
32017,0.000000,3660,5
32019,60.510254,49152,6
32021,11.854584,3796,4
32023,9.576912,26992,26
32025,0.337838,59200,3
32027,0.869263,5752,6
32029,0.000000,2730,2
32031,2.166864,483279,25
32033,0.000000,7969,7
33001,16.396712,37105,70
33003,22.652773,38194,110
33005,0.616441,48342,34
33007,6.891625,23797,19
33009,25.822281,69289,74
33011,1.663878,300623,74
33013,4.441912,89511,63
33015,9.987200,199215,200
33017,29.627579,92100,47
33019,36.695751,24526,15
34001,46.147432,390973,29
34003,5.960815,1143753,22
34005,12.999422,628351,49
34007,9.005044,545150,22
34009,7.616567,501407,25
34011,90.116581,98215,14
34013,54.738602,894557,21
34015,4.769433,253636,29
34017,3.392259,1228208,7
34019,0.345465,256466,26
34021,80.947927,302534,11
34023,29.781555,720503,16
34025,10.086456,658487,38
34027,16.030986,630479,63
34029,6.571116,1055148,57
34031,10.404596,697461,29
34033,4.264551,42865,15
34035,14.169163,320767,5
34037,38.908490,80494,61
34039,0.000000,995560,5
34041,0.263459,290747,24
35001,7.369313,641878,45
35003,23.654822,1970,9
35005,86.090380,63244,10
35006,31.244698,16502,9
35007,54.918924,22078,14
35009,3.388020,52420,9
35011,0.000000,2243,2
35013,29.471448,250439,45
35015,12.213319,61523,14
35017,11.510154,25951,17
35019,36.083409,4412,7
35021,65.699208,758,2
35023,92.969794,3741,4
35025,31.319017,65382,9
35027,12.002746,27677,21
35028,0.000000,25000,1
35029,12.436940,19426,5
35031,86.935741,26362,16
35033,72.945117,3881,15
35035,11.852142,66334,36
35037,4.122568,9921,8
35039,82.848421,26534,42
35041,22.740212,18619,6
35043,89.356289,129701,28
35045,60.997961,103010,16
35047,94.309851,20597,26
35049,78.085644,134907,44
35051,63.628739,10731,6
35053,23.080390,17751,7
35055,38.984414,19890,43
35057,84.067017,9132,18
35059,6.205522,3513,3
35061,43.472420,49873,18
36001,32.188526,302176,35
36003,18.010206,29983,23
36005,0.000000,8271000,1
36007,0.348773,165437,64
36009,7.907099,45769,51
36011,0.770802,51894,32
36013,11.704893,108869,54
36015,0.000000,81566,24
36017,0.000000,21175,29
36019,4.668146,55868,39
36021,2.458074,25223,50
36023,0.410059,34873,25
36025,8.082303,20947,34
36027,8.435790,199922,153
36029,0.044299,945839,44
36031,1.255426,34092,33
36033,18.688413,29430,14
36035,0.820644,32901,25
36037,1.720586,45624,16
36039,34.678441,28424,38
36041,8.460237,4728,7
36043,42.038809,37620,35
36045,29.043639,114507,55
36047,0.000000,8271000,1
36049,34.806822,11492,15
36051,5.685695,52764,28
36053,0.287419,27486,22
36055,95.616205,769151,5
36057,73.040153,34518,18
36059,30.498274,1354175,40
36061,0.000000,8271000,1
36063,0.000000,223670,20
36065,0.914723,194813,45
36067,33.019948,609047,25
36069,15.821896,89768,35
36071,9.780012,340746,138
36073,93.083203,564293,22
36075,0.350043,76562,42
36077,9.495269,29699,37
36079,8.111452,37182,101
36081,0.000000,8271000,1
36083,29.900463,113928,38
36085,0.000000,8271000,1
36087,1.196905,302781,19
36089,0.000000,63180,40
36091,3.283637,173253,74
36093,0.265041,143374,11
36095,43.836776,11812,16
36097,3.110011,6463,11
36099,1.498188,24830,26
36101,1.610303,51481,56
36103,2.557362,1368598,26
36105,0.427739,51667,69
36107,0.000000,24728,34
36109,0.246028,97550,50
36111,13.206771,97291,112
36113,1.343608,50610,24
36115,0.000000,31127,21
36117,0.046883,85319,19
36119,4.975193,1002735,89
36121,37.561997,21977,23
36123,0.000000,14124,12
37001,0.361336,125645,30
37003,0.000000,38018,8
37005,0.000000,3518,4
37007,5.923564,23837,8
37009,65.044839,5241,11
37011,38.100921,11732,18
37013,30.886613,50394,7
37015,2.657844,18135,5
37017,28.724995,35443,8
37019,18.909133,241936,8
37021,94.018672,194940,32
37023,13.713241,73316,17
37025,2.109548,153066,37
37027,8.741738,73681,12
37029,0.000000,9717,1
37031,37.237570,77497,30
37033,79.784259,2503,5
37035,0.923075,136067,82
37037,70.931667,47839,20
37039,55.452436,9913,7
37041,100.000000,17222,2
37043,76.488906,2569,5
37045,19.803259,105316,7
37047,35.605073,31459,15
37049,37.513164,125340,12
37051,5.269751,355216,31
37053,66.611456,36225,7
37055,0.000000,49550,7
37057,0.000000,212681,6
37059,99.791127,37822,3
37061,21.595246,41398,13
37063,0.090405,337370,21
37065,88.558106,30668,8
37067,0.000000,395703,15
37069,69.006126,42118,20
37071,18.337582,191432,143
37073,0.000000,11621,1
37075,0.000000,4702,6
37077,1.578892,28501,8
37079,8.159455,18212,8
37081,25.649516,471120,92
37083,0.402952,44174,8
37085,10.772662,159190,9
37087,82.486337,49036,10
37089,1.136565,84729,35
37091,21.592148,20174,8
37093,64.001145,59388,7
37095,0.000000,6156,2
37097,49.785641,136220,55
37099,34.548907,25804,37
37101,13.780319,214429,47
37103,7.931226,10818,3
37105,95.663650,55692,6
37107,0.000000,61618,7
37109,73.744899,67385,11
37111,84.557552,15030,22
37113,81.981687,21406,29
37115,0.000000,7138,4
37117,90.365469,15870,8
37119,0.005431,1178507,30
37121,10.827360,6696,5
37123,90.424238,29606,10
37125,31.044758,98999,27
37127,10.580187,77768,16
37129,2.615271,244143,16
37131,73.981976,17976,14
37133,73.761237,286778,17
37135,8.444902,113607,29
37137,94.538724,20801,2
37139,0.000000,43187,4
37141,90.456158,56099,11
37143,100.000000,14656,3
37145,0.000000,13246,2
37147,28.304191,172773,14
37149,72.857534,10957,7
37151,57.591124,56599,32
37153,52.738995,47773,4
37155,32.579703,110974,12
37157,60.955297,54873,35
37159,85.703107,121404,41
37161,8.456567,49973,15
37163,0.965548,36456,16
37165,3.884081,24845,8
37167,13.493583,49090,13
37169,0.396376,26490,7
37171,19.763183,23478,36
37173,4.853621,5192,6
37175,11.259725,18766,20
37177,78.097345,4068,2
37179,19.503903,220884,6
37181,8.529457,19673,8
37183,20.520093,1144488,327
37185,7.247763,17771,14
37187,95.020066,10964,4
37189,31.527010,41041,27
37191,49.057012,124816,11
37193,71.275203,45828,10
37195,3.116473,67063,11
37197,40.012631,11084,12
37199,0.000000,5383,3
38001,0.000000,1388,2
38003,0.000000,12391,9
38005,9.226714,1138,4
38007,0.000000,112,1
38009,2.915811,4870,8
38011,0.000000,1920,3
38013,6.021898,1096,6
38015,0.000000,92424,10
38017,0.170878,176734,26
38019,0.000000,4570,5
38021,30.095674,4808,7
38023,2.240717,1562,3
38025,0.000000,1475,6
38027,0.000000,1595,2
38029,0.000000,5867,6
38031,0.000000,2611,3
38033,0.000000,1098,3
38035,0.000000,69757,8
38037,0.000000,1156,3
38039,0.000000,3503,5
38041,0.000000,1481,3
38043,0.000000,832,3
38045,0.000000,2192,8
38047,0.000000,1102,2
38049,20.907900,2291,6
38051,0.000000,1867,4
38053,0.272758,11732,6
38055,3.644299,9165,12
38057,0.000000,10545,7
38059,0.000000,29696,12
38061,0.000000,1436,4
38063,0.000000,4204,6
38065,0.000000,588,1
38067,0.000000,7930,8
38069,0.000000,3994,3
38071,0.000000,12603,3
38073,0.000000,4835,5
38075,0.000000,1405,3
38077,0.000000,15446,13
38079,21.786922,3548,5
38081,5.038937,2183,5
38083,20.502092,478,2
38087,0.000000,136,1
38089,0.000000,36446,7
38091,0.000000,799,3
38093,0.746405,21838,8
38095,0.000000,1335,3
38097,0.000000,7644,5
38099,0.000000,9291,4
38101,0.000000,65645,13
38103,0.709922,6057,6
38105,0.683341,37463,12
39001,16.817757,30997,6
39003,77.677684,84476,8
39005,10.259498,25742,10
39007,0.940106,79991,11
39009,13.348614,75476,13
39011,33.239795,30647,8
39013,54.707536,61529,14
39015,5.744931,47642,7
39017,0.000000,376350,12
39019,62.374678,6982,6
39021,61.056793,18717,12
39023,1.646771,92484,27
39025,1.407694,186120,9
39027,12.203713,21010,5
39029,18.713125,59322,17
39031,0.308135,14604,7
39033,83.091526,27708,4
39035,0.000000,1399598,7
39037,14.276574,25006,11
39039,82.648887,25422,9
39041,0.000000,195093,3
39043,0.000000,80340,12
39045,2.059260,93723,21
39047,5.484549,24724,7
39049,0.968713,1492908,31
39051,74.275708,25128,9
39053,0.000000,28959,3
39055,5.388801,22788,32
39057,5.569631,170119,18
39059,48.363687,28937,6
39061,0.528920,829237,12
39063,3.542027,59034,8
39065,62.360105,18228,8
39067,48.889952,10450,15
39069,11.527186,15008,10
39071,0.000000,42501,5
39073,10.785502,9077,7
39075,25.838387,11212,11
39077,17.987136,65608,14
39079,29.328121,35304,6
39081,39.286095,56338,18
39083,0.000000,31263,10
39085,0.000000,228741,6
39087,31.533361,61075,6
39089,7.307354,112681,22
39091,72.042433,22341,16
39093,3.336872,329650,16
39095,84.115884,427981,8
39097,48.413871,31807,17
39099,0.051102,207429,11
39101,0.000000,48290,4
39103,2.173090,108325,14
39105,43.548444,28497,6
39107,0.449703,22904,9
39109,0.594095,93756,15
39111,51.917316,13352,6
39113,2.007100,509292,23
39115,11.158715,5135,8
39117,0.000000,7576,5
39119,9.769752,69664,11
39121,19.858156,11421,6
39123,20.504403,44171,10
39125,56.179484,7711,6
39127,42.756210,27175,21
39129,18.319726,41398,20
39131,0.000000,24825,8
39133,10.653876,100386,32
39135,16.256297,21241,12
39137,35.804846,15065,10
39139,56.744222,90559,48
39141,14.413379,69602,7
39143,0.332657,30061,7
39145,0.000000,83235,17
39147,5.019512,39207,11
39149,70.772822,29127,16
39151,8.353423,287882,38
39153,85.417724,439273,31
39155,5.342184,151848,26
39157,7.017177,62233,14
39159,7.675400,28663,4
39161,82.533744,13632,5
39163,11.076923,3250,3
39165,4.457203,205869,17
39167,14.432025,60927,15
39169,5.477612,58803,32
39171,21.273171,21741,13
39173,18.116167,109532,20
39175,0.000000,12048,4
40001,62.564453,13188,9
40003,28.789924,4446,9
40005,100.000000,10995,8
40007,26.565395,2699,5
40009,13.124178,20527,9
40011,72.003708,7551,8
40013,93.900838,39612,13
40015,92.436004,21642,15
40017,66.349831,70594,13
40019,93.881277,47657,8
40021,80.815227,33782,24
40023,96.406014,11241,9
40025,82.480534,1798,2
40027,81.019811,206352,15
40029,94.542736,4013,8
40031,9.251377,137212,23
40033,100.000000,7167,5
40035,77.741525,18083,10
40037,84.974796,65663,16
40039,43.025098,23986,11
40041,73.545951,24896,26
40043,47.954111,2615,6
40045,65.316760,2494,5
40047,82.814910,62240,21
40049,66.745863,23570,13
40051,90.874834,33172,17
40053,86.112469,4090,10
40055,79.901795,5906,7
40057,62.853970,3602,3
40059,0.000000,2495,3
40061,100.000000,6855,4
40063,61.289808,12529,9
40065,95.411745,29205,11
40067,90.715667,12925,6
40069,66.932271,9789,10
40071,32.343953,45483,12
40073,90.295776,10109,8
40075,46.343669,7740,9
40077,100.000000,8443,6
40079,85.083880,46614,20
40081,69.312557,16365,13
40083,42.674772,26320,14
40085,0.000000,5276,4
40087,28.939487,24375,12
40089,74.727329,28881,13
40091,100.000000,19184,11
40093,91.228796,4834,6
40095,100.000000,25259,7
40097,58.494992,44332,20
40099,38.146602,21323,7
40101,92.988968,67893,18
40103,73.959849,10311,10
40105,84.502207,10195,12
40107,100.000000,9630,6
40109,7.138235,879321,40
40111,100.000000,45674,15
40113,44.017836,33416,27
40115,38.080560,24007,15
40117,72.571256,13227,13
40119,89.086300,86790,12
40121,100.000000,50811,22
40123,74.179437,36804,10
40125,88.522132,48685,15
40127,82.990605,11282,7
40129,68.291716,2523,5
40131,68.030956,75204,15
40133,54.116349,16313,11
40135,82.901748,40162,14
40137,93.280167,38245,6
40139,69.644411,18392,11
40141,100.000000,8179,7
40143,7.184630,666353,15
40145,92.946857,60271,13
40147,96.990720,45692,11
40149,85.975336,8920,10
40151,91.527927,7448,7
40153,97.149493,18944,9
41001,1.683363,12178,9
41003,2.024893,69337,14
41005,17.561550,364051,84
41007,2.498682,39821,21
41009,27.822677,37739,37
41011,2.075066,48384,23
41013,3.919739,15001,18
41015,45.799377,16688,12
41017,0.591222,189438,68
41019,20.297965,84708,37
41021,0.000000,1403,3
41023,18.260463,4277,8
41025,59.934138,4555,4
41027,6.488233,22903,6
41029,0.819190,181765,69
41031,0.000000,19925,4
41033,1.361343,42605,35
41035,4.934076,48844,29
41037,67.447562,3671,3
41039,2.666374,301008,72
41041,2.365898,58836,32
41043,4.773963,104253,40
41045,1.930425,20151,8
41047,4.180999,336642,75
41049,4.283278,9969,8
41051,1.234262,846579,25
41053,5.289377,51991,12
41055,36.392405,1264,4
41057,18.364225,28109,35
41059,0.666078,62305,34
41061,0.000000,20152,10
41063,0.000000,4829,5
41065,27.564711,22137,20
41067,0.414664,585293,28
41069,0.000000,747,3
41071,4.959753,86093,38
42001,0.991722,48199,35
42003,15.766923,1945351,39
42005,11.318128,45246,22
42007,30.094997,165795,30
42009,25.570266,18807,25
42011,42.827122,304550,77
42013,62.954226,99620,25
42015,17.554001,29583,22
42017,15.865878,550395,70
42019,31.677195,137569,40
42021,46.147985,136500,36
42023,0.000000,3558,2
42025,17.234306,44365,29
42027,7.794788,175643,43
42029,9.155507,257255,67
42031,20.699939,22802,14
42033,7.453639,55758,18
42035,12.893877,29673,16
42037,4.160373,52303,18
42039,2.781914,40296,44
42041,1.424550,232354,27
42043,1.625464,263371,28
42045,0.131955,148535,5
42047,11.537585,30717,8
42049,5.422665,292974,41
42051,61.620608,253300,19
42053,0.000000,5380,3
42055,4.272752,112527,30
42057,0.000000,2371,3
42059,9.150327,45900,3
42061,23.510665,31692,21
42063,9.578881,48941,17
42065,2.222631,27175,11
42067,4.851444,9626,13
42069,1.275207,159974,33
42071,47.931898,340723,98
42073,2.620618,69144,18
42075,0.041255,84839,30
42077,7.150562,258637,42
42079,3.700075,271535,74
42081,5.114219,79015,32
42083,56.384077,33889,17
42085,7.772093,85614,33
42087,0.000000,30887,6
42089,23.420700,93285,68
42091,69.648074,1233724,38
42093,0.000000,5242,2
42095,3.300032,314300,46
42097,13.288241,86490,11
42099,21.092591,11459,25
42101,0.000000,1600000,1
42103,33.124822,42044,42
42105,24.102726,9501,9
42107,14.392363,118681,40
42109,3.562884,19226,16
42111,0.574262,54853,34
42113,34.000000,1250,4
42115,4.740013,12616,22
42117,2.839894,25177,22
42119,7.453525,5702,6
42121,4.131855,37344,25
42123,10.507659,23697,15
42125,95.537614,43721,9
42127,16.267844,24238,40
42129,11.834780,254521,17
42131,8.951730,15807,30
42133,59.516839,351808,45
44001,0.000000,49445,3
44003,0.000000,180219,9
44005,22.703450,87577,13
44007,0.696338,603299,27
44009,26.942068,145412,37
45001,59.767493,13591,4
45003,1.077507,145057,25
45005,0.000000,8783,4
45007,0.000000,206331,34
45009,43.570273,8033,4
45011,0.000000,10536,5
45013,75.917006,221318,15
45015,0.097107,163737,14
45017,0.000000,5670,3
45019,0.071238,477276,15
45021,20.291273,55206,6
45023,0.000000,15668,1
45025,14.288619,44266,9
45027,0.000000,15835,9
45029,0.565034,18229,7
45031,0.000000,69175,4
45033,0.000000,28330,4
45035,0.000000,162361,20
45037,0.000000,29248,2
45039,12.192790,20914,7
45041,0.000000,99970,7
45043,16.607798,73610,11
45045,0.000000,524853,8
45047,0.058159,58460,7
45049,0.000000,11102,8
45051,4.052944,422483,10
45053,0.000000,2879,3
45055,0.000000,73985,5
45057,0.000000,96720,5
45059,0.058992,67806,5
45061,0.000000,4183,2
45063,6.614217,177693,85
45065,100.000000,10249,2
45067,0.000000,34268,4
45069,0.000000,21313,5
45071,9.919118,24851,5
45073,0.833181,98778,20
45075,0.000000,64799,16
45077,8.121454,126369,20
45079,90.333851,392421,30
45081,35.371452,9584,5
45083,0.000000,354086,7
45085,0.284913,88799,19
45087,29.655998,31744,8
45089,56.863395,18096,7
45091,25.464292,206497,66
46003,0.000000,7697,5
46005,0.610344,15565,8
46007,0.000000,1500,1
46009,12.279748,18388,7
46011,0.000000,47064,13
46013,48.105333,58823,22
46015,9.435830,6062,4
46017,0.000000,2750,1
46019,1.280410,9372,12
46021,1.944380,21395,3
46023,0.000000,10052,6
46025,0.000000,8353,8
46027,1.607174,17173,4
46029,0.704070,36360,9
46031,6.464924,727,3
46033,7.613580,4006,11
46035,0.000000,25352,6
46037,0.894493,32197,10
46039,2.010387,11938,4
46041,57.142857,7000,5
46043,0.000000,21172,8
46045,0.809544,23470,7
46047,0.937545,6933,11
46049,0.000000,21954,7
46051,1.030815,9119,5
46053,0.000000,7020,5
46055,0.000000,879,2
46057,7.909187,9470,7
46059,0.000000,13550,4
46061,3.787790,17134,4
46063,0.000000,346,1
46065,0.000000,26989,5
46067,7.501197,20890,6
46069,0.000000,12515,2
46071,0.000000,543,1
46073,23.204563,3857,3
46075,0.000000,6365,3
46077,0.000000,5786,7
46079,0.000000,15582,6
46081,1.970010,22741,41
46083,1.907141,49236,9
46085,0.000000,10708,5
46087,0.000000,36806,9
46089,1.972996,21997,3
46091,0.000000,28557,9
46093,7.483756,25856,46
46095,9.883182,5393,2
46097,9.498399,937,2
46099,0.122746,260702,15
46101,25.231358,9401,7
46103,12.901045,121308,67
46105,0.000000,1936,3
46107,0.000000,22294,4
46109,3.133159,9192,9
46111,0.000000,4460,4
46113,0.000000,1398,2
46115,0.977924,24235,11
46117,0.000000,9448,3
46119,0.000000,12491,2
46121,0.000000,4860,1
46123,3.985686,8104,3
46125,2.955915,27538,10
46127,0.000000,23997,9
46129,0.000000,24777,4
46135,0.527165,30351,10
46137,0.000000,2715,2
47001,0.000000,90175,5
47003,38.370591,66564,5
47005,0.000000,11933,3
47007,49.761905,10920,2
47009,34.023308,158315,6
47011,0.000000,116194,3
47013,0.000000,45233,5
47015,0.000000,11434,1
47017,0.000000,20000,9
47019,15.528193,58880,9
47021,0.000000,41938,4
47023,0.000000,8924,1
47025,1.155794,29417,5
47027,41.870341,10597,2
47029,0.000000,34925,1
47031,0.000000,67431,5
47033,0.000000,17355,6
47035,0.000000,74167,4
47037,0.000000,924874,3
47039,0.000000,14082,5
47041,36.250717,29627,5
47043,0.000000,79709,3
47045,0.000000,36378,5
47047,0.000000,26680,7
47049,70.243109,23981,3
47051,0.000000,53050,8
47053,0.000000,42348,13
47055,52.377146,36283,6
47057,0.000000,12480,2
47059,6.751807,83000,7
47061,51.799958,19056,3
47063,0.000000,84926,4
47065,0.000000,409735,8
47067,0.000000,3044,1
47069,0.000000,14958,11
47071,24.307429,30394,5
47073,5.598548,47941,8
47075,0.000000,15151,3
47077,0.000000,32035,3
47079,0.000000,24393,7
47081,0.000000,25573,3
47083,0.000000,12408,2
47085,0.000000,15825,3
47087,35.499366,11034,5
47089,0.000000,54889,5
47091,0.000000,11036,3
47093,0.000000,601594,6
47095,43.939394,4686,2
47097,0.000000,27564,6
47099,0.000000,47323,10
47101,0.000000,12685,2
47103,0.000000,41182,4
47105,0.000000,64703,3
47107,0.000000,53926,6
47109,0.000000,36607,5
47111,0.000000,27601,2
47113,0.000000,91279,2
47115,0.000000,28049,7
47117,0.000000,41252,3
47119,0.000000,183859,4
47121,0.000000,6451,1
47123,0.501365,51659,6
47125,13.472014,345301,7
47127,0.000000,8184,2
47129,0.000000,12074,1
47131,0.000000,31694,10
47133,0.000000,33392,4
47135,0.000000,14320,2
47137,100.000000,8658,1
47139,0.000000,6676,4
47141,0.000000,102884,9
47143,52.285526,51498,7
47145,34.636496,68500,7
47147,14.867825,61623,3
47149,26.234259,435808,4
47151,0.000000,24116,2
47153,0.000000,13789,3
47155,0.000000,74634,12
47157,0.000000,822274,6
47159,23.970569,23241,7
47161,55.063291,12008,7
47163,0.000000,192876,8
47165,0.000000,301684,6
47167,0.000000,69938,7
47169,100.000000,10562,1
47171,0.000000,16763,2
47173,41.941789,18931,4
47175,100.000000,6022,1
47177,43.305561,67093,3
47179,23.941184,138126,2
47181,32.326569,12714,4
47183,0.000000,20477,5
47185,0.000000,39317,5
47187,30.714709,251417,7
47189,10.822211,209569,7
48001,65.435543,84963,24
48003,100.000000,14331,2
48005,25.865163,102524,21
48007,73.922782,18752,9
48009,11.420496,9553,7
48011,89.655172,1450,2
48013,31.060000,45000,8
48015,34.678772,20266,21
48017,0.578258,5188,2
48019,10.404587,15522,25
48021,11.035347,130816,21
48023,0.000000,5414,2
48025,95.987931,21211,7
48027,4.213414,428275,26
48029,2.194196,2883061,39
48031,40.832396,8001,7
48033,100.000000,275,1
48035,15.974283,20220,26
48037,11.809999,93768,17
48039,7.721965,367795,159
48041,0.391078,295082,11
48043,10.842533,8605,6
48045,100.000000,1150,4
48047,100.000000,4698,2
48049,7.161769,46455,7
48051,41.590596,15994,20
48053,47.341206,40225,37
48055,34.255812,47011,5
48057,87.587621,20971,12
48059,93.356769,13939,5
48061,4.305293,438019,20
48063,69.626913,18816,7
48065,22.731660,4144,4
48067,58.316772,23146,14
48069,24.828884,5844,4
48071,33.075168,49968,30
48073,55.765756,57564,27
48075,93.167785,7450,7
48077,47.182938,8768,8
48079,2.984344,2044,3
48081,57.769726,2484,4
48083,60.368755,10088,3
48085,3.465594,1269941,35
48087,93.831305,2383,4
48089,6.038324,13464,14
48091,23.606633,220222,31
48093,100.000000,10950,6
48095,66.198980,6272,3
48097,16.158738,42460,19
48099,10.318349,75923,13
48101,100.000000,1165,2
48103,100.000000,3996,1
48105,0.000000,3800,1
48107,81.337737,4844,5
48109,98.331745,2098,2
48111,5.147059,8704,2
48113,1.749333,3006289,33
48115,5.430040,10313,4
48117,100.000000,16298,2
48119,29.436095,7253,4
48121,0.383905,808794,86
48123,1.884676,17828,4
48125,0.000000,1356,4
48127,18.136685,9467,7
48129,79.536813,2893,4
48131,98.387617,12404,6
48133,95.148912,20717,12
48135,0.548655,142895,8
48137,14.374034,1941,2
48139,5.928437,250184,32
48141,0.779219,957112,22
48143,16.297250,31852,18
48145,79.269916,19532,10
48147,4.982098,42733,21
48149,69.998968,19386,9
48151,100.000000,4546,4
48153,1.233654,4053,3
48155,100.000000,1357,3
48157,1.553128,878099,172
48159,0.000000,18457,4
48161,38.640659,26454,20
48163,32.061121,14594,4
48165,100.000000,10103,3
48167,17.570063,425616,25
48169,100.000000,5687,2
48171,10.588000,15017,17
48173,0.000000,450,1
48175,61.283345,2774,4
48177,1.943478,23566,7
48179,6.865716,20129,5
48181,7.608919,155436,39
48183,19.117265,146250,16
48185,58.344500,23135,18
48187,32.999441,207352,14
48189,8.378498,29337,12
48191,84.073507,3265,7
48193,67.735143,4274,2
48195,2.271695,4402,3
48197,88.255613,4053,7
48199,2.504909,62637,21
48201,52.724992,5897137,700
48203,51.232096,70165,26
48205,58.593750,640,2
48207,75.480142,5363,8
48209,38.616673,292252,52
48211,0.000000,2300,1
48213,29.487790,130220,62
48215,43.756961,923012,25
48217,34.742679,51395,37
48219,91.966879,16183,7
48221,28.501161,68920,51
48223,44.117777,45340,14
48225,57.666563,28833,9
48227,100.000000,31062,3
48229,33.042394,6416,6
48231,16.259675,133336,30
48233,11.010830,22160,7
48235,16.111708,931,2
48237,16.628745,5274,3
48239,24.089069,12350,11
48241,30.264850,31112,19
48243,13.203614,1439,4
48245,42.447857,253822,17
48247,100.000000,5397,1
48249,14.221444,25117,7
48251,2.304999,233319,57
48253,15.583665,17313,6
48255,100.000000,19007,5
48257,17.056483,217624,32
48259,81.290546,37457,16
48261,86.718750,256,2
48263,100.000000,738,2
48265,51.834998,50763,74
48267,96.670247,2793,2
48269,100.000000,291,1
48271,0.000000,3620,3
48273,12.695055,32619,9
48275,36.850394,3810,8
48277,11.038852,59354,9
48279,21.684995,11003,8
48281,38.202678,28676,4
48283,81.638534,7287,4
48285,0.000000,5717,3
48287,42.605714,26250,6
48289,79.053873,22386,15
48291,3.074416,102491,67
48293,89.726578,24870,19
48295,27.916993,2554,4
48297,1.262323,8318,6
48299,38.225210,37041,20
48301,100.000000,165,1
48303,2.030385,302258,30
48305,31.669907,4629,5
48307,100.000000,6321,6
48309,4.645168,285910,54
48311,100.000000,918,2
48313,25.422925,12650,6
48315,57.758695,11645,9
48317,1.991885,2711,2
48319,100.000000,2228,1
48321,81.434160,36551,26
48323,3.003534,56600,2
48325,18.266301,86301,29
48327,0.000000,1471,1
48329,98.489668,167248,15
48331,31.041840,33748,11
48333,86.944182,2114,3
48335,53.626819,8382,5
48337,21.132075,12720,10
48339,9.340556,753317,325
48341,10.176446,19496,6
48343,33.970014,9738,5
48345,25.704225,852,3
48347,10.582119,83282,16
48349,10.579164,68219,22
48351,50.589302,9927,8
48353,24.961470,16870,4
48355,9.726773,368704,12
48357,1.849283,8652,3
48359,7.439446,1734,4
48361,59.587634,73527,29
48363,91.272244,40629,13
48365,77.081280,23339,18
48367,37.958191,117200,76
48369,59.851024,8055,4
48371,74.442793,14133,5
48373,32.970513,62841,55
48375,0.038151,201828,4
48377,76.330421,7554,5
48379,99.326957,14115,6
48381,15.002303,19537,15
48383,0.000000,2965,1
48385,32.891731,4378,8
48387,40.878684,16593,7
48389,3.211783,15412,4
48391,27.069439,5098,5
48393,0.000000,494,1
48395,0.000000,15178,10
48397,25.266299,135374,7
48399,72.554078,10078,5
48401,70.010929,54900,33
48403,68.885612,18988,10
48405,75.335668,6852,15
48407,36.314601,31888,31
48409,86.803549,67844,14
48411,36.168062,6926,5
48413,0.000000,1574,1
48415,5.373795,12654,4
48417,65.596586,5389,3
48419,42.878462,27473,20
48421,13.473054,2338,3
48423,47.010066,274588,37
48425,46.389847,8116,8
48427,95.613063,69479,9
48429,52.888087,11080,3
48431,0.000000,888,1
48433,100.000000,956,3
48435,100.000000,2766,1
48437,19.574399,6156,3
48439,1.322036,2120290,76
48441,8.620098,171831,14
48443,100.000000,800,1
48445,8.386277,9444,3
48447,100.000000,728,1
48449,0.000000,35204,5
48451,98.804350,123782,17
48453,83.156081,1538300,87
48455,51.313526,21507,17
48457,42.549730,21516,18
48459,27.086432,39673,13
48461,100.000000,1877,2
48463,18.425233,26442,10
48465,1.650831,44099,14
48467,18.662048,55428,21
48469,7.371257,73868,13
48471,16.449558,69704,21
48473,30.573134,55467,38
48475,6.726457,11150,6
48477,10.652233,25957,10
48479,99.980223,273041,7
48481,2.107790,26663,13
48483,94.017299,4162,4
48485,7.976815,149922,9
48487,93.734827,12769,8
48489,16.387837,16378,4
48491,28.256590,701493,37
48493,21.711040,57579,16
48495,100.000000,7547,2
48497,46.703025,42539,43
48499,1.472978,67075,19
48501,19.766594,6855,2
48503,61.148173,21286,6
48505,88.946631,17126,4
48507,10.742525,11003,4
49001,0.000000,5815,4
49003,2.129786,61039,34
49005,1.043733,129056,24
49007,7.376345,19793,5
49009,0.000000,1349,4
49011,9.986589,396682,19
49013,41.799681,20048,13
49015,0.578089,10725,11
49017,6.498722,5478,12
49019,2.795145,13595,6
49021,67.616550,59095,28
49023,0.000000,12224,5
49025,6.050238,11983,13
49027,13.878217,10412,16
49029,0.848630,10841,11
49031,16.368835,1399,6
49033,34.065421,2140,9
49035,3.952319,1453653,38
49037,51.808786,7740,10
49039,10.329119,28318,19
49041,2.196884,20347,16
49043,1.855823,40575,26
49045,0.000000,71602,13
49047,0.000000,32604,9
49049,5.403647,748661,42
49051,2.295290,40997,21
49053,1.615326,225713,36
49055,6.695157,3510,9
49057,2.719311,268340,31
50001,0.000000,21775,9
50003,0.692030,30779,31
50005,3.712188,14843,20
50007,0.083505,143704,48
50009,0.000000,3566,9
50011,47.968516,22742,22
50013,4.195217,7151,7
50015,1.437991,14256,23
50017,2.899860,9966,20
50019,25.302164,20105,24
50021,2.309248,45989,54
50023,14.954800,48894,43
50025,18.384761,36329,48
50027,4.966339,45305,47
51001,16.584484,12168,12
51003,0.000000,93125,17
51005,29.755612,13053,10
51007,0.000000,3100,1
51009,0.407024,17198,4
51011,0.000000,1961,2
51013,0.000000,216352,2
51015,0.000000,43032,20
51017,0.000000,5514,7
51019,0.000000,41541,18
51021,0.000000,2266,4
51023,0.556208,12765,28
51025,89.846379,6835,10
51027,99.082661,19949,5
51029,97.099983,5931,3
51031,0.000000,30941,12
51033,6.712030,18370,17
51035,0.000000,13920,12
51036,50.669915,821,5
51037,22.785531,3511,4
51041,0.000000,390317,2
51043,73.792232,6334,5
51045,100.000000,1238,1
51047,0.215975,27781,34
51049,0.000000,2060,2
51051,84.125196,15975,18
51053,0.460938,8461,6
51057,0.000000,3400,10
51059,0.000000,1212901,5
51061,0.441855,36211,22
51063,93.686354,2455,3
51065,0.000000,17118,8
51067,1.073817,16297,27
51069,0.000000,53009,7
51071,12.688914,9859,16
51073,1.877515,11185,4
51075,0.000000,12244,9
51077,0.756201,3306,8
51079,97.298271,11104,4
51081,0.000000,7226,2
51083,0.000000,10780,5
51085,0.000000,67258,18
51087,0.000000,330000,1
51089,0.000000,30383,9
51091,0.000000,415,2
51093,1.445927,23376,23
51095,0.000000,59082,11
51097,0.000000,340,3
51099,2.418081,24689,20
51101,0.000000,7528,11
51103,0.000000,7087,28
51105,9.507287,18733,15
51107,0.070923,424405,19
51109,48.746857,12329,11
51111,57.575758,3300,2
51113,46.894866,2045,10
51115,20.370370,432,6
51117,0.000000,15744,23
51119,10.141988,3944,11
51121,0.000000,72361,15
51125,7.884187,11225,7
51127,0.000000,18674,18
51131,0.000000,6615,10
51133,0.489939,5715,38
51135,94.812742,9292,4
51137,63.792772,20808,6
51139,34.848863,12009,8
51141,0.000000,2200,3
51143,17.727897,15281,19
51145,0.000000,5131,5
51147,0.000000,9239,2
51149,0.000000,40153,9
51153,4.652962,408342,11
51155,36.257928,26488,10
51157,100.000000,198,1
51159,0.000000,3708,7
51161,0.000000,1353,6
51163,0.000000,7912,8
51165,3.996593,45789,20
51167,0.000000,18476,14
51169,8.362720,15880,13
51171,53.204618,25120,15
51173,0.000000,25150,14
51175,14.899049,8618,19
51177,2.551424,98494,4
51179,0.000000,123894,3
51181,0.000000,1449,6
51183,0.000000,7371,5
51185,0.000000,32758,18
51187,0.932222,18236,10
51191,0.000000,48087,5
51193,0.000000,14008,23
51195,29.429829,39076,8
51197,53.787416,16370,4
51199,0.000000,7791,7
53001,1.387745,15781,30
53003,0.000000,24461,2
53005,1.072323,275197,44
53007,0.209871,108638,46
53009,1.284326,80587,63
53011,0.491043,638233,25
53013,0.000000,3521,2
53015,0.000000,115365,31
53017,0.000000,36708,18
53019,27.440706,3626,11
53021,1.497274,126029,31
53023,2.437373,1477,3
53025,7.874618,90252,81
53027,6.673926,82650,35
53029,5.559064,91832,234
53031,1.539640,40464,24
53033,0.341509,3260526,156
53035,0.365223,329388,150
53037,0.078482,35677,37
53039,24.404406,16706,23
53041,2.812623,65846,51
53043,0.000000,8960,16
53045,0.299908,56684,120
53047,4.223000,31139,43
53049,8.398187,31995,17
53051,0.000000,9267,15
53053,0.152529,1140767,228
53055,3.250228,15322,41
53057,0.999529,152872,39
53059,0.907359,11021,13
53061,0.045086,1026929,119
53063,0.333118,609094,87
53065,1.496580,28799,33
53067,0.614747,367956,196
53069,0.000000,3614,4
53071,1.499023,66043,33
53073,8.651162,248221,102
53075,0.000000,64679,19
53077,4.854263,247947,89
54001,23.496652,15083,9
54003,0.409357,94050,13
54007,28.914265,11209,5
54009,61.604569,36770,8
54011,0.000000,104093,2
54013,100.000000,3911,3
54015,23.267233,5295,5
54017,0.000000,1943,2
54019,25.368039,37496,8
54021,0.000000,5481,6
54023,17.914577,11566,5
54025,80.536176,28237,11
54027,44.775893,6604,7
54029,72.820476,13753,6
54031,10.015252,7868,10
54033,27.340692,62599,21
54035,22.488081,22443,6
54037,57.491878,30780,13
54039,6.193607,223101,3
54041,0.000000,15974,2
54043,100.000000,11998,5
54045,86.770599,34189,10
54047,81.265805,14631,20
54049,8.014540,57770,27
54051,21.704542,28911,9
54053,60.582715,24403,11
54055,27.674678,31415,8
54057,4.189958,20215,10
54059,99.582763,15339,13
54061,9.725597,81887,6
54063,88.460953,6569,3
54065,10.810811,4847,9
54067,51.679482,24710,7
54069,68.170443,44754,10
54071,0.000000,3097,6
54073,0.000000,6071,3
54075,50.212373,5415,6
54077,21.300143,29366,13
54079,0.000000,35475,3
54081,26.997211,72063,13
54083,25.682407,25095,11
54085,59.978610,4675,5
54087,32.408970,8294,4
54089,6.161008,21912,2
54091,8.366366,16650,5
54093,73.239690,5553,6
54095,44.955173,7027,4
54097,0.000000,21873,7
54099,31.969789,33100,8
54101,100.000000,3679,3
54103,29.761814,13141,6
54105,0.000000,2289,1
54107,46.818017,85277,8
54109,99.683590,13906,7
55001,0.998535,7511,11
55003,84.399837,9814,5
55005,3.641853,21198,14
55007,66.774867,4313,6
55009,20.585698,238792,22
55011,9.338037,4819,7
55013,8.280255,3454,5
55015,39.079715,21602,10
55017,33.107957,31355,11
55019,24.858025,10037,13
55021,42.170595,38266,26
55023,14.709763,9096,9
55025,76.161710,491323,46
55027,30.191571,52200,24
55029,0.000000,11199,7
55031,99.532128,26503,4
55033,9.098619,21223,14
55035,14.867422,85610,16
55037,2.343750,1280,2
55039,89.622685,65595,17
55041,80.935435,3934,5
55043,18.406971,34199,28
55045,17.457330,23377,10
55047,23.547301,9207,6
55049,45.760958,13529,15
55051,36.167228,3564,5
55053,52.057793,9136,11
55055,29.336470,61640,27
55057,64.000654,12228,15
55059,10.243675,117985,37
55061,32.108230,8870,4
55063,12.082930,91981,21
55065,54.384625,7857,9
55067,96.965386,8436,3
55069,97.271232,13376,5
55071,26.289407,57255,14
55073,21.446788,92536,23
55075,6.736268,19061,9
55077,87.722772,1515,5
55079,3.398795,944570,18
55081,31.506478,33190,11
55083,84.796008,10221,10
55085,95.640532,11951,11
55087,15.122177,174664,19
55089,5.786520,64512,48
55091,29.737609,2744,3
55093,72.573051,26762,11
55095,40.499368,15820,12
55097,2.523908,44336,10
55099,27.746299,5471,5
55101,21.989463,152232,13
55103,80.351076,7064,6
55105,5.588458,125455,20
55107,21.223317,4872,8
55109,49.015774,45010,18
55111,15.121470,40545,25
55113,17.405879,3878,10
55115,8.264018,20438,11
55117,0.745789,88631,17
55119,25.594319,6478,7
55121,14.466568,16825,14
55123,51.679222,12744,14
55125,61.797753,3204,12
55127,14.327257,70495,30
55129,19.391713,4899,6
55131,38.432074,87721,15
55133,51.850213,248566,73
55135,42.104227,25406,12
55137,6.661367,6290,8
55139,19.468656,140888,11
55141,0.211707,45818,13
56001,1.076009,34851,10
56003,5.033520,9099,15
56005,1.021922,48536,45
56007,72.480620,13674,11
56009,23.805387,10359,8
56011,31.064828,3409,7
56013,92.579412,22761,21
56015,2.177068,8957,10
56017,2.677050,4109,7
56019,90.907221,4861,4
56021,1.865036,85682,19
56023,58.857860,15935,28
56025,6.028239,76772,25
56027,2.619325,1718,3
56029,1.210960,27664,11
56031,69.631902,5542,6
56033,2.632388,26022,6
56035,23.808283,3839,5
56037,3.821260,46660,26
56039,17.948235,53125,37
56041,11.315647,18470,6
56043,0.000000,6202,4
56045,5.583509,6161,9
72001,19.914912,13633,17
72003,99.814516,128313,9
72005,100.000000,125882,2
72007,100.000000,17732,11
72009,2.605660,24063,6
72011,100.000000,160586,5
72013,54.389594,118929,10
72015,100.000000,37076,1
72017,0.000000,18815,2
72019,88.610169,22125,13
72021,99.542411,1089623,3
72023,0.000000,20356,1
72025,45.536872,87898,20
72027,0.000000,13329,2
72029,100.000000,1837,2
72031,96.969697,825,2
72035,96.573823,60388,8
72037,100.000000,414,1
72039,2.225303,13706,5
72041,3.401055,35636,4
72043,19.850252,5743,5
72045,100.000000,16971,6
72047,16.375381,25233,11
72051,0.000000,67479,2
72053,0.174142,59147,2
72054,0.000000,10405,1
72055,0.000000,16733,4
72057,94.905478,39356,3
72059,1.989715,16334,7
72061,1.987464,6541,2
72063,0.000000,25469,1
72065,76.019129,39102,5
72067,0.000000,10587,1
72069,0.000000,38897,1
72071,16.709199,59955,2
72073,26.693999,13415,12
72075,15.021553,22967,8
72077,100.000000,38522,2
72079,0.000000,47350,1
72081,1.399171,29446,6
72083,100.000000,7220,2
72085,2.706778,82238,6
72087,0.000000,2360,1
72089,91.278775,9861,2
72091,0.064290,40442,5
72093,32.050185,7014,4
72095,5.166313,9891,6
72097,90.992821,167422,4
72099,96.928992,129534,4
72101,6.642213,22628,3
72103,37.013535,189428,7
72105,51.754697,11284,6
72107,88.766229,25726,18
72109,6.977984,37518,12
72111,99.266401,135769,11
72113,88.129930,147556,20
72115,0.000000,27760,1
72117,100.000000,124782,1
72119,100.000000,71036,3
72121,87.020381,29685,2
72123,0.000000,27560,4
72125,14.634146,9430,8
72127,99.997695,1084662,2
72129,6.976614,35619,17
72131,26.977646,38695,6
72133,0.000000,44528,2
72135,99.997695,1084662,2
72139,100.000000,157,2
72141,11.306766,25896,16
72143,0.000000,2360,1
72145,0.000000,50256,7
72147,0.000000,79822,1
72149,73.638051,49029,14
72151,27.777574,27299,13
72153,7.752701,42669,10
