geoid,p25,median,p75,units
00000,1959,1980,2000,143775355
01001,1975,1994,2006,25039
01003,1985,1999,2009,132258
01005,1965,1983,1996,11762
01007,1973,1990,2003,9133
01009,1973,1990,2002,24918
01011,1973,1987,1998,4579
01013,1966,1979,1992,9885
01015,1962,1979,1996,53361
01017,1956,1979,1998,16435
01019,1969,1986,2001,14702
01021,1971,1988,2003,19839
01023,1970,1984,1998,7200
01025,1967,1981,1994,11749
01027,1963,1984,1999,7106
01029,1968,1989,2001,6874
01031,1971,1987,2004,24656
01033,1962,1979,2002,28040
01035,1967,1982,1995,6444
01037,1967,1985,2000,6058
01039,1963,1979,1996,18714
01041,1970,1982,1998,6583
01043,1971,1987,2002,39871
01045,1969,1983,1998,22968
01047,1962,1977,1994,18936
01049,1967,1984,1998,30963
01051,1977,1995,2008,37323
01053,1968,1983,1997,16816
01055,1958,1975,1995,47603
01057,1964,1980,1997,7810
01059,1968,1983,1998,14002
01061,1963,1979,1997,12584
01063,1967,1981,1996,4279
01065,1968,1985,1998,7594
01067,1967,1982,2000,9215
01069,1970,1985,2001,50158
01071,1968,1985,1998,24914
01073,1957,1975,1995,310789
01075,1963,1978,1992,7123
01077,1964,1980,1998,44936
01079,1972,1990,2002,15403
01081,1981,1997,2009,79619
01083,1979,1998,2012,44354
01085,1974,1991,2003,4847
01087,1967,1979,1994,9653
01089,1973,1992,2008,178607
01091,1967,1982,1996,9867
01093,1965,1978,1995,14220
01095,1969,1986,2000,41762
01097,1965,1980,1997,186082
01099,1972,1984,1997,10208
01101,1964,1979,1997,106121
01103,1968,1983,1999,53905
01105,1968,1985,1998,3962
01107,1965,1979,1996,8729
01109,1970,1986,2004,16238
01111,1969,1986,2000,12505
01113,1967,1985,2004,27711
01115,1982,1998,2008,39247
01117,1985,1997,2007,91995
01119,1969,1979,1995,6356
01121,1965,1984,1999,38547
01123,1968,1985,2000,23161
01125,1973,1992,2007,104290
01127,1966,1983,1999,30366
01129,1970,1984,1999,7797
01131,1971,1985,1997,5334
01133,1971,1988,2001,13160
02013,1969,1981,1990,1245
02016,1980,1990,1998,1356
02020,1973,1982,1995,120348
02050,1978,1988,2002,6011
02060,1975,1985,1995,798
02063,1971,1979,1991,3922
02066,1972,1985,2000,2442
02068,1977,1989,2002,1301
02070,1976,1985,1996,2399
02090,1974,1985,2000,42680
02100,1971,1987,2004,1379
02105,1973,1984,1996,1753
02110,1971,1982,1994,14249
02122,1979,1990,2005,32836
02130,1957,1977,1990,6698
02150,1974,1987,2000,5854
02158,1978,1989,2003,2346
02164,1978,1986,1996,1336
02170,1983,1997,2008,51170
02180,1975,1985,1996,4102
02185,1976,1984,1993,2642
02188,1977,1987,1997,2744
02195,1958,1979,1994,1863
02198,1976,1987,1998,3250
02220,1968,1980,1992,4161
02230,1963,1985,2002,666
02240,1978,1988,2004,3515
02275,1961,1976,1991,1303
02282,1973,1982,1998,398
02290,1975,1984,1994,3724
04001,1975,1987,2000,28997
04003,1972,1987,2002,59666
04005,1978,1991,2003,70645
04007,1972,1986,2001,32742
04009,1971,1987,2003,14122
04011,1969,1980,1993,4433
04012,1974,1985,2000,13672
04013,1978,1993,2006,1884334
04015,1983,1995,2005,121881
04017,1975,1989,2003,57230
04019,1972,1986,2002,479939
04021,1992,2004,2010,184651
04023,1975,1991,2004,19232
04025,1981,1995,2006,126095
04027,1980,1995,2006,95200
05001,1963,1978,1995,8696
05003,1963,1977,1995,9392
05005,1973,1985,1998,22883
05007,1986,2001,2011,122703
05009,1972,1985,1999,17459
05011,1964,1977,1993,5060
05013,1966,1982,2001,2466
05015,1973,1989,2001,13957
05017,1970,1979,1996,5108
05019,1968,1985,2001,10029
05021,1960,1973,1986,7492
05023,1975,1989,2002,15667
05025,1972,1987,2001,3587
05027,1962,1981,1997,11030
05029,1967,1984,2001,9703
05031,1975,1992,2008,48885
05033,1974,1991,2003,25621
05035,1968,1983,1999,21388
05037,1968,1981,1998,7586
05039,1965,1978,1994,3470
05041,1964,1977,1992,5799
05043,1970,1985,2001,8289
05045,1984,1998,2008,53650
05047,1971,1985,2000,7757
05049,1972,1986,1999,6225
05051,1969,1984,2001,52760
05053,1977,1991,2007,7957
05055,1973,1991,2005,19603
05057,1964,1979,1994,9642
05059,1965,1979,2000,14302
05061,1966,1979,1997,6173
05063,1973,1988,2002,16786
05065,1972,1984,1999,6739
05067,1962,1974,1986,7095
05069,1963,1978,1993,30679
05071,1971,1986,1998,11555
05073,1962,1978,1996,3940
05075,1966,1978,1992,7644
05077,1961,1973,1989,3694
05079,1967,1984,1999,4390
05081,1970,1980,1998,6059
05083,1964,1979,1996,9759
05085,1982,1997,2007,30884
05087,1972,1990,2004,7744
05089,1972,1986,2000,9749
05091,1966,1983,1999,19844
05093,1966,1977,1991,19133
05095,1963,1976,1991,3829
05097,1972,1989,2003,5485
05099,1970,1983,1996,4308
05101,1965,1983,1999,4099
05103,1957,1974,1988,11869
05105,1974,1989,2004,4972
05107,1962,1974,1987,8355
05109,1970,1984,1998,5324
05111,1966,1978,1995,10449
05113,1967,1986,2001,9643
05115,1974,1988,2002,27156
05117,1965,1979,1994,4086
05119,1965,1981,2000,193408
05121,1970,1979,1998,8656
05123,1967,1980,1993,9570
05125,1980,1997,2009,52934
05127,1965,1981,1997,4862
05129,1966,1984,1999,4721
05131,1964,1981,1999,57470
05133,1967,1980,1998,6791
05135,1971,1978,1992,9525
05137,1974,1988,2000,6825
05139,1963,1979,1998,18649
05141,1974,1986,2001,9725
05143,1979,1995,2008,105461
05145,1976,1992,2004,33900
05147,1969,1977,1991,3256
05149,1969,1984,2001,9312
06001,1948,1969,1988,637212
06003,1971,1981,1994,1558
06005,1972,1984,2000,19019
06007,1964,1981,1998,92813
06009,1973,1986,1999,27683
06011,1954,1978,2000,8211
06013,1962,1978,1995,429260
06015,1963,1981,1996,11230
06017,1971,1983,1999,94653
06019,1965,1982,2000,344894
06021,1956,1977,1996,11073
06023,1953,1973,1992,62883
06025,1970,1988,2003,58044
06027,1960,1975,1989,9524
06029,1968,1984,2001,306999
06031,1967,1986,2002,46986
06033,1968,1980,1996,34400
06035,1954,1977,1993,12231
06037,1951,1965,1984,3650466
06039,1973,1988,2003,51015
06041,1953,1967,1980,112116
06043,1973,1986,1998,9836
06045,1960,1977,1992,41675
06047,1970,1986,2002,90872
06049,1952,1976,1989,4764
06051,1971,1980,1994,13676
06053,1960,1976,1992,145469
06055,1958,1976,1994,55817
06057,1972,1983,1997,54309
06059,1965,1977,1993,1146169
06061,1978,1994,2006,179266
06063,1968,1981,1996,14921
06065,1976,1990,2004,869414
06067,1965,1981,1998,598385
06069,1972,1989,2002,21322
06071,1968,1983,1998,743886
06073,1967,1980,1996,1250641
06075,1922,1946,1978,414602
06077,1965,1984,2002,260151
06079,1970,1983,1999,125669
06081,1953,1966,1983,287184
06083,1961,1974,1989,160592
06085,1962,1975,1994,698837
06087,1956,1974,1987,106977
06089,1969,1982,1996,80068
06091,1952,1971,1987,2120
06093,1955,1976,1991,23088
06095,1969,1982,1996,164693
06097,1964,1979,1994,207699
06099,1966,1981,1997,185149
06101,1965,1982,1999,34798
06103,1965,1981,1996,27527
06105,1961,1977,1989,8112
06107,1968,1983,2001,154202
06109,1969,1980,1991,31589
06111,1966,1978,1992,295878
06113,1967,1983,2002,82447
06115,1969,1986,2005,30661
08001,1972,1991,2006,195793
08003,1963,1982,2002,7241
08005,1974,1986,2002,269345
08007,1983,1996,2006,9858
08009,1952,1971,1986,1983
08011,1935,1959,1980,2174
08013,1971,1986,2001,144729
08014,1985,2002,2012,33202
08015,1971,1993,2009,11482
08017,1944,1968,1985,986
08019,1960,1976,1989,5814
08021,1954,1982,1996,4106
08023,1960,1985,2003,2433
08025,1929,1963,1984,1556
08027,1974,1992,2006,4631
08029,1959,1979,2000,15025
08031,1952,1975,2005,359581
08033,1953,1980,2000,1572
08035,1993,2002,2011,144432
08037,1982,1993,2002,33915
08039,1985,1996,2007,10510
08041,1973,1989,2005,303482
08043,1960,1981,1998,20605
08045,1978,1993,2004,24953
08047,1969,1984,1997,3746
08049,1977,1990,2004,17421
08051,1973,1987,2001,12506
08053,1971,1984,1994,1343
08055,1940,1975,1993,4783
08057,1948,1979,2000,1107
08059,1969,1980,1996,253574
08061,1935,1964,1982,740
08063,1942,1970,1987,3428
08065,1931,1972,1994,3983
08067,1975,1993,2005,28990
08069,1976,1993,2007,164690
08071,1931,1972,1994,8170
08073,1929,1967,1987,2382
08075,1942,1964,1984,8741
08077,1972,1987,2002,69969
08079,1969,1985,2001,1179
08081,1964,1977,1990,6136
08083,1965,1986,2001,12375
08085,1973,1991,2005,19758
08087,1952,1975,1999,11804
08089,1936,1958,1979,8746
08091,1974,1995,2005,3531
08093,1978,1992,2003,14066
08095,1937,1970,1990,2164
08097,1974,1985,1999,13412
08099,1943,1971,1988,5479
08101,1953,1974,1997,73646
08103,1967,1978,1995,3296
08105,1952,1978,1995,6616
08107,1977,1993,2004,17169
08109,1971,1987,2003,3902
08111,1930,1979,1989,738
08113,1982,1995,2004,6656
08115,1929,1954,1977,1214
08117,1977,1989,1999,32251
08119,1977,1990,2001,13674
08121,1932,1958,1982,2287
08123,1976,2001,2011,129637
08125,1934,1968,1985,4336
09110,1950,1966,1985,416559
09120,1941,1959,1978,126039
09130,1951,1972,1988,82963
09140,1949,1969,1986,192551
09150,1946,1973,1991,41736
09160,1937,1967,1986,55752
09170,1943,1964,1984,248267
09180,1943,1969,1988,126425
09190,1953,1971,1990,251530
10001,1972,1993,2006,76325
10003,1956,1975,1996,236079
10005,1981,1999,2010,151799
11001,1932,1958,1996,361014
12001,1974,1988,2003,127731
12003,1978,1996,2007,10148
12005,1980,1993,2006,108362
12007,1969,1985,2000,10887
12009,1974,1988,2002,299305
12011,1970,1980,1995,866019
12013,1967,1986,2000,5683
12015,1980,1991,2005,118679
12017,1980,1990,2003,84929
12019,1982,1996,2007,88969
12021,1984,1996,2007,239406
12023,1976,1992,2004,30300
12027,1975,1990,2005,15872
12029,1978,1988,1999,9432
12031,1967,1986,2004,454740
12033,1968,1984,2001,149217
12035,1990,2002,2009,60934
12037,1971,1988,2003,8562
12039,1962,1983,1998,19144
12041,1983,1997,2009,7863
12043,1979,1990,2003,6690
12045,1979,1995,2008,9362
12047,1974,1990,2002,5653
12049,1972,1987,2002,9942
12051,1977,1991,2005,16149
12053,1982,1991,2004,92535
12055,1977,1987,1998,58635
12057,1976,1991,2007,630692
12059,1969,1983,1997,8659
12061,1980,1991,2005,86440
12063,1966,1983,1999,20145
12065,1969,1987,2001,6886
12067,1970,1990,2001,3347
12069,1982,1997,2009,187580
12071,1983,1997,2007,441194
12073,1975,1989,2003,137793
12075,1978,1993,2004,21472
12077,1973,1991,2001,3238
12079,1967,1988,2003,8418
12081,1975,1991,2008,221234
12083,1980,1993,2005,188277
12085,1976,1986,1999,83121
12086,1964,1980,1999,1094983
12087,1971,1982,1996,54834
12089,1984,2000,2012,45058
12091,1977,1990,2005,103864
12093,1978,1988,2001,18572
12095,1979,1994,2007,586805
12097,1989,2002,2011,171410
12099,1975,1986,2000,719463
12101,1978,1992,2006,271844
12103,1964,1977,1988,520107
12105,1977,1992,2007,340748
12107,1972,1985,1998,37065
12109,1987,2004,2014,133504
12111,1982,1996,2007,160146
12113,1983,1998,2009,80002
12115,1974,1988,2004,266492
12117,1978,1988,2002,199565
12119,1997,2006,2014,84068
12121,1978,1991,2002,19181
12123,1970,1986,2000,11259
12125,1977,1994,2006,4832
12127,1974,1986,2002,282109
12129,1984,1998,2007,14599
12131,1990,2001,2011,61272
12133,1974,1990,2002,11044
13001,1970,1986,1997,8565
13003,1976,1989,2000,3530
13005,1962,1979,1999,4831
13007,1962,1978,1996,1380
13009,1972,1987,2000,20302
13011,1976,1993,2006,7479
13013,1987,2001,2008,32248
13015,1978,1994,2005,45210
13017,1964,1981,1998,8141
13019,1972,1989,2003,8099
13021,1958,1977,1996,71962
13023,1968,1984,1999,5288
13025,1977,1995,2005,8298
13027,1970,1987,2000,7357
13029,1993,2005,2015,17957
13031,1977,1995,2007,34182
13033,1966,1982,2000,11300
13035,1978,1994,2004,9723
13037,1956,1978,1996,2030
13039,1983,1995,2006,23671
13043,1969,1987,1998,4664
13045,1975,1991,2004,47840
13047,1974,1993,2004,28567
13049,1972,1987,1998,4755
13051,1962,1986,2005,137532
13053,1965,1981,2001,2815
13055,1957,1976,1993,10882
13057,1989,2001,2009,106407
13059,1970,1987,2003,57918
13061,1970,1988,1999,1981
13063,1974,1989,2003,115476
13065,1961,1980,1995,3037
13067,1979,1990,2003,314104
13069,1973,1989,2000,17495
13071,1969,1986,2000,19401
13073,1985,1999,2011,61668
13075,1968,1985,2001,7486
13077,1985,1999,2008,59197
13079,1977,1993,2002,5246
13081,1966,1984,1998,9909
13083,1972,1987,2002,7431
13085,1986,1999,2010,12992
13087,1967,1986,2000,13215
13089,1967,1984,2001,330830
13091,1965,1983,1997,8587
13093,1970,1983,1996,4778
13095,1962,1975,1992,40653
13097,1980,1996,2005,56187
13099,1969,1986,1998,4956
13101,1976,1992,2003,1355
13103,1986,2001,2010,25943
13105,1961,1979,1996,9426
13107,1968,1982,1997,10036
13109,1969,1985,1999,4700
13111,1979,1996,2007,18490
13113,1983,1993,2004,46453
13115,1960,1978,1996,40918
13117,1995,2004,2012,92575
13119,1972,1989,2002,10905
13121,1972,1993,2007,507119
13123,1987,1998,2006,18507
13125,1957,1985,2001,1410
13127,1970,1988,2002,43500
13129,1972,1987,2002,23562
13131,1972,1991,2001,11645
13133,1976,1997,2009,10830
13135,1985,1996,2006,340962
13137,1977,1992,2002,19071
13139,1980,1996,2008,80926
13141,1975,1990,2001,4971
13143,1971,1989,2002,12821
13145,1982,1997,2007,14699
13147,1970,1987,2001,13200
13149,1967,1985,1997,4818
13151,1991,2001,2008,91424
13153,1976,1994,2007,69823
13155,1970,1982,1995,4223
13157,1988,2002,2011,30745
13159,1974,1992,2005,6572
13161,1972,1986,1998,6399
13163,1960,1981,1996,7172
13165,1963,1979,1996,4387
13167,1966,1985,1998,3560
13169,1977,1991,2003,11872
13171,1968,1988,2002,7866
13173,1982,1996,2006,4172
13175,1972,1989,2001,22065
13177,1987,1998,2008,13012
13179,1981,1994,2007,27675
13181,1969,1984,1998,4529
13183,1984,1998,2012,6861
13185,1976,1993,2006,51450
13187,1986,1998,2007,13539
13189,1971,1985,1997,9510
13191,1983,1997,2007,6850
13193,1962,1978,1993,5135
13195,1974,1990,2003,12533
13197,1978,1993,2003,3544
13199,1963,1983,1997,9820
13201,1962,1979,1999,2856
13205,1962,1978,1994,9028
13207,1981,1995,2006,11577
13209,1969,1989,1999,3794
13211,1974,1994,2005,8927
13213,1980,1993,2003,16241
13215,1961,1978,1999,92031
13217,1985,1999,2007,43619
13219,1984,1998,2009,15680
13221,1973,1990,2003,6511
13223,1992,2002,2009,63118
13225,1971,1987,2002,12247
13227,1983,1996,2005,15561
13229,1975,1990,2001,8543
13231,1975,1994,2005,7377
13233,1961,1983,2001,17368
13235,1966,1984,1999,4583
13237,1980,1992,2004,13505
13239,1974,1986,2000,1767
13241,1974,1988,2002,12263
13243,1960,1983,1996,3512
13245,1963,1980,1998,93145
13247,1978,1990,2004,36221
13249,1973,1991,2004,1886
13251,1962,1982,1995,6567
13253,1970,1981,1996,5081
13255,1969,1985,2002,28714
13257,1966,1983,1996,12354
13259,1965,1987,2000,2105
13261,1963,1981,1994,13514
13263,1963,1986,2000,3058
13265,1947,1975,1996,927
13267,1970,1987,2000,9405
13269,1968,1986,1997,3938
13271,1962,1979,1996,4705
13273,1954,1979,1995,4252
13275,1968,1987,2002,21130
13277,1968,1984,1999,17751
13279,1970,1984,1998,12103
13281,1981,1995,2005,8808
13283,1972,1990,2000,2717
13285,1966,1986,2002,29790
13287,1960,1977,1994,3927
13289,1970,1984,1997,4055
13291,1983,1995,2005,15164
13293,1951,1977,1993,12434
13295,1959,1978,1997,29669
13297,1982,1997,2006,37468
13299,1962,1978,1994,15943
13301,1959,1977,1996,2599
13303,1962,1979,1998,8769
13305,1970,1989,2003,12704
13307,1973,1987,1998,1143
13309,1970,1987,1999,2435
13311,1982,1994,2003,13952
13313,1969,1987,2001,39806
13315,1963,1979,1994,3462
13317,1960,1977,1993,5254
13319,1964,1982,1995,4304
13321,1968,1985,1997,9326
15001,1975,1989,2003,90735
15003,1965,1977,1995,374304
15005,1917,1938,1963,107
15007,1972,1983,1997,30471
15009,1973,1985,1999,72279
16001,1978,1997,2010,211440
16003,1967,1986,2002,2674
16005,1957,1976,1997,36168
16007,1939,1974,1997,4020
16009,1963,1979,1993,4757
16011,1958,1978,2001,17528
16013,1974,1987,2000,15989
16015,1975,1991,2003,5689
16017,1973,1990,2005,26867
16019,1965,1985,2005,47489
16021,1974,1991,2006,5615
16023,1950,1971,1985,1336
16025,1951,1991,2003,703
16027,1975,1999,2009,89135
16029,1951,1972,1987,3157
16031,1955,1975,1994,9096
16033,1952,1979,1998,456
16035,1963,1977,1995,4626
16037,1968,1986,1999,3137
16039,1971,1988,2003,12271
16041,1939,1975,2001,5212
16043,1967,1979,2000,8810
16045,1967,1983,2003,7954
16047,1959,1976,1994,6141
16049,1959,1977,1996,8903
16051,1971,1994,2009,10779
16053,1965,1983,2004,8810
16055,1977,1996,2009,80260
16057,1962,1980,2000,17591
16059,1964,1979,1995,4676
16061,1937,1965,1981,1826
16063,1953,1985,1999,1989
16065,1978,2002,2012,15145
16067,1961,1976,1996,8644
16069,1953,1973,1991,18578
16071,1931,1971,1996,2101
16073,1964,1984,2002,4869
16075,1955,1978,2000,10141
16077,1962,1975,1997,2966
16079,1935,1959,1982,7049
16081,1987,2001,2009,6481
16083,1960,1982,2004,36429
16085,1975,1992,2004,12878
16087,1945,1975,1993,4629
17001,1943,1965,1985,30302
17003,1947,1969,1986,2938
17005,1948,1975,1995,6899
17007,1959,1986,2001,20291
17009,1933,1960,1982,2321
17011,1931,1958,1977,15630
17013,1934,1968,1994,2300
17015,1929,1957,1985,8204
17017,1943,1968,1991,5676
17019,1961,1981,2002,95115
17021,1932,1963,1980,15184
17023,1945,1971,1990,7307
17025,1948,1972,1997,6165
17027,1957,1977,1997,15765
17029,1944,1971,1990,22681
17031,1936,1961,1982,2276493
17033,1943,1965,1986,8457
17035,1947,1970,1993,4726
17037,1960,1978,2000,41678
17039,1931,1958,1979,7320
17041,1940,1967,1990,8507
17043,1966,1978,1993,367152
17045,1936,1964,1980,8214
17047,1946,1970,1990,3045
17049,1957,1978,1997,15413
17051,1946,1972,1991,8808
17053,1929,1955,1975,6263
17055,1942,1963,1986,18462
17057,1933,1960,1978,15848
17059,1950,1969,1983,2505
17061,1928,1957,1979,5785
17063,1968,1990,2004,21384
17065,1946,1970,1991,3803
17067,1932,1964,1981,8938
17069,1949,1974,1989,2337
17071,1942,1972,1988,3366
17073,1932,1961,1978,22210
17075,1933,1960,1978,12789
17077,1960,1976,1994,27727
17079,1951,1975,1996,4226
17081,1957,1977,1995,16629
17083,1954,1975,1998,9958
17085,1940,1976,1995,13440
17087,1968,1985,2002,5541
17089,1961,1985,2002,190921
17091,1953,1972,1993,45415
17093,1981,2001,2007,46589
17095,1929,1957,1977,23758
17097,1964,1983,1998,270618
17099,1941,1963,1988,49843
17101,1937,1963,1984,6407
17103,1932,1960,1984,14995
17105,1932,1961,1980,15930
17107,1937,1964,1979,11967
17109,1936,1965,1985,13587
17111,1970,1989,2000,121329
17113,1962,1981,2000,75305
17115,1946,1964,1980,49630
17117,1940,1966,1990,21139
17119,1952,1971,1994,119168
17121,1952,1973,1992,17334
17123,1933,1961,1979,5815
17125,1934,1959,1977,6622
17127,1956,1975,1994,6822
17129,1948,1976,1995,5600
17131,1933,1962,1979,7285
17133,1964,1990,2004,14759
17135,1938,1964,1986,12495
17137,1940,1965,1985,15016
17139,1939,1968,1990,6240
17141,1950,1972,1993,22682
17143,1947,1966,1987,84930
17145,1947,1973,1990,9152
17147,1950,1973,1993,7412
17149,1933,1961,1979,7273
17151,1956,1986,2001,2225
17153,1948,1969,1991,2851
17155,1943,1975,1997,3090
17157,1949,1972,1991,13422
17159,1953,1973,1989,7363
17161,1943,1962,1979,66759
17163,1954,1975,1998,115630
17165,1947,1971,1989,11547
17167,1953,1974,1993,93382
17169,1941,1971,1989,3306
17171,1931,1963,1986,2384
17173,1934,1966,1990,10060
17175,1928,1956,1976,2573
17177,1930,1960,1980,21330
17179,1952,1969,1985,58731
17181,1949,1975,1995,7851
17183,1928,1957,1978,34327
17185,1938,1970,1985,5410
17187,1929,1956,1974,7587
17189,1948,1972,1992,6415
17191,1951,1974,1997,7680
17193,1944,1962,1983,6730
17195,1940,1961,1978,25837
17197,1971,1992,2003,254278
17199,1958,1981,2002,32084
17201,1952,1971,1991,125002
17203,1951,1972,1996,15758
18001,1942,1971,1991,13308
18003,1957,1976,1998,166285
18005,1961,1979,2000,35668
18007,1926,1954,1977,3762
18009,1931,1960,1983,5853
18011,1970,1995,2010,29737
18013,1966,1982,2000,8577
18015,1933,1966,1991,9559
18017,1928,1956,1978,16388
18019,1964,1982,2004,55049
18021,1947,1974,1996,11645
18023,1927,1957,1981,13517
18025,1968,1984,1999,5914
18027,1950,1975,1998,12887
18029,1960,1982,1999,21098
18031,1943,1973,1995,11685
18033,1936,1975,1997,18384
18035,1950,1967,1987,51635
18037,1957,1980,1996,18836
18039,1954,1977,1996,80493
18041,1936,1962,1980,10905
18043,1957,1980,1998,34833
18045,1933,1966,1986,7875
18047,1960,1981,1998,9796
18049,1934,1966,1988,9584
18051,1949,1974,1997,14890
18053,1945,1963,1982,29907
18055,1951,1978,1996,14356
18057,1987,2001,2011,144746
18059,1968,1991,2006,34370
18061,1966,1990,2001,16953
18063,1977,1998,2009,69675
18065,1935,1961,1980,20996
18067,1951,1969,1991,39876
18069,1931,1966,1992,16340
18071,1956,1978,1998,19351
18073,1963,1985,2001,13787
18075,1929,1959,1983,8904
18077,1952,1973,1991,14517
18079,1964,1982,1997,11731
18081,1972,1993,2005,65915
18083,1932,1962,1986,16974
18085,1955,1979,1998,38864
18087,1955,1982,2001,15151
18089,1951,1968,1993,217436
18091,1948,1969,1991,50038
18093,1950,1973,1996,20545
18095,1946,1965,1986,59301
18097,1953,1973,1994,441040
18099,1944,1973,1995,20111
18101,1960,1981,1996,4583
18103,1930,1961,1983,14952
18105,1967,1986,2001,65657
18107,1936,1967,1991,16585
18109,1960,1981,1998,30046
18111,1943,1971,1990,6093
18113,1940,1976,1996,20297
18115,1945,1978,2000,2769
18117,1956,1980,1997,9101
18119,1957,1982,1998,9918
18121,1938,1972,1996,7657
18123,1953,1976,1995,8597
18125,1944,1973,1993,5589
18127,1966,1982,2000,72662
18129,1957,1976,1994,11105
18131,1941,1970,1991,5850
18133,1956,1981,1997,15268
18135,1928,1958,1979,11412
18137,1948,1978,1997,12461
18139,1925,1954,1982,7387
18141,1947,1968,1991,118580
18143,1965,1983,1999,10840
18145,1946,1972,1995,19674
18147,1957,1979,1996,8727
18149,1951,1974,1994,11273
18151,1955,1981,1998,19181
18153,1944,1973,1996,8791
18155,1961,1990,2000,4456
18157,1962,1987,2005,80647
18159,1929,1965,1989,6845
18161,1934,1970,1991,3255
18163,1949,1970,1992,85319
18165,1931,1962,1988,7337
18167,1941,1968,1992,46891
18169,1929,1959,1983,14097
18171,1943,1973,1995,3706
18173,1969,1986,2002,26890
18175,1957,1982,1999,12222
18177,1935,1960,1977,30736
18179,1936,1973,1994,12074
18181,1946,1969,1988,12961
18183,1946,1979,1999,15030
19001,1927,1958,1979,3568
19003,1927,1955,1984,1889
19005,1935,1972,1996,7761
19007,1928,1964,1984,6312
19009,1923,1950,1969,2790
19011,1930,1964,1993,11114
19013,1949,1966,1988,58991
19015,1926,1960,1989,12041
19017,1935,1970,1992,10585
19019,1942,1973,1992,8945
19021,1936,1964,1981,8293
19023,1928,1958,1984,6570
19025,1930,1958,1977,4798
19027,1934,1964,1984,9560
19029,1926,1956,1977,6393
19031,1929,1965,1994,8300
19033,1936,1959,1981,22786
19035,1929,1958,1975,5557
19037,1931,1966,1985,5542
19039,1950,1975,1996,4522
19041,1938,1967,1988,8157
19043,1927,1960,1990,8796
19045,1928,1957,1978,21581
19047,1932,1968,1980,6869
19049,1989,2006,2015,44804
19051,1942,1973,1993,3612
19053,1936,1970,1993,3659
19055,1932,1967,1989,8169
19057,1930,1959,1980,18802
19059,1956,1979,2002,14206
19061,1943,1970,1997,43288
19063,1930,1955,1972,4520
19065,1924,1954,1980,9320
19067,1929,1958,1974,7306
19069,1925,1954,1973,4657
19071,1927,1958,1980,3125
19073,1927,1954,1979,4319
19075,1930,1962,1981,5498
19077,1927,1968,1992,5808
19079,1924,1953,1977,7040
19081,1931,1961,1979,5116
19083,1929,1956,1974,8011
19085,1923,1954,1985,6698
19087,1932,1968,1987,8445
19089,1925,1960,1979,4320
19091,1931,1961,1980,4603
19093,1924,1952,1974,3369
19095,1929,1969,1994,7369
19097,1937,1970,1991,9282
19099,1937,1965,1984,16249
19101,1930,1966,1989,7706
19103,1970,1992,2008,68217
19105,1939,1970,1995,8889
19107,1921,1950,1976,4647
19109,1932,1962,1979,7205
19111,1931,1960,1979,15794
19113,1958,1978,2001,103104
19115,1933,1966,1988,4739
19117,1927,1962,1980,4074
19119,1938,1967,1993,4870
19121,1938,1977,2002,7100
19123,1929,1965,1987,9728
19125,1951,1975,1995,14386
19127,1932,1958,1978,16937
19129,1934,1972,1996,6134
19131,1926,1957,1980,4950
19133,1927,1956,1981,4372
19135,1930,1970,1989,3656
19137,1927,1959,1979,5005
19139,1937,1970,1991,18454
19141,1936,1959,1981,6564
19143,1927,1955,1975,2868
19145,1924,1954,1976,7004
19147,1930,1958,1979,4535
19149,1941,1971,1993,10891
19151,1924,1950,1972,3651
19153,1957,1982,2004,218486
19155,1939,1967,1993,40083
19157,1934,1971,1992,8975
19159,1930,1973,1995,2678
19161,1928,1957,1976,5118
19163,1952,1972,1995,78537
19165,1921,1949,1977,5441
19167,1950,1973,1997,13285
19169,1962,1984,2005,41887
19171,1926,1957,1980,7595
19173,1922,1951,1976,2889
19175,1928,1962,1983,5785
19177,1930,1970,1990,3490
19179,1936,1958,1979,15730
19181,1966,1985,2006,21921
19183,1928,1964,1993,9657
19185,1930,1969,1990,3019
19187,1930,1957,1978,17082
19189,1934,1962,1977,5077
19191,1927,1962,1992,9029
19193,1933,1959,1981,43388
19195,1923,1948,1975,3474
19197,1933,1960,1978,6278
20001,1931,1965,1983,6077
20003,1931,1964,1988,3586
20005,1933,1968,1983,6817
20007,1934,1956,1981,2480
20009,1944,1959,1979,12383
20011,1929,1957,1983,6756
20013,1931,1964,1981,4478
20015,1958,1984,2000,27485
20017,1938,1958,1981,1388
20019,1930,1961,1985,1975
20021,1933,1966,1989,9129
20023,1928,1951,1974,1455
20025,1923,1946,1969,1039
20027,1933,1962,1980,3944
20029,1925,1953,1973,4467
20031,1932,1970,1994,3998
20033,1922,1947,1972,1016
20035,1936,1961,1985,15682
20037,1944,1972,1994,18126
20039,1930,1953,1973,1634
20041,1928,1956,1978,8789
20043,1930,1970,1992,3373
20045,1967,1988,2004,53675
20047,1924,1948,1966,1549
20049,1926,1956,1981,1491
20051,1955,1973,1991,13287
20053,1930,1958,1980,3127
20055,1964,1978,1992,14355
20057,1952,1972,1988,12743
20059,1949,1975,1996,11310
20061,1963,1987,2007,15939
20063,1932,1958,1978,1331
20065,1941,1957,1977,1415
20067,1954,1974,1992,2933
20069,1953,1976,1993,2354
20071,1951,1966,1983,659
20073,1929,1956,1982,3666
20075,1950,1970,1980,1014
20077,1936,1956,1976,3020
20079,1949,1970,1993,14656
20081,1959,1973,1988,1546
20083,1937,1957,1984,823
20085,1940,1976,1994,5638
20087,1959,1979,1997,8038
20089,1921,1945,1978,1761
20091,1972,1989,2004,259655
20093,1953,1972,1994,1578
20095,1930,1956,1978,3685
20097,1944,1973,2004,1153
20099,1934,1958,1979,9510
20101,1949,1958,1982,878
20103,1957,1982,2002,31865
20105,1918,1938,1967,1668
20107,1960,1983,2001,5222
20109,1944,1959,1974,1369
20111,1935,1970,1985,15027
20113,1941,1974,1994,13176
20115,1930,1957,1981,5693
20117,1929,1959,1981,4751
20119,1933,1959,1975,1898
20121,1959,1987,2003,14262
20123,1930,1958,1978,3116
20125,1929,1958,1980,15538
20127,1928,1960,1988,2995
20129,1951,1966,1978,1310
20131,1937,1974,1995,4512
20133,1936,1963,1986,7219
20135,1938,1959,1976,1440
20137,1928,1957,1977,2450
20139,1937,1974,1992,7337
20141,1926,1952,1972,2031
20143,1933,1969,1996,2693
20145,1929,1956,1978,3057
20147,1934,1961,1975,2790
20149,1956,1987,2007,10214
20151,1932,1956,1981,4364
20153,1928,1956,1982,1370
20155,1939,1962,1981,28274
20157,1922,1945,1969,2661
20159,1929,1953,1975,4384
20161,1965,1984,2004,30755
20163,1934,1953,1971,2635
20165,1923,1948,1971,1679
20167,1939,1957,1979,3674
20169,1950,1966,1985,24157
20171,1949,1959,1975,2334
20173,1956,1978,1998,227638
20175,1958,1973,1991,8308
20177,1955,1972,1991,81075
20179,1942,1969,1981,1155
20181,1937,1967,1979,2936
20183,1924,1954,1975,2024
20185,1925,1951,1971,2093
20187,1948,1968,1986,1029
20189,1956,1974,1987,2265
20191,1937,1962,1987,10414
20193,1945,1967,1979,3575
20195,1937,1963,1980,1709
20197,1927,1964,1994,3136
20199,1937,1961,1977,717
20201,1925,1953,1976,2714
20203,1949,1966,1976,920
20205,1935,1965,1987,4493
20207,1929,1962,1980,1845
20209,1946,1962,1981,68803
21001,1967,1984,2001,8648
21003,1971,1992,2006,9275
21005,1974,1989,1999,10326
21007,1962,1982,2000,3702
21009,1967,1985,2002,20283
21011,1964,1984,2000,5499
21013,1963,1979,1995,11631
21015,1980,1996,2006,53195
21017,1955,1979,1994,9181
21019,1956,1972,1988,21742
21021,1961,1978,1995,13010
21023,1954,1986,2000,3860
21025,1975,1989,2004,6575
21027,1973,1990,2002,10799
21029,1976,1993,2005,33608
21031,1970,1988,2003,5455
21033,1958,1975,1998,6064
21035,1967,1983,2001,18106
21037,1938,1972,1996,42065
21039,1961,1979,1998,2307
21041,1962,1983,1997,4693
21043,1970,1984,1999,12316
21045,1969,1985,2000,7420
21047,1966,1983,2001,29362
21049,1961,1979,1997,16418
21051,1974,1989,2003,8664
21053,1964,1983,2002,4850
21055,1958,1975,1993,4346
21057,1970,1986,2001,3404
21059,1960,1977,1998,44431
21061,1974,1990,2005,6449
21063,1971,1987,2002,3052
21065,1961,1981,1995,6864
21067,1966,1984,2001,148959
21069,1962,1986,2002,6793
21071,1968,1982,1997,17505
21073,1961,1977,1995,24163
21075,1955,1972,1986,3158
21077,1976,1993,2002,3816
21079,1968,1988,2001,7280
21081,1973,1990,2000,10245
21083,1961,1977,1995,16425
21085,1972,1988,2003,13369
21087,1956,1976,1993,5289
21089,1961,1975,1992,16271
21091,1966,1981,1998,3928
21093,1972,1988,2003,48108
21095,1953,1976,1992,13036
21097,1960,1982,1998,8186
21099,1962,1983,2002,8929
21101,1957,1976,1994,20151
21103,1956,1977,1996,6705
21105,1961,1975,1996,2156
21107,1958,1976,1994,21001
21109,1976,1990,2004,6006
21111,1953,1972,1995,359710
21113,1977,1992,2005,21198
21115,1969,1983,1999,10583
21117,1950,1974,1996,73221
21119,1966,1982,2000,6680
21121,1972,1985,1998,13866
21123,1963,1983,1999,6573
21125,1976,1992,2004,26818
21127,1972,1989,2001,7604
21129,1971,1988,2000,3229
21131,1966,1984,1998,4925
21133,1954,1979,1995,10603
21135,1963,1985,1999,6066
21137,1970,1986,2000,10938
21139,1965,1978,1995,4640
21141,1963,1978,1996,12473
21143,1974,1989,2001,4847
21145,1959,1978,1996,32280
21147,1969,1987,2000,6920
21149,1961,1976,1994,4173
21151,1976,1993,2006,40456
21153,1972,1986,1998,5489
21155,1963,1984,2001,8477
21157,1967,1983,1998,16572
21159,1974,1984,2000,4862
21161,1954,1977,1996,8190
21163,1973,1990,2004,12237
21165,1977,1989,2004,3367
21167,1961,1978,2001,10472
21169,1972,1986,2000,4735
21171,1963,1977,1996,5279
21173,1969,1987,2002,12231
21175,1975,1991,2004,5685
21177,1964,1978,1997,13557
21179,1974,1992,2005,20330
21181,1944,1972,1991,3333
21183,1967,1984,2000,10241
21185,1977,1994,2006,23837
21187,1971,1988,2000,5388
21189,1973,1990,2004,2052
21191,1955,1979,1997,6299
21193,1970,1985,2000,13295
21195,1972,1985,1999,29044
21197,1973,1985,2001,5647
21199,1972,1986,2002,31722
21201,1947,1985,2000,1003
21203,1971,1990,2001,7391
21205,1976,1992,2003,10623
21207,1975,1991,2003,10169
21209,1983,2000,2009,23725
21211,1971,1993,2006,19531
21213,1960,1979,2000,8627
21215,1990,2000,2007,7712
21217,1964,1978,1999,11210
21219,1966,1984,2001,5187
21221,1971,1985,2000,7652
21223,1968,1989,2000,3880
21225,1958,1976,1991,5846
21227,1974,1993,2008,59868
21229,1956,1982,2002,5244
21231,1970,1986,1999,10134
21233,1958,1977,1998,5723
21235,1973,1987,2001,15629
21237,1976,1990,2001,3053
21239,1966,1984,1998,11686
22001,1962,1980,2000,25107
22003,1964,1983,2001,9587
22005,1986,2002,2012,51940
22007,1967,1983,2000,10066
22009,1963,1980,1998,18381
22011,1973,1992,2008,16126
22013,1963,1979,1994,6886
22015,1972,1991,2007,56743
22017,1961,1975,1991,112612
22019,1969,1989,2008,95523
22021,1971,1986,2004,4667
22023,1991,2005,2014,3463
22025,1965,1980,2000,4470
22027,1961,1974,1988,6810
22029,1963,1977,1995,9040
22031,1972,1990,2005,12697
22033,1970,1984,2003,206591
22035,1964,1974,1986,3434
22037,1972,1989,2004,8224
22039,1968,1980,1999,14577
22041,1963,1978,1996,8926
22043,1972,1988,2005,9111
22045,1963,1982,1999,31344
22047,1969,1986,2003,13544
22049,1964,1979,1995,7230
22051,1964,1975,1988,194418
22053,1959,1980,2000,14229
22055,1973,1988,2008,112184
22057,1967,1982,2002,41447
22059,1968,1983,2003,6202
22061,1971,1984,2000,20827
22063,1986,2002,2011,59981
22065,1957,1975,1993,4379
22067,1964,1977,1993,11898
22069,1971,1984,2002,18746
22071,1932,1960,1982,195552
22073,1967,1983,2001,71172
22075,1978,1997,2007,9736
22077,1970,1985,2001,11096
22079,1962,1980,2000,58573
22081,1971,1981,2004,3615
22083,1965,1979,2000,8734
22085,1973,1986,2003,13711
22087,1966,1981,2001,18248
22089,1973,1986,1999,20694
22091,1975,1987,2004,5355
22093,1967,1985,2004,8678
22095,1972,1984,1999,17822
22097,1967,1980,1999,37229
22099,1969,1986,2004,23828
22101,1961,1976,1992,22507
22103,1982,1995,2007,113911
22105,1977,1993,2008,60006
22107,1959,1972,1985,2792
22109,1968,1983,2002,47392
22111,1972,1987,2001,10431
22113,1963,1983,2003,26142
22115,1974,1988,2004,22156
22117,1966,1982,2001,21439
22119,1961,1973,1988,18377
22121,1974,1993,2011,12057
22123,1966,1978,1993,4715
22125,1973,1991,2005,5162
22127,1962,1978,1992,6362
23001,1939,1969,1991,50471
23003,1947,1972,1991,38450
23005,1943,1976,1997,153286
23007,1954,1978,1995,21234
23009,1949,1982,2000,40765
23011,1946,1975,1994,63521
23013,1930,1974,1993,24564
23015,1938,1978,1997,23922
23017,1946,1977,1996,36855
23019,1948,1977,1997,75683
23021,1946,1978,1996,14680
23023,1937,1977,1996,19239
23025,1949,1978,1995,30137
23027,1953,1982,2001,22252
23029,1937,1975,1994,21726
23031,1951,1980,1999,115091
24001,1931,1959,1978,32720
24003,1966,1983,2000,236262
24005,1956,1973,1992,350821
24009,1976,1990,2001,36119
24011,1955,1981,1997,13531
24013,1969,1983,1998,66768
24015,1967,1987,2002,44355
24017,1977,1991,2006,63813
24019,1948,1975,1998,16433
24021,1971,1991,2005,108924
24023,1964,1982,1998,18642
24025,1971,1986,2000,105468
24027,1978,1989,2003,125286
24029,1951,1978,1997,10363
24031,1963,1980,1996,406531
24033,1962,1977,1996,365506
24035,1975,1990,2004,22038
24037,1977,1992,2006,46385
24039,1961,1986,2002,10928
24041,1958,1983,1998,19720
24043,1952,1974,1996,64145
24045,1964,1984,2002,44127
24047,1975,1985,1997,56867
24510,1924,1947,1969,295032
25001,1960,1977,1989,166215
25003,1928,1956,1979,70004
25005,1931,1964,1986,245025
25007,1956,1982,1995,17822
25009,1929,1960,1985,329776
25011,1929,1962,1983,34528
25013,1936,1959,1979,197591
25015,1937,1969,1988,66786
25017,1931,1962,1987,664267
25019,1956,1984,1999,12594
25021,1938,1964,1987,295227
25023,1948,1971,1992,218096
25025,1922,1949,1985,357290
25027,1936,1967,1989,355185
26001,1960,1974,1991,10320
26003,1953,1974,1995,6217
26005,1956,1982,2000,52636
26007,1951,1968,1983,15707
26009,1961,1980,1998,17723
26011,1959,1977,1993,9554
26013,1949,1973,1991,5051
26015,1952,1976,1997,27780
26017,1942,1963,1981,48659
26019,1962,1985,1999,12326
26021,1949,1966,1988,77276
26023,1943,1969,1991,20971
26025,1941,1961,1982,59602
26027,1952,1973,1995,25679
26029,1963,1982,1997,17640
26031,1962,1980,1997,17788
26033,1952,1976,1997,20348
26035,1962,1976,1993,22008
26037,1958,1981,2002,33315
26039,1966,1980,1995,10330
26041,1945,1970,1990,19845
26043,1941,1970,1988,13951
26045,1959,1977,1994,47753
26047,1963,1985,1999,21979
26049,1954,1969,1989,183903
26051,1962,1980,1996,17037
26053,1929,1955,1977,10394
26055,1971,1986,2003,47003
26057,1943,1966,1986,16081
26059,1937,1971,1992,21515
26061,1927,1960,1986,18870
26063,1948,1967,1987,20349
26065,1952,1971,1990,126232
26067,1937,1972,1994,24861
26069,1958,1972,1988,20061
26071,1940,1962,1989,9156
26073,1964,1983,1999,28660
26075,1944,1967,1989,69292
26077,1955,1975,1996,114908
26079,1966,1980,1996,11690
26081,1953,1977,1997,269136
26083,1929,1961,1989,2305
26085,1960,1976,1994,13461
26087,1959,1978,1996,37147
26089,1971,1988,2002,15759
26091,1941,1968,1991,43761
26093,1973,1991,2002,80367
26095,1958,1976,1994,4067
26097,1954,1976,1995,10597
26099,1960,1975,1995,373413
26101,1952,1972,1993,15713
26103,1948,1971,1988,33607
26105,1951,1976,1996,17596
26107,1961,1979,1997,21139
26109,1943,1970,1989,13262
26111,1959,1975,1993,37160
26113,1965,1980,1996,8680
26115,1952,1974,1997,66594
26117,1955,1977,1997,28147
26119,1959,1975,1990,8925
26121,1949,1969,1992,75266
26123,1957,1978,1995,24931
26125,1958,1975,1993,561348
26127,1954,1978,1997,15723
26129,1959,1976,1993,15325
26131,1941,1963,1984,5238
26133,1957,1978,1995,12638
26135,1962,1974,1989,7719
26137,1970,1982,1998,14882
26139,1967,1988,2003,117604
26141,1954,1973,1992,9802
26143,1964,1976,1990,23213
26145,1952,1968,1985,86208
26147,1951,1975,1995,72799
26149,1941,1970,1990,27302
26151,1946,1971,1991,21756
26153,1952,1975,1995,5956
26155,1945,1969,1986,30354
26157,1947,1971,1988,24011
26159,1952,1978,1996,37405
26161,1960,1978,1998,159782
26163,1943,1956,1975,801083
26165,1956,1979,1997,16585
27001,1964,1982,2001,14253
27003,1970,1986,2001,141863
27005,1960,1981,2003,20005
27007,1968,1987,2004,21729
27009,1968,1986,2002,17608
27011,1930,1959,1980,3001
27013,1952,1978,2003,29864
27015,1933,1963,1986,11827
27017,1950,1975,1998,15896
27019,1980,1996,2008,42270
27021,1973,1990,2004,24470
27023,1932,1957,1977,5661
27025,1973,1992,2003,22998
27027,1961,1981,2005,27559
27029,1960,1980,2000,4468
27031,1966,1988,2003,6079
27033,1940,1963,1978,5168
27035,1970,1988,2003,42683
27037,1974,1988,2001,178879
27039,1950,1979,2001,8484
27041,1965,1986,2004,22332
27043,1927,1952,1973,6897
27045,1929,1966,1996,9692
27047,1936,1959,1977,14116
27049,1939,1973,1996,21167
27051,1937,1966,1990,3137
27053,1951,1973,1993,571527
27055,1941,1972,1993,8774
27057,1966,1985,2002,14765
27059,1971,1988,2004,17268
27061,1960,1979,1998,25679
27063,1934,1959,1977,4905
27065,1960,1983,2002,7839
27067,1956,1978,1996,20337
27069,1939,1967,1983,2228
27071,1953,1972,1991,7426
27073,1924,1951,1976,3469
27075,1952,1969,1994,7449
27077,1967,1986,2002,3497
27079,1947,1974,1998,13054
27081,1931,1959,1980,3045
27083,1950,1972,1991,11269
27085,1956,1979,1996,15972
27087,1952,1975,1994,2547
27089,1945,1971,1988,4396
27091,1934,1960,1979,9729
27093,1953,1975,1996,10735
27095,1960,1982,2002,13069
27097,1950,1977,1999,16256
27099,1941,1958,1982,17014
27101,1939,1963,1983,4401
27103,1955,1979,2001,13596
27105,1943,1967,1985,8396
27107,1933,1959,1979,3223
27109,1967,1989,2005,71151
27111,1957,1979,2001,36698
27113,1947,1974,1996,6799
27115,1962,1984,2002,17284
27117,1931,1956,1976,4325
27119,1946,1971,1989,14697
27121,1943,1971,1995,6424
27123,1938,1965,1985,233870
27125,1942,1969,1990,1878
27127,1937,1965,1984,7110
27129,1933,1959,1979,6916
27131,1953,1978,2001,25295
27133,1930,1960,1979,4256
27135,1965,1982,1998,7224
27137,1935,1962,1987,104263
27139,1981,1997,2007,56671
27141,1979,1996,2006,37099
27143,1934,1964,1989,6523
27145,1965,1985,2002,66625
27147,1952,1975,1996,15995
27149,1948,1971,1992,4182
27151,1935,1958,1989,4706
27153,1947,1975,1996,13008
27155,1936,1962,1986,1896
27157,1950,1976,2000,10291
27159,1951,1974,1997,7021
27161,1942,1970,1986,7922
27163,1974,1992,2005,109307
27165,1933,1962,1982,4881
27167,1940,1969,1992,2983
27169,1933,1969,1992,21855
27171,1975,1995,2006,57416
27173,1930,1958,1978,4488
28001,1957,1972,1986,14928
28003,1971,1981,1997,16283
28005,1971,1985,2001,7346
28007,1964,1981,1998,8342
28009,1968,1985,2005,4091
28011,1962,1977,1993,13673
28013,1970,1980,1994,6750
28015,1969,1985,1999,4964
28017,1966,1978,1996,7851
28019,1965,1980,1996,4375
28021,1971,1982,1996,3959
28023,1970,1984,1999,7645
28025,1966,1983,1998,9052
28027,1953,1970,1990,10189
28029,1970,1985,2000,12475
28031,1975,1989,2002,8397
28033,1985,1999,2008,75437
28035,1964,1982,2001,33753
28037,1966,1981,1998,4329
28039,1973,1989,2006,10373
28041,1973,1987,2003,5190
28043,1970,1983,1998,10444
28045,1978,1999,2007,23715
28047,1973,1994,2007,94898
28049,1960,1974,1991,106340
28051,1966,1982,1996,7595
28053,1961,1977,1996,3509
28055,1974,1983,1996,421
28057,1970,1984,1998,10539
28059,1970,1984,2003,63558
28061,1975,1989,2004,8133
28063,1975,1986,1999,3390
28065,1971,1986,2003,5702
28067,1966,1981,2001,28826
28069,1969,1979,1995,3948
28071,1983,2000,2011,28714
28073,1984,1999,2010,27685
28075,1964,1979,1998,33551
28077,1972,1982,1995,5783
28079,1971,1982,1998,9078
28081,1972,1988,2003,37654
28083,1958,1973,1986,12619
28085,1970,1984,2001,15966
28087,1969,1981,1996,27168
28089,1981,1997,2008,47440
28091,1967,1980,1996,11163
28093,1976,1992,2004,15519
28095,1965,1982,1999,16843
28097,1963,1983,1996,5454
28099,1968,1985,1999,12116
28101,1966,1982,2001,9160
28103,1965,1980,1999,4728
28105,1977,1993,2007,25618
28107,1967,1988,1999,14717
28109,1973,1990,2003,25442
28111,1976,1993,2006,5498
28113,1967,1984,2002,19200
28115,1970,1989,2005,14221
28117,1967,1981,1997,11050
28119,1955,1972,1989,3026
28121,1979,1995,2007,64415
28123,1974,1989,2003,11483
28125,1971,1977,1990,1650
28127,1970,1986,2003,11694
28129,1972,1986,2003,6714
28131,1978,1996,2007,7670
28133,1962,1977,1988,9423
28135,1966,1978,1992,5505
28137,1976,1992,2003,11694
28139,1968,1985,2001,9959
28141,1966,1981,2000,10577
28143,1977,1994,2004,4812
28145,1968,1985,2000,12250
28147,1967,1982,1998,6917
28149,1963,1978,1996,21566
28151,1961,1973,1987,20867
28153,1971,1985,1998,9143
28155,1968,1983,1997,5114
28157,1966,1980,1993,4608
28159,1968,1978,1996,8231
28161,1967,1981,1994,6504
28163,1962,1982,2000,10485
29001,1954,1973,1992,11389
29003,1960,1980,1997,7558
29005,1930,1957,1975,2726
29007,1951,1970,1991,10561
29009,1967,1986,2001,17063
29011,1947,1974,1993,5285
29013,1955,1976,1995,7192
29015,1967,1985,2001,13594
29017,1962,1982,1998,5046
29019,1973,1991,2006,81675
29021,1938,1964,1984,38472
29023,1966,1981,1998,19303
29025,1945,1974,1996,4275
29027,1969,1987,2003,18645
29029,1978,1988,1999,40072
29031,1964,1982,2000,36086
29033,1944,1961,1979,4381
29035,1971,1983,2001,2676
29037,1974,1992,2005,45834
29039,1964,1980,2001,6946
29041,1942,1968,1987,3788
29043,1986,1999,2008,36643
29045,1940,1970,1989,3233
29047,1966,1987,2004,107719
29049,1956,1978,1999,9077
29051,1965,1982,1998,33533
29053,1947,1974,1995,7300
29055,1965,1981,1999,11416
29057,1949,1972,1995,3774
29059,1966,1981,2001,7613
29061,1944,1977,2000,4122
29063,1960,1982,1999,4270
29065,1962,1978,1997,6822
29067,1970,1987,2002,5391
29069,1956,1972,1985,13447
29071,1965,1984,2001,46312
29073,1952,1976,1996,7574
29075,1951,1971,1993,2923
29077,1964,1982,2001,138982
29079,1938,1963,1980,4834
29081,1943,1966,1991,4008
29083,1956,1978,1998,10714
29085,1969,1983,2000,5480
29087,1936,1965,1984,2405
29089,1948,1974,1997,4374
29091,1963,1982,2000,18149
29093,1957,1974,1990,4682
29095,1951,1970,1991,336288
29097,1960,1986,2005,54480
29099,1969,1987,2002,93955
29101,1970,1990,2005,22731
29103,1943,1965,1985,1937
29105,1963,1984,2001,16012
29107,1954,1975,1996,14221
29109,1958,1979,2000,16303
29111,1952,1969,1990,4320
29113,1979,1997,2008,23790
29115,1947,1964,1980,5988
29117,1950,1968,1987,6399
29119,1969,1988,2001,9828
29121,1951,1972,1994,7419
29123,1959,1977,1995,5866
29125,1968,1985,2000,4261
29127,1940,1971,1992,12917
29129,1952,1970,1989,1902
29131,1971,1985,2002,12541
29133,1957,1973,1987,5272
29135,1960,1979,1998,6175
29137,1950,1976,1996,4467
29139,1958,1978,1997,5832
29141,1968,1983,2001,15176
29143,1961,1975,1989,7876
29145,1964,1984,2000,24866
29147,1951,1977,1997,9536
29149,1959,1978,1996,4321
29151,1960,1982,2002,6501
29153,1965,1980,1998,5030
29155,1955,1973,1989,7501
29157,1960,1978,1997,8552
29159,1953,1974,1996,18673
29161,1969,1984,2002,20295
29163,1949,1971,1993,7620
29165,1974,1992,2005,46606
29167,1970,1987,2003,13482
29169,1976,1994,2008,19431
29171,1955,1976,1998,2834
29173,1964,1980,1999,5056
29175,1943,1974,1994,10862
29177,1955,1974,1993,9931
29179,1960,1975,1993,3461
29181,1966,1983,2000,5168
29183,1980,1994,2007,167163
29185,1962,1979,1996,5290
29186,1966,1981,1997,8326
29187,1959,1983,2001,28945
29189,1955,1969,1985,446192
29195,1950,1970,1988,9813
29197,1939,1964,1988,1899
29199,1943,1971,1997,2201
29201,1960,1976,1993,16861
29203,1964,1980,1996,3517
29205,1943,1971,1991,2950
29207,1960,1976,1992,13400
29209,1976,1992,2003,20464
29211,1946,1965,1987,3010
29213,1980,1995,2005,30175
29215,1959,1979,1997,11006
29217,1951,1976,1996,8928
29219,1982,1998,2009,16161
29221,1967,1985,1999,10734
29223,1966,1980,1994,6119
29225,1973,1991,2004,15493
29227,1929,1961,1981,1116
29229,1957,1978,1998,8367
29510,1917,1938,1960,174111
30001,1961,1979,1998,4981
30003,1961,1976,1991,4527
30005,1945,1972,1984,2823
30007,1977,2001,2008,3178
30011,1954,1975,2002,829
30013,1952,1970,1990,39497
30015,1941,1968,1987,2885
30017,1940,1965,1980,5784
30019,1939,1958,1974,1131
30021,1951,1966,1980,4381
30023,1929,1954,1977,5540
30025,1961,1982,2002,1483
30027,1934,1966,1989,6012
30029,1972,1991,2006,51680
30031,1977,1998,2010,57568
30033,1954,1978,2002,730
30035,1954,1974,1989,5350
30037,1939,1974,1999,482
30039,1950,1980,2005,2602
30041,1952,1971,1982,7234
30043,1972,1990,2003,5407
30045,1936,1967,1991,1261
30047,1970,1986,2001,16468
30049,1964,1982,2003,34082
30051,1951,1966,1983,837
30053,1966,1982,2001,11006
30055,1952,1964,1983,1082
30057,1974,1995,2008,6396
30059,1947,1976,2002,1450
30061,1970,1983,2004,2572
30063,1966,1985,2004,56930
30065,1948,1975,1996,2663
30067,1946,1980,2001,9635
30069,1956,1983,1997,311
30071,1946,1974,1994,2233
30073,1943,1968,1987,2754
30075,1958,1976,1994,972
30077,1945,1966,1988,3006
30079,1934,1957,1979,687
30081,1972,1991,2003,21179
30083,1958,1980,2006,5610
30085,1954,1974,1990,4066
30087,1964,1978,1988,3779
30089,1971,1992,2006,6808
30091,1937,1963,1979,2041
30093,1927,1956,1982,17499
30095,1959,1986,2003,4657
30097,1945,1979,1998,1900
30099,1941,1962,1986,2945
30101,1946,1966,1987,2322
30103,1936,1972,1997,460
30105,1955,1966,1977,4254
30107,1928,1958,1987,1161
30109,1941,1973,1991,595
30111,1963,1982,2002,74239
31001,1942,1967,1990,13934
31003,1929,1960,1979,3149
31005,1941,1974,1996,232
31007,1934,1959,1984,383
31009,1932,1962,1980,301
31011,1925,1957,1983,2555
31013,1943,1965,1978,5212
31015,1924,1953,1976,1203
31017,1934,1959,1978,1656
31019,1962,1980,2001,21286
31021,1925,1956,1980,3333
31023,1929,1968,1987,4039
31025,1953,1977,1998,11875
31027,1930,1964,1986,3899
31029,1932,1965,1978,1870
31031,1947,1971,1994,3009
31033,1941,1957,1983,4888
31035,1925,1954,1978,2817
31037,1940,1967,1983,3997
31039,1931,1958,1980,4153
31041,1926,1958,1983,5334
31043,1954,1974,1992,7808
31045,1931,1958,1978,4037
31047,1945,1969,1987,9958
31049,1922,1945,1961,1013
31051,1924,1950,1977,2515
31053,1944,1967,1991,16725
31055,1956,1977,2000,251553
31057,1924,1948,1975,995
31059,1930,1959,1978,2724
31061,1920,1940,1969,1531
31063,1925,1956,1978,1350
31065,1922,1949,1973,2516
31067,1930,1961,1982,10399
31069,1926,1953,1978,1173
31071,1927,1964,1993,990
31073,1950,1973,1988,1212
31075,1934,1960,1982,407
31077,1921,1946,1981,1215
31079,1954,1975,1994,25569
31081,1937,1973,1993,4133
31083,1936,1965,1985,1884
31085,1922,1946,1972,487
31087,1924,1950,1974,1561
31089,1942,1966,1981,4900
31091,1927,1955,1975,428
31093,1928,1963,1988,2894
31095,1926,1955,1977,3679
31097,1923,1953,1978,2098
31099,1935,1963,1978,2988
31101,1955,1973,1986,5435
31103,1931,1967,1996,489
31105,1927,1952,1966,1782
31107,1931,1967,1990,4521
31109,1961,1983,2003,140324
31111,1949,1970,1986,16624
31113,1923,1956,1980,330
31115,1950,1986,2003,435
31117,1941,1955,1974,268
31119,1950,1974,1992,15510
31121,1930,1970,1994,3598
31123,1928,1957,1975,2271
31125,1923,1950,1974,1606
31127,1923,1950,1975,3316
31129,1925,1948,1973,2220
31131,1936,1971,1996,6999
31133,1924,1952,1975,1409
31135,1931,1951,1975,1359
31137,1942,1968,1989,4170
31139,1929,1958,1983,3136
31141,1953,1973,1992,14325
31143,1928,1960,1979,2531
31145,1933,1959,1978,5150
31147,1923,1950,1972,4073
31149,1951,1968,1980,809
31151,1932,1964,1980,5799
31153,1977,1996,2009,76780
31155,1942,1973,1998,10276
31157,1948,1969,1983,16480
31159,1937,1970,1994,7206
31161,1924,1951,1971,2704
31163,1927,1962,1982,1796
31165,1927,1956,1983,687
31167,1933,1967,1987,2483
31169,1927,1956,1977,2497
31171,1930,1961,1986,357
31173,1947,1970,1989,2290
31175,1929,1961,1985,2108
31177,1951,1976,1997,8711
31179,1939,1967,1995,3991
31181,1922,1951,1975,1764
31183,1946,1975,1993,588
31185,1931,1968,1988,6370
32001,1975,1990,2000,11008
32003,1986,1998,2007,948995
32005,1977,1990,2002,24825
32007,1980,1990,2002,22177
32009,1970,1986,2001,690
32011,1973,1988,2009,976
32013,1975,1991,2001,7768
32015,1974,1986,2002,2739
32017,1954,1982,1999,2471
32019,1982,1998,2006,25436
32021,1958,1971,1984,2281
32023,1989,1998,2006,25289
32027,1969,1984,1995,2297
32029,1973,1989,2001,2038
32031,1974,1991,2005,218165
32033,1940,1970,1994,4160
32510,1972,1981,1996,25156
33001,1956,1979,1996,39003
33003,1963,1982,1996,40421
33005,1937,1972,1989,35899
33007,1934,1969,1988,20637
33009,1954,1981,1996,51920
33011,1955,1978,1992,177734
33013,1942,1977,1994,66497
33015,1964,1983,1999,137794
33017,1953,1979,1998,56609
33019,1943,1974,1989,21958
34001,1957,1978,1995,132199
34003,1945,1960,1981,369613
34005,1961,1977,1995,186315
34007,1950,1967,1984,213774
34009,1959,1981,2000,99599
34011,1951,1969,1987,57282
34013,1934,1958,1981,336962
34015,1960,1980,1999,117915
34017,1934,1966,1999,320959
34019,1955,1979,1992,52115
34021,1951,1969,1989,151138
34023,1956,1974,1992,317979
34025,1956,1975,1992,270415
34027,1955,1971,1990,199506
34029,1967,1981,1999,296357
34031,1935,1956,1977,185816
34033,1944,1962,1980,27732
34035,1961,1982,1995,133639
34037,1955,1973,1988,62865
34039,1941,1956,1976,212385
34041,1943,1972,1992,46789
35001,1967,1982,1999,302746
35003,1973,1986,1999,3409
35005,1956,1972,1988,26864
35006,1965,1978,1993,11236
35007,1954,1977,1993,9607
35009,1961,1976,1997,21426
35011,1956,1977,1993,1260
35013,1976,1991,2005,92436
35015,1959,1980,2002,26839
35017,1961,1978,1994,14755
35019,1952,1976,1996,2029
35021,1929,1960,1985,496
35023,1961,1976,1992,2232
35025,1963,1979,1999,28403
35027,1973,1985,2001,17871
35028,1960,1974,1993,8713
35029,1965,1980,1997,11621
35031,1971,1985,1998,25304
35033,1952,1983,1996,2923
35035,1972,1984,1998,32645
35037,1951,1966,1985,5536
35039,1971,1984,1997,19862
35041,1961,1977,1995,8577
35043,1983,1997,2007,60925
35045,1973,1986,2000,48255
35047,1958,1979,1995,14867
35049,1973,1989,2002,78834
35051,1966,1983,1997,8200
35053,1962,1980,1993,7693
35055,1970,1985,1998,21250
35057,1975,1987,1996,7293
35059,1940,1961,1987,2101
35061,1976,1989,2001,30756
36001,1938,1964,1986,147662
36003,1932,1966,1987,23540
36005,1930,1955,1977,559415
36007,1935,1958,1977,93164
36009,1928,1960,1986,40356
36011,1927,1958,1984,36829
36013,1925,1953,1977,66476
36015,1929,1955,1974,39252
36017,1931,1967,1989,24586
36019,1948,1974,1994,37658
36021,1932,1966,1989,33393
36023,1930,1961,1981,20841
36025,1933,1972,1989,30057
36027,1952,1971,1989,123169
36029,1934,1957,1978,441214
36031,1933,1969,1991,25484
36033,1928,1967,1990,25494
36035,1928,1954,1980,28199
36037,1926,1956,1978,26176
36039,1941,1972,1990,29080
36041,1944,1969,1991,7911
36043,1926,1954,1982,32459
36045,1933,1972,1997,61862
36047,1921,1944,1970,1100772
36049,1931,1972,1994,15637
36051,1930,1970,1990,27328
36053,1932,1964,1988,30730
36055,1941,1965,1985,339430
36057,1921,1944,1976,22981
36059,1944,1955,1967,479044
36061,1923,1951,1976,923472
36063,1936,1958,1980,100446
36065,1931,1958,1981,105443
36067,1944,1964,1985,212002
36069,1939,1976,1997,53379
36071,1951,1975,1996,149699
36073,1923,1955,1983,18326
36075,1936,1971,1991,54844
36077,1925,1954,1986,30057
36079,1950,1968,1986,38450
36081,1933,1953,1969,910206
36083,1930,1962,1989,74543
36085,1953,1974,1990,184621
36087,1958,1971,1988,108945
36089,1933,1964,1988,51970
36091,1962,1984,2002,112109
36093,1932,1956,1980,71244
36095,1933,1974,1992,16562
36097,1934,1969,1993,9752
36099,1928,1959,1986,16194
36101,1931,1963,1987,47665
36103,1957,1970,1987,580772
36105,1946,1974,1991,49994
36107,1937,1969,1988,22104
36109,1939,1974,1994,47804
36111,1938,1966,1987,86503
36113,1945,1973,1991,40342
36115,1928,1963,1990,29192
36117,1933,1968,1989,42570
36119,1936,1959,1979,394358
36121,1926,1960,1984,18263
36123,1932,1969,1991,13211
37001,1964,1988,2004,77073
37003,1969,1985,2000,16218
37005,1965,1980,1997,7804
37007,1957,1974,1992,9954
37009,1968,1983,1998,17218
37011,1974,1985,1998,14201
37013,1961,1980,1997,24526
37015,1964,1981,1998,8984
37017,1970,1983,1998,15286
37019,1988,2002,2011,99077
37021,1966,1991,2006,134483
37023,1962,1980,1996,40358
37025,1974,1997,2009,93691
37027,1963,1980,1995,37387
37029,1983,1999,2007,4301
37031,1977,1989,2003,52181
37033,1965,1981,1999,10521
37035,1967,1985,2000,73133
37037,1981,1998,2010,35914
37039,1979,1994,2005,18404
37041,1963,1980,1995,7190
37043,1975,1990,2002,7497
37045,1965,1979,1997,44304
37047,1965,1982,1998,23563
37049,1974,1989,2005,48533
37051,1972,1988,2003,143798
37053,1985,1998,2009,17079
37055,1980,1988,2001,35278
37057,1966,1985,2001,76396
37059,1971,1990,2003,19311
37061,1968,1986,2001,23861
37063,1974,1993,2009,153022
37065,1958,1978,1996,23281
37067,1966,1984,2002,175631
37069,1982,1997,2010,31767
37071,1962,1982,2002,101671
37073,1966,1991,2002,4827
37075,1974,1989,2001,5240
37077,1973,1992,2005,24787
37079,1966,1984,2000,7939
37081,1967,1987,2002,238032
37083,1959,1979,1995,24872
37085,1978,1997,2008,54902
37087,1962,1983,2000,35560
37089,1973,1990,2004,58044
37091,1962,1978,1994,9816
37093,1983,2000,2009,20921
37095,1961,1981,2000,2952
37097,1978,1997,2008,84199
37099,1975,1990,2004,27803
37101,1984,2000,2011,91218
37103,1966,1988,2004,4698
37105,1972,1988,2003,27166
37107,1961,1978,1994,26879
37109,1976,1994,2007,39504
37111,1966,1984,1999,21575
37113,1974,1987,2000,27216
37115,1970,1987,2003,11356
37117,1957,1975,1995,11058
37119,1980,1997,2009,503071
37121,1956,1978,1996,8697
37123,1965,1984,1999,14998
37125,1976,1994,2008,50280
37127,1969,1986,2000,43797
37129,1975,1993,2006,120050
37131,1965,1981,1997,10641
37133,1979,1998,2011,87354
37135,1975,1990,2005,62858
37137,1972,1988,2002,7322
37139,1962,1988,2004,17721
37141,1983,1998,2009,31844
37143,1971,1991,2004,6967
37145,1964,1983,1999,18584
37147,1977,1994,2006,82638
37149,1964,1984,1999,11042
37151,1968,1985,2000,62901
37153,1961,1976,1994,19893
37155,1971,1986,1999,49111
37157,1959,1978,1996,43868
37159,1961,1983,2000,64975
37161,1961,1981,1998,32775
37163,1969,1988,2001,25852
37165,1966,1982,1995,14441
37167,1955,1976,1997,28632
37169,1970,1983,1998,21497
37171,1962,1979,1996,33747
37173,1973,1989,2001,8629
37175,1969,1984,1998,19266
37177,1954,1979,1998,2229
37179,1985,2000,2009,88851
37181,1963,1982,1997,19489
37183,1985,2000,2011,496047
37185,1974,1988,2001,11723
37187,1963,1975,1988,6040
37189,1973,1988,2002,33355
37191,1968,1984,1999,53505
37193,1964,1980,1994,31836
37195,1966,1986,2001,37053
37197,1965,1983,1996,17253
37199,1971,1988,2001,11376
38001,1936,1964,1980,1326
38003,1934,1966,1989,5700
38005,1955,1972,1985,2536
38007,1964,1983,2003,546
38009,1957,1976,1994,3956
38011,1946,1972,1989,1635
38013,1939,1969,1982,1362
38015,1971,1988,2008,43779
38017,1973,1993,2009,89038
38019,1950,1968,1983,2109
38021,1935,1964,1980,2394
38023,1932,1963,1984,1413
38025,1962,1983,2006,2088
38027,1939,1966,1985,1358
38029,1937,1965,1987,2051
38031,1952,1973,1991,1775
38033,1927,1957,1979,902
38035,1966,1982,2004,33891
38037,1939,1962,1979,1635
38039,1929,1958,1976,1360
38041,1945,1964,1981,1444
38043,1953,1970,1993,1660
38045,1935,1965,1978,2066
38047,1947,1967,1981,1070
38049,1943,1966,1984,2833
38051,1933,1955,1975,1677
38053,1987,2011,2016,7752
38055,1955,1975,1997,5807
38057,1970,1981,1997,4667
38059,1966,1980,2006,15465
38061,1968,1997,2012,5099
38063,1937,1963,1978,1783
38065,1959,1976,1992,893
38067,1950,1969,1981,3503
38069,1948,1972,1986,2042
38071,1960,1976,1990,5872
38073,1935,1969,1992,2546
38075,1954,1973,1992,1339
38077,1950,1972,1989,7530
38079,1968,1980,1998,4588
38081,1943,1975,1996,1996
38083,1942,1967,1980,838
38085,1972,1984,2000,1280
38087,1936,1961,1985,456
38089,1968,1986,2012,15514
38091,1930,1968,1989,1119
38093,1954,1973,1991,10413
38095,1944,1969,1983,1255
38097,1934,1964,1983,3664
38099,1953,1971,1981,5184
38101,1963,1984,2009,32487
38103,1945,1964,1980,2209
38105,1966,2001,2014,20376
39001,1954,1981,1998,12733
39003,1945,1966,1983,44791
39005,1939,1969,1994,22568
39007,1933,1962,1985,46477
39009,1948,1977,1996,26471
39011,1935,1970,1990,20056
39013,1939,1965,1985,31522
39015,1959,1982,1997,19565
39017,1959,1979,1998,155372
39019,1948,1974,1994,13390
39021,1933,1969,1990,16944
39023,1941,1963,1979,61126
39025,1969,1987,2001,88470
39027,1953,1977,1997,18039
39029,1938,1964,1985,46121
39031,1938,1967,1989,16308
39033,1932,1959,1976,19812
39035,1936,1957,1975,615331
39037,1932,1963,1981,22651
39039,1939,1968,1989,16565
39041,1986,2000,2010,86269
39043,1947,1968,1988,38534
39045,1960,1984,2001,64036
39047,1950,1971,1991,12725
39049,1960,1979,1999,595469
39051,1940,1971,1993,17739
39053,1963,1981,1998,13464
39055,1957,1977,1995,37716
39057,1958,1976,1998,72391
39059,1947,1972,1994,19037
39061,1940,1963,1983,381356
39063,1945,1973,1995,33920
39065,1934,1969,1989,12917
39067,1937,1964,1993,7383
39069,1932,1964,1986,12096
39071,1952,1979,1996,19036
39073,1958,1981,1997,13013
39075,1961,1986,2003,14561
39077,1938,1968,1990,25597
39079,1953,1979,1998,14548
39081,1941,1958,1976,31025
39083,1939,1973,1996,26078
39085,1956,1972,1991,106331
39087,1955,1975,1993,26536
39089,1958,1980,2000,73273
39091,1943,1973,1995,23866
39093,1954,1973,1997,136548
39095,1942,1963,1983,200998
39097,1951,1976,1996,16519
39099,1946,1963,1980,107990
39101,1935,1963,1982,27358
39103,1966,1985,2001,76202
39105,1950,1978,1996,10675
39107,1951,1974,1995,18103
39109,1946,1971,1994,47226
39111,1949,1976,1998,7132
39113,1951,1966,1982,252843
39115,1944,1978,1999,7320
39117,1955,1980,2001,14704
39119,1943,1972,1993,38357
39121,1948,1978,1997,5798
39123,1951,1976,1995,28911
39125,1951,1971,1992,8551
39127,1941,1978,1998,15044
39129,1955,1978,2000,22981
39131,1957,1980,1997,12107
39133,1959,1977,1997,71325
39135,1937,1972,1991,18140
39137,1940,1972,1993,13884
39139,1949,1965,1982,54668
39141,1952,1974,1994,32092
39143,1933,1960,1984,26501
39145,1945,1968,1989,33070
39147,1928,1959,1980,23982
39149,1949,1974,1993,20149
39151,1946,1966,1985,167949
39153,1948,1966,1988,247924
39155,1949,1964,1979,94464
39157,1941,1971,1993,40913
39159,1970,1996,2010,25158
39161,1931,1960,1984,12573
39163,1961,1982,2001,5935
39165,1974,1995,2006,96061
39167,1949,1973,1989,27949
39169,1954,1975,1995,46954
39171,1937,1966,1988,16564
39173,1958,1978,1998,57649
39175,1930,1962,1985,9892
40001,1969,1982,1998,8148
40003,1930,1959,1978,2466
40005,1970,1984,2001,6004
40007,1950,1968,1983,2471
40009,1960,1978,2003,10137
40011,1953,1972,1984,4581
40013,1973,1989,2007,20780
40015,1954,1972,1987,11545
40017,1978,1999,2012,61956
40019,1956,1978,1998,21624
40021,1974,1989,2004,22363
40023,1970,1982,1998,7117
40025,1944,1963,1980,1366
40027,1975,1990,2006,124442
40029,1960,1976,1993,2585
40031,1962,1977,1997,52666
40033,1949,1971,1990,2697
40035,1953,1974,1994,6381
40037,1970,1985,2003,31629
40039,1963,1978,1995,12971
40041,1974,1987,2002,24396
40043,1953,1974,1994,2184
40045,1947,1969,1985,2127
40047,1952,1970,1985,27804
40049,1959,1973,1987,12081
40051,1963,1982,2002,23528
40053,1944,1967,1982,2163
40055,1947,1964,1980,2613
40057,1951,1964,1978,1354
40059,1951,1965,1978,1714
40061,1967,1984,2001,5704
40063,1948,1971,1991,5782
40065,1957,1973,1989,12072
40067,1952,1970,1980,2734
40069,1969,1983,2001,4708
40071,1948,1964,1980,20913
40073,1960,1978,1999,6460
40075,1940,1962,1979,4665
40077,1968,1983,2001,4705
40079,1969,1985,2000,21249
40081,1970,1986,2003,14561
40083,1972,1993,2008,19479
40085,1971,1984,2003,4732
40087,1978,1997,2011,17630
40089,1972,1983,2000,14013
40091,1971,1983,2001,11895
40093,1954,1976,1993,3716
40095,1972,1985,2001,8832
40097,1967,1981,2001,18391
40099,1966,1980,2000,6555
40101,1959,1978,1995,29349
40103,1953,1975,1994,5078
40105,1954,1977,1996,4362
40107,1963,1980,1998,4798
40109,1961,1978,2000,360591
40111,1951,1976,1995,16738
40113,1962,1980,2001,19886
40115,1954,1974,1992,13701
40117,1962,1978,1997,7326
40119,1966,1984,2004,37069
40121,1962,1979,1998,22252
40123,1962,1978,1999,17531
40125,1964,1980,2001,30317
40127,1971,1982,1999,5708
40129,1950,1974,1993,1847
40131,1975,1993,2007,39369
40133,1953,1976,1995,10838
40135,1973,1986,2000,18367
40137,1959,1975,1988,20323
40139,1960,1976,1992,8461
40141,1950,1963,1976,3748
40143,1962,1979,1999,297882
40145,1976,1995,2008,34178
40147,1955,1971,1989,23741
40149,1951,1964,1981,5140
40151,1934,1960,1977,4447
40153,1961,1978,1992,9391
41001,1931,1967,1990,8725
41003,1965,1979,2000,40951
41005,1970,1985,2001,174323
41007,1942,1975,1995,23395
41009,1960,1981,1998,22167
41011,1955,1974,1992,31905
41013,1974,1996,2008,11800
41015,1967,1982,1998,13215
41017,1981,1998,2008,99297
41019,1957,1977,1996,50562
41021,1943,1961,1994,1138
41023,1951,1971,1989,4157
41025,1955,1974,1990,3732
41027,1959,1984,2002,10290
41029,1967,1985,2002,97991
41031,1974,1991,2002,10602
41033,1968,1982,2000,39503
41035,1951,1974,1994,33162
41037,1952,1972,1989,4234
41039,1963,1977,1998,169788
41041,1965,1981,1998,32628
41043,1960,1978,1999,53315
41045,1954,1974,1991,11716
41047,1965,1979,1999,132295
41049,1965,1979,1998,4912
41051,1943,1972,1998,371179
41053,1970,1990,2004,34867
41055,1928,1960,1993,969
41057,1955,1980,1999,19213
41059,1956,1979,1997,32199
41061,1938,1973,1992,11829
41063,1944,1973,1997,4349
41065,1949,1973,1993,12198
41067,1974,1990,2004,243278
41069,1936,1975,1998,908
41071,1972,1990,2003,41200
42001,1954,1980,1998,43672
42003,1936,1957,1978,606827
42005,1934,1959,1982,32128
42007,1938,1957,1977,79328
42009,1939,1971,1992,23567
42011,1936,1969,1991,171580
42013,1932,1957,1980,55901
42015,1931,1969,1989,29486
42017,1957,1975,1993,257260
42019,1955,1980,2000,87382
42021,1934,1956,1976,64456
42023,1944,1959,1979,3920
42025,1934,1972,1990,34417
42027,1958,1980,1998,66475
42029,1962,1983,2001,212491
42031,1939,1967,1986,18856
42033,1938,1970,1989,38198
42035,1936,1967,1986,18617
42037,1941,1970,1986,29824
42039,1939,1966,1985,42157
42041,1955,1978,1999,111278
42043,1950,1972,1993,127828
42045,1942,1957,1975,229715
42047,1942,1961,1981,16880
42049,1941,1964,1985,120111
42051,1932,1959,1981,62158
42053,1955,1970,1985,6937
42055,1954,1978,1998,67157
42057,1952,1976,1994,7157
42059,1930,1960,1986,16201
42061,1937,1972,1992,20984
42063,1944,1970,1988,37626
42065,1932,1961,1982,22085
42067,1942,1973,1993,10506
42069,1928,1955,1980,100177
42071,1952,1978,1997,219224
42073,1936,1957,1978,39591
42075,1946,1972,1995,59921
42077,1941,1968,1991,151220
42079,1933,1960,1981,151287
42081,1933,1963,1985,52715
42083,1926,1953,1978,19465
42085,1944,1963,1983,50930
42087,1933,1960,1981,21468
42089,1971,1984,1997,79607
42091,1952,1971,1992,350351
42093,1950,1976,1994,8144
42095,1938,1971,1994,129448
42097,1926,1954,1979,43395
42099,1947,1976,1994,20049
42101,1925,1949,1969,748270
42103,1972,1985,2000,40177
42105,1940,1969,1987,12397
42107,1921,1946,1977,67295
42109,1947,1973,1993,16053
42111,1935,1964,1986,37863
42113,1936,1973,1992,5584
42115,1938,1975,1991,21348
42117,1931,1972,1992,21571
42119,1943,1974,1993,16205
42121,1930,1959,1982,26244
42123,1933,1959,1979,21629
42125,1938,1966,1991,97923
42127,1958,1980,1994,32171
42129,1946,1964,1985,168812
42131,1939,1974,1991,12896
42133,1952,1976,1997,189857
44001,1931,1957,1979,21615
44003,1948,1967,1985,76529
44005,1933,1963,1986,43663
44007,1928,1956,1980,277740
44009,1954,1977,1993,66385
45001,1962,1980,1996,11806
45003,1969,1989,2005,80008
45005,1961,1977,1994,4050
45007,1970,1988,2003,92319
45009,1960,1978,1994,6581
45011,1967,1983,1994,9927
45013,1985,1999,2008,103177
45015,1984,2002,2013,100600
45017,1972,1988,2000,7068
45019,1971,1991,2008,209803
45021,1969,1984,2000,25150
45023,1959,1980,1996,14807
45025,1968,1986,1998,20843
45027,1977,1990,2000,16089
45029,1973,1987,2000,20083
45031,1967,1984,1997,29763
45033,1967,1984,1999,12914
45035,1983,2000,2009,67865
45037,1974,1988,2001,11513
45039,1969,1984,1998,11003
45041,1970,1986,2002,62090
45043,1979,1993,2005,37173
45045,1972,1992,2008,238260
45047,1960,1977,1995,31702
45049,1967,1984,1997,8645
45051,1985,1999,2010,217419
45053,1990,2003,2014,14758
45055,1975,1993,2006,30134
45057,1974,2000,2012,43832
45059,1968,1985,1999,32027
45061,1969,1983,1996,7602
45063,1976,1993,2007,132916
45065,1967,1987,2002,5675
45067,1964,1982,1998,14505
45069,1960,1977,1992,12077
45071,1959,1981,1998,18558
45073,1973,1990,2004,42100
45075,1969,1983,1996,41527
45077,1973,1989,2003,58677
45079,1970,1989,2006,187611
45081,1966,1987,1999,9543
45083,1970,1990,2007,144170
45085,1973,1987,2001,47582
45087,1955,1972,1991,13527
45089,1970,1985,1999,14907
45091,1982,2000,2010,120653
46003,1928,1962,1992,1261
46005,1937,1963,1986,8474
46007,1950,1973,1988,1151
46009,1929,1958,1980,2842
46011,1961,1983,2007,15179
46013,1949,1973,1998,18090
46015,1942,1971,1992,2367
46017,1966,1976,1991,578
46019,1956,1982,2001,4783
46021,1937,1960,1988,920
46023,1936,1971,1993,3668
46025,1926,1957,1983,1609
46027,1953,1976,2005,6262
46029,1953,1978,2002,13533
46031,1955,1974,1996,1359
46033,1969,1994,2008,5291
46035,1944,1972,1995,9579
46037,1936,1967,1993,3440
46039,1936,1971,1991,2155
46041,1963,1978,1994,1931
46043,1926,1960,1985,1338
46045,1947,1967,1989,1898
46047,1932,1972,1992,4093
46049,1932,1964,1981,1085
46051,1937,1972,1991,3456
46053,1932,1963,1990,2188
46055,1952,1974,1992,895
46057,1932,1969,2000,2860
46059,1931,1966,1986,1719
46061,1927,1956,1988,1291
46063,1946,1973,1992,688
46065,1963,1978,1997,7997
46067,1938,1962,1978,3236
46069,1928,1960,1979,617
46071,1967,1979,2000,1086
46073,1927,1958,1991,963
46075,1951,1973,1992,479
46077,1931,1967,1995,2663
46079,1947,1975,1997,5797
46081,1956,1987,2006,14840
46083,1992,2005,2014,28710
46085,1961,1976,1993,1553
46087,1936,1970,1996,2473
46089,1939,1962,1978,1205
46091,1935,1970,1989,2436
46093,1973,1990,2005,12871
46095,1953,1969,1983,779
46097,1927,1954,1978,1180
46099,1964,1987,2006,89418
46101,1933,1972,1996,2759
46102,1973,1987,1998,3470
46103,1964,1982,2004,51681
46105,1944,1966,1980,1744
46107,1954,1974,1997,1567
46109,1945,1974,1993,4848
46111,1928,1958,1981,1168
46115,1925,1959,1988,3010
46117,1974,1993,2004,1542
46119,1953,1979,2002,934
46121,1971,1981,1995,2879
46123,1939,1969,1991,2762
46125,1927,1962,1991,3913
46127,1968,1993,2006,7588
46129,1950,1969,1986,2932
46135,1956,1977,1998,10616
46137,1971,1987,1998,885
47001,1954,1977,1996,35880
47003,1969,1990,2004,20488
47005,1965,1980,1997,8569
47007,1976,1993,2005,5912
47009,1970,1990,2004,61850
47011,1971,1986,2002,45949
47013,1967,1984,1999,20559
47015,1967,1990,2002,6453
47017,1961,1977,1996,13100
47019,1956,1977,1996,28118
47021,1976,1992,2004,17449
47023,1972,1989,2002,7279
47025,1972,1987,2003,15512
47027,1973,1985,2001,4005
47029,1969,1987,2000,17957
47031,1968,1986,2002,25467
47033,1964,1979,1997,6134
47035,1978,1994,2005,31455
47037,1966,1986,2007,357113
47039,1968,1984,2001,6591
47041,1970,1986,2003,10155
47043,1971,1988,2003,23657
47045,1958,1978,1996,16311
47047,1979,1999,2008,18494
47049,1971,1987,2002,9260
47051,1966,1985,2001,20110
47053,1958,1976,1997,22617
47055,1966,1982,1999,14221
47057,1975,1992,2003,11835
47059,1965,1983,2000,32697
47061,1971,1987,2001,6240
47063,1966,1980,1997,28095
47065,1962,1982,2003,168013
47067,1958,1982,2001,3675
47069,1966,1982,1996,10750
47071,1971,1986,2000,15161
47073,1968,1986,1999,27445
47075,1964,1977,1993,8260
47077,1969,1988,2000,12963
47079,1967,1984,1999,17088
47081,1971,1989,2001,10711
47083,1964,1981,1998,3954
47085,1965,1978,1997,8892
47087,1975,1989,1999,5854
47089,1972,1991,2003,25632
47091,1965,1981,1997,8761
47093,1966,1985,2003,218661
47095,1959,1975,1989,2494
47097,1963,1981,1997,10703
47099,1966,1983,1997,18730
47101,1969,1991,2003,5804
47103,1962,1985,2001,16291
47105,1972,1992,2007,26043
47107,1963,1983,2001,24137
47109,1970,1983,1999,12327
47111,1969,1991,2004,10997
47113,1970,1986,2000,44091
47115,1971,1985,1999,14058
47117,1970,1991,2004,14749
47119,1971,1994,2010,46159
47121,1980,1994,2005,6275
47123,1974,1991,2004,21764
47125,1980,1998,2011,93445
47127,1975,1991,2004,3017
47129,1968,1985,2000,8566
47131,1959,1975,1994,14326
47133,1965,1983,2001,10406
47135,1967,1988,2004,4866
47137,1973,1993,2004,3360
47139,1972,1988,2002,9064
47141,1975,1991,2005,36506
47143,1973,1988,2003,15451
47145,1962,1979,1998,25680
47147,1976,1994,2006,29824
47149,1985,2001,2011,138929
47151,1973,1988,2002,9873
47153,1975,1993,2006,6992
47155,1980,1995,2007,58967
47157,1959,1977,1995,404333
47159,1965,1988,2001,8752
47161,1972,1989,2002,6718
47163,1958,1977,1995,76324
47165,1976,1995,2010,83236
47167,1976,1993,2004,24417
47169,1973,1989,2008,3974
47171,1959,1977,1993,8749
47173,1974,1993,2005,9831
47175,1967,1978,2001,2922
47177,1966,1979,1997,18537
47179,1965,1985,2002,62077
47181,1965,1982,1997,7211
47183,1962,1977,1996,15056
47185,1966,1984,1999,12335
47187,1988,2002,2012,96921
47189,1981,2000,2012,63031
48001,1970,1985,2004,20648
48003,1963,1983,2007,7153
48005,1970,1986,2003,37023
48007,1981,1998,2011,15999
48009,1962,1982,1996,3966
48011,1951,1965,1980,886
48013,1974,1993,2008,19214
48015,1973,1992,2006,14319
48017,1958,1969,1982,2740
48019,1982,1997,2008,11585
48021,1982,1999,2011,39706
48023,1956,1966,1980,2190
48025,1965,1978,1992,10650
48027,1978,1996,2010,155018
48029,1971,1990,2008,820780
48031,1979,1998,2010,6129
48033,1957,1973,1997,368
48035,1961,1979,1996,9348
48037,1968,1984,1999,39948
48039,1977,1996,2010,150321
48041,1981,1997,2011,100826
48043,1961,1979,2002,5917
48045,1952,1963,1976,849
48047,1951,1970,1990,3884
48049,1961,1978,1993,19246
48051,1976,1991,2007,9579
48053,1978,1997,2008,25555
48055,1972,1991,2007,17582
48057,1962,1978,1999,10833
48059,1955,1977,2000,6539
48061,1977,1992,2006,159679
48063,1972,1985,1999,5824
48065,1942,1959,1979,2810
48067,1967,1980,1998,13993
48069,1955,1966,1986,3024
48071,1986,2004,2015,18937
48073,1970,1987,2003,21053
48075,1937,1963,1988,2772
48077,1961,1978,1997,5163
48079,1957,1971,1985,1268
48081,1958,1974,1987,2144
48083,1949,1966,1988,4899
48085,1991,2003,2013,437396
48087,1936,1961,1973,1487
48089,1957,1983,2001,10102
48091,1987,2005,2015,77961
48093,1950,1977,1998,6940
48095,1946,1973,1991,1414
48097,1965,1983,2004,17944
48099,1972,1987,2005,29512
48101,1945,1960,1978,930
48103,1958,1977,1991,1840
48105,1954,1976,1999,1729
48107,1952,1964,1977,2659
48109,1962,1975,1987,1097
48111,1957,1977,1996,3052
48113,1967,1983,2002,1064965
48115,1952,1963,1977,4903
48117,1961,1971,1984,6984
48119,1957,1980,1997,2450
48121,1989,2003,2013,376754
48123,1957,1978,1999,9238
48125,1952,1962,1981,1151
48127,1971,1985,2007,4023
48129,1950,1972,1991,1951
48131,1959,1980,1992,4420
48133,1945,1966,1989,9384
48135,1964,1984,2006,68899
48137,1952,1975,2003,815
48139,1983,2002,2013,75422
48141,1970,1988,2006,323571
48143,1972,1991,2008,18694
48145,1958,1976,1996,7450
48147,1966,1987,2004,14814
48149,1957,1984,2003,13233
48151,1952,1963,1978,2016
48153,1953,1962,1972,2592
48155,1933,1958,1975,623
48157,1990,2005,2014,305633
48159,1975,1988,2003,5121
48161,1971,1987,2005,9123
48163,1971,1986,2004,6393
48165,1967,1986,2003,7719
48167,1972,1990,2007,161868
48169,1958,1973,1995,2190
48171,1973,1991,2007,14373
48173,1962,1981,2003,513
48175,1968,1989,2004,3547
48177,1959,1983,2002,9020
48179,1951,1961,1979,9952
48181,1964,1985,2005,62132
48183,1968,1980,1997,53883
48185,1981,1997,2012,12349
48187,1985,2003,2013,69700
48189,1959,1969,1983,13392
48191,1929,1959,1972,1739
48193,1945,1965,1988,4372
48195,1959,1970,1982,2275
48197,1938,1961,1978,1808
48199,1974,1994,2008,25100
48201,1973,1988,2006,1917790
48203,1964,1984,2003,29756
48205,1959,1979,1994,1814
48207,1947,1964,1985,3081
48209,1992,2007,2015,104675
48211,1947,1975,1992,1763
48213,1975,1988,2005,41852
48215,1985,2000,2009,308556
48217,1962,1984,2002,16434
48219,1962,1978,1992,9233
48221,1982,1998,2010,29066
48223,1969,1985,2004,15882
48225,1967,1981,1995,10837
48227,1955,1966,1982,14048
48229,1969,1983,2001,1133
48231,1973,1990,2008,43022
48233,1955,1969,1984,10170
48235,1955,1980,1991,771
48237,1958,1975,1991,3811
48239,1959,1978,1998,7029
48241,1972,1987,2002,16727
48243,1979,1991,2004,1531
48245,1964,1978,2000,109884
48247,1957,1977,1997,1872
48249,1966,1981,2001,16229
48251,1980,1997,2010,70796
48253,1950,1969,1989,7062
48255,1964,1988,2005,5975
48257,1987,2005,2015,54130
48259,1988,2002,2012,19213
48261,1946,1957,1980,127
48263,1954,1973,1995,523
48265,1973,1987,2003,25632
48267,1961,1981,2002,2736
48269,1954,1968,1984,189
48271,1973,1983,1992,1482
48273,1959,1976,1998,14012
48275,1951,1966,1981,1804
48277,1972,1987,2003,22824
48279,1955,1966,1979,5885
48281,1969,1990,2005,9871
48283,1959,1984,2003,2271
48285,1955,1977,1999,10518
48287,1974,1992,2005,7981
48289,1977,1991,2005,9067
48291,1978,1996,2010,36121
48293,1967,1983,2001,10443
48295,1955,1973,1984,1432
48297,1972,1985,2002,5996
48299,1975,1990,2005,15788
48303,1967,1985,2005,139344
48305,1954,1966,1984,2521
48307,1947,1971,1989,4219
48309,1964,1983,2004,108454
48311,1958,1986,2003,348
48313,1966,1985,2004,5107
48315,1967,1981,2000,5623
48317,1960,1974,2003,2135
48319,1946,1976,1998,2430
48321,1964,1979,1999,19058
48323,1982,1997,2009,20445
48325,1975,1996,2009,19890
48327,1941,1972,1990,1383
48329,1973,1992,2012,72723
48331,1966,1983,2004,11641
48333,1953,1977,1998,2597
48335,1948,1961,1978,3691
48337,1962,1979,2002,10348
48339,1990,2004,2013,266019
48341,1960,1975,1995,8277
48343,1961,1975,1988,5821
48345,1939,1961,1976,734
48347,1972,1985,2000,29156
48349,1966,1983,2002,22191
48351,1974,1988,2005,6492
48353,1952,1965,1980,7104
48355,1963,1983,2001,154408
48357,1965,1976,1993,4345
48359,1953,1967,1990,776
48361,1967,1983,2004,37937
48363,1961,1979,2002,15206
48365,1969,1984,2004,10853
48367,1984,2002,2013,59879
48369,1960,1973,1988,3745
48371,1965,1981,2004,5897
48373,1976,1989,2005,26469
48375,1951,1963,1986,49390
48377,1949,1982,1994,3273
48379,1981,1996,2009,5925
48381,1970,1986,2007,61677
48383,1965,1982,1994,1336
48385,1970,1989,2007,1951
48387,1970,1981,1998,6194
48389,1959,1975,1999,5167
48391,1958,1973,1995,3359
48393,1936,1966,1987,393
48395,1966,1985,2004,8612
48397,1994,2006,2014,43580
48399,1948,1958,1979,4990
48401,1963,1980,2000,21311
48403,1976,1991,2004,7697
48405,1970,1989,1998,4814
48407,1977,1991,2006,15011
48409,1967,1982,2004,30435
48411,1954,1981,1998,2835
48413,1957,1976,1989,1287
48415,1953,1968,1983,6881
48417,1951,1970,1994,1575
48419,1971,1984,2001,11584
48421,1949,1966,1990,1135
48423,1968,1986,2005,99673
48425,1976,1995,2008,4017
48427,1983,1994,2007,23139
48429,1961,1975,1988,4676
48431,1965,1983,1994,524
48433,1956,1971,1981,791
48435,1954,1972,1990,1766
48437,1948,1961,1974,3029
48439,1974,1990,2006,843257
48441,1956,1978,1998,62198
48443,1928,1957,1975,639
48445,1954,1965,1980,4789
48447,1946,1961,1977,991
48449,1971,1985,2000,12146
48451,1962,1980,1997,52318
48453,1981,1999,2012,618236
48455,1975,1988,2005,8326
48457,1971,1985,2002,9518
48459,1972,1989,2007,17519
48461,1952,1967,1986,1683
48463,1967,1983,1999,10095
48465,1969,1983,1999,18711
48467,1973,1991,2006,25903
48469,1964,1983,2002,39481
48471,1976,1989,2007,30383
48473,1983,1998,2012,20345
48475,1959,1973,1987,5165
48477,1972,1989,2007,17642
48479,1981,1997,2008,88176
48481,1962,1980,1999,17711
48483,1945,1971,1986,2606
48485,1956,1972,1988,55750
48487,1946,1965,1981,5845
48489,1965,1984,2001,6885
48491,1993,2006,2015,262644
48493,1988,2000,2010,19480
48495,1959,1968,1981,3227
48497,1980,1996,2009,27530
48499,1974,1990,2003,22388
48501,1960,1977,1995,3028
48503,1958,1976,1990,8545
48505,1977,1992,2001,6255
48507,1963,1979,1997,3946
49001,1939,1976,1996,2969
49003,1961,1983,2005,20760
49005,1971,1992,2008,46665
49007,1946,1972,1985,9669
49009,1972,1979,2001,1163
49011,1975,1993,2007,120879
49013,1972,1986,2003,9028
49015,1971,1978,1991,4122
49017,1962,1982,1999,3620
49019,1971,1988,2006,5424
49021,1982,1997,2009,23550
49023,1948,1982,2006,4080
49025,1979,1994,2005,6422
49027,1942,1974,1990,5045
49029,1969,1997,2009,3942
49031,1946,1976,2001,869
49033,1972,1992,2006,3373
49035,1968,1986,2005,449662
49037,1972,1986,2000,5679
49039,1948,1985,2001,10578
49041,1948,1977,1998,8831
49043,1982,1995,2006,26549
49045,1978,1998,2010,24965
49047,1974,1992,2007,13838
49049,1980,2001,2012,211066
49051,1991,2005,2014,16228
49053,1991,2003,2012,82189
49055,1968,1985,2002,1735
49057,1961,1984,2003,100568
50001,1939,1977,1995,17617
50003,1940,1972,1987,20903
50005,1930,1973,1992,16164
50007,1959,1981,1998,74888
50009,1936,1973,1995,4952
50011,1940,1979,1999,23019
50013,1957,1984,2001,5326
50015,1961,1982,1999,14320
50017,1938,1978,1996,15078
50019,1947,1978,1996,16751
50021,1932,1969,1986,33991
50023,1936,1973,1989,31004
50025,1942,1974,1989,30183
50027,1937,1973,1988,34846
51001,1955,1982,1999,22052
51003,1976,1992,2006,49159
51005,1943,1969,1987,7913
51007,1975,1993,2006,5815
51009,1962,1978,1996,14364
51011,1961,1981,2002,7459
51013,1953,1976,2002,121970
51015,1971,1989,2001,33111
51017,1943,1977,2000,3228
51019,1974,1990,2002,37484
51021,1961,1984,1999,3210
51023,1968,1984,2000,15069
51025,1958,1979,1998,7957
51027,1965,1979,1995,10321
51029,1972,1990,2003,7284
51031,1966,1982,1999,25533
51033,1974,1993,2006,12920
51035,1962,1981,1999,16696
51036,1968,1988,2001,3270
51037,1958,1981,1997,5973
51041,1977,1990,2006,145709
51043,1957,1980,2001,6553
51045,1965,1981,2002,2398
51047,1975,1994,2006,19773
51049,1966,1986,1999,4736
51051,1963,1982,1997,7362
51053,1970,1987,2001,11982
51057,1959,1980,1998,5811
51059,1970,1983,1996,430047
51061,1972,1987,2002,28621
51063,1968,1987,2002,7977
51065,1983,1995,2005,11495
51067,1973,1988,2001,28408
51069,1980,1996,2008,37288
51071,1948,1972,1993,8338
51073,1973,1987,2002,17309
51075,1982,2000,2011,11208
51077,1953,1975,1994,8961
51079,1977,1994,2005,8852
51081,1966,1979,1996,4026
51083,1957,1974,1993,17443
51085,1975,1991,2004,44589
51087,1967,1985,2000,144916
51089,1960,1974,1988,25404
51091,1928,1971,1994,1864
51093,1975,1993,2006,17125
51095,1984,1997,2007,34726
51097,1972,1991,2002,3511
51099,1979,2000,2008,10679
51101,1977,1996,2008,7730
51103,1967,1982,1997,7496
51105,1955,1977,1994,10851
51107,1991,2002,2011,147003
51109,1979,1995,2006,18366
51111,1949,1972,1993,5908
51113,1961,1980,1999,6140
51115,1954,1976,1994,5493
51117,1965,1983,2000,19315
51119,1960,1982,1999,7153
51121,1972,1986,2003,42794
51125,1970,1986,1999,9995
51127,1977,1997,2011,9795
51131,1950,1982,2003,7550
51133,1971,1989,2003,9044
51135,1952,1973,1996,6749
51137,1971,1993,2006,16131
51139,1950,1974,1992,11955
51141,1962,1980,1996,10023
51143,1964,1981,1996,29443
51145,1981,1996,2007,12021
51147,1959,1980,1999,9209
51149,1978,1992,2004,13532
51153,1980,1995,2006,161852
51155,1958,1975,1992,17056
51157,1958,1982,1996,3865
51159,1962,1978,1998,3970
51161,1965,1978,1996,42331
51163,1956,1980,1998,11361
51165,1966,1986,2003,36550
51167,1966,1980,1996,12761
51169,1955,1975,1994,11780
51171,1963,1983,2001,21395
51173,1956,1973,1990,15080
51175,1961,1981,2000,7810
51177,1985,1997,2007,55427
51179,1983,1997,2008,54659
51181,1960,1983,2001,3451
51183,1965,1980,2000,4706
51185,1955,1975,1991,19768
51187,1968,1986,2001,17064
51191,1968,1983,1998,25570
51193,1960,1984,2004,11448
51195,1960,1980,1996,16627
51197,1961,1979,1998,14030
51199,1978,1992,2004,28506
51510,1956,1974,1996,80844
51520,1949,1967,1983,8641
51530,1955,1972,1987,2949
51540,1951,1968,1994,21610
51550,1975,1989,2003,96816
51570,1959,1970,1983,8114
51580,1929,1951,1968,3035
51590,1946,1961,1977,22376
51595,1950,1959,1977,2726
51600,1958,1967,1992,9313
51610,1953,1971,2002,6585
51620,1952,1967,1994,3910
51630,1961,1986,2010,12419
51640,1952,1967,1980,3214
51650,1960,1974,1993,62588
51660,1970,1987,2002,18667
51670,1953,1972,1986,10448
51678,1933,1959,1974,2808
51680,1950,1971,1992,34208
51683,1973,1985,1995,14505
51685,1979,1997,2006,5569
51690,1946,1958,1974,7035
51700,1963,1979,1995,82052
51710,1950,1964,1987,103524
51720,1952,1973,1985,1764
51730,1951,1970,1988,18075
51735,1961,1977,1990,4971
51740,1951,1967,1987,43318
51750,1954,1976,1992,6459
51760,1935,1959,1986,114293
51770,1940,1958,1978,49106
51775,1955,1971,1984,11112
51790,1947,1962,1977,12397
51800,1973,1996,2008,40499
51810,1972,1984,1996,191294
51820,1954,1969,1994,10510
51830,1966,1987,2005,5799
51840,1946,1968,1989,12541
53001,1959,1977,1998,6926
53003,1955,1976,1996,10183
53005,1968,1988,2006,83101
53007,1958,1983,2002,38677
53009,1967,1982,1999,38613
53011,1975,1993,2006,204375
53013,1930,1953,1984,2217
53015,1954,1976,1997,46422
53017,1967,1988,2004,17960
53019,1971,1985,2000,4117
53021,1972,1997,2009,31183
53023,1931,1957,1983,1221
53025,1965,1988,2005,40214
53027,1945,1974,1995,36967
53029,1974,1991,2002,42744
53031,1971,1988,2002,19534
53033,1962,1983,2003,1003284
53035,1971,1986,2000,116970
53037,1971,1993,2006,24674
53039,1957,1986,2003,10945
53041,1958,1980,1999,36512
53043,1938,1972,1995,5918
53045,1973,1989,2001,34152
53047,1963,1982,2000,22156
53049,1954,1979,1998,16325
53051,1965,1985,2001,8113
53053,1966,1986,2003,369709
53055,1974,1988,2002,13990
53057,1965,1986,2001,57050
53059,1970,1984,2000,5973
53061,1973,1990,2004,331530
53063,1954,1978,2001,231205
53065,1970,1985,2001,22782
53067,1974,1991,2005,125163
53069,1946,1978,2003,2250
53071,1947,1973,1997,25422
53073,1971,1989,2004,103520
53075,1957,1977,1998,22091
53077,1955,1977,1997,92432
54001,1945,1976,1995,7124
54003,1978,1996,2007,53819
54005,1956,1976,1993,10150
54007,1952,1977,1994,6244
54009,1946,1966,1981,10691
54011,1951,1971,1991,46030
54013,1951,1975,1993,3185
54015,1970,1985,1999,3961
54017,1950,1977,1995,3235
54019,1947,1972,1992,19084
54021,1945,1974,1987,3117
54023,1963,1980,1997,5670
54025,1956,1977,1996,17913
54027,1969,1986,2000,12639
54029,1950,1959,1976,14194
54031,1967,1984,1999,8284
54033,1941,1965,1989,30537
54035,1965,1979,1997,12867
54037,1973,1991,2005,24774
54039,1950,1966,1986,90408
54041,1950,1977,1997,8219
54043,1969,1983,1997,9595
54045,1957,1982,1996,14772
54047,1934,1958,1980,9336
54049,1936,1961,1987,26276
54051,1936,1961,1981,14701
54053,1956,1978,1997,12179
54055,1952,1974,1992,29345
54057,1961,1977,1992,12509
54059,1970,1982,1996,11554
54061,1965,1988,2005,49932
54063,1958,1978,1994,6240
54065,1968,1987,2001,9250
54067,1961,1981,1997,12550
54069,1930,1956,1979,21120
54071,1953,1977,1991,3695
54073,1954,1976,1996,3222
54075,1962,1982,1997,6834
54077,1961,1982,2000,15183
54079,1972,1989,2001,24963
54081,1956,1977,1994,34604
54083,1949,1977,1995,13072
54085,1946,1975,1995,4176
54087,1956,1976,1995,7146
54089,1948,1974,1989,6541
54091,1939,1979,1997,7433
54093,1957,1983,1997,4652
54095,1935,1968,1990,4110
54097,1960,1979,1997,11281
54099,1957,1976,1993,18263
54101,1952,1975,1991,4388
54103,1938,1962,1984,7297
54105,1969,1985,1999,2725
54107,1952,1970,1988,40283
54109,1952,1974,1989,9953
55001,1971,1984,2000,17008
55003,1939,1972,1992,9445
55005,1952,1977,1996,24067
55007,1958,1982,2001,13356
55009,1963,1981,2000,115493
55011,1937,1969,1992,6522
55013,1968,1983,2001,15396
55015,1964,1987,2004,22493
55017,1953,1978,2000,29366
55019,1940,1972,1993,14961
55021,1948,1976,1998,26880
55023,1951,1978,1997,8765
55025,1965,1986,2005,261061
55027,1936,1970,1995,38524
55029,1958,1983,2001,24436
55031,1940,1969,1991,23154
55033,1958,1983,2000,18983
55035,1955,1978,1998,46936
55037,1956,1979,1999,4638
55039,1940,1971,1995,46094
55041,1959,1980,1998,8715
55043,1945,1973,1995,22332
55045,1938,1972,1994,16480
55047,1942,1971,1990,10772
55049,1938,1975,1997,11108
55051,1946,1972,1995,5566
55053,1952,1979,2001,9750
55055,1942,1973,1996,36890
55057,1959,1981,2000,14767
55059,1952,1975,1998,73678
55061,1936,1970,1993,9367
55063,1954,1978,1999,54011
55065,1930,1966,1990,7234
55067,1944,1972,1993,12221
55069,1948,1975,1996,16327
55071,1935,1964,1989,38084
55073,1954,1978,1999,60910
55075,1953,1975,1995,29484
55077,1954,1977,1995,9827
55078,1975,1985,1995,2186
55079,1936,1957,1976,426715
55081,1952,1980,1999,20022
55083,1959,1981,2000,24072
55085,1961,1980,1998,30814
55087,1957,1980,2000,80915
55089,1960,1978,1998,39872
55091,1939,1970,1996,3606
55093,1956,1980,2001,17152
55095,1959,1981,2000,24558
55097,1960,1979,1998,31746
55099,1950,1976,1996,10819
55101,1949,1968,1991,85658
55103,1935,1971,1993,8532
55105,1948,1970,1992,71109
55107,1954,1977,1996,8663
55109,1973,1993,2006,38953
55111,1955,1983,2000,31496
55113,1962,1985,2001,16250
55115,1949,1975,1996,20670
55117,1936,1970,1992,53067
55119,1951,1978,1997,9537
55121,1949,1977,1999,13431
55123,1941,1974,1998,14065
55125,1965,1981,1999,24876
55127,1954,1977,1999,54124
55129,1963,1982,2001,12853
55131,1967,1986,2002,59380
55133,1965,1981,1998,175591
55135,1946,1975,1995,25791
55137,1954,1977,1996,14875
55139,1951,1975,1996,77318
55141,1951,1972,1991,34755
56001,1960,1978,1999,18851
56003,1944,1968,1987,5372
56005,1978,1991,2006,20023
56007,1951,1973,1986,8236
56009,1970,1978,2000,6646
56011,1970,1986,2006,3685
56013,1963,1978,1997,17469
56015,1948,1971,1989,5856
56017,1955,1974,1987,2461
56019,1962,1984,2003,4659
56021,1960,1980,2003,45659
56023,1973,1988,2002,9964
56025,1958,1977,2002,37309
56027,1927,1962,1985,1425
56029,1963,1983,2001,14989
56031,1956,1976,1995,4688
56033,1959,1983,2003,15461
56035,1971,1985,2001,5280
56037,1970,1980,1997,19289
56039,1976,1989,2001,13658
56041,1974,1984,1994,8901
56043,1953,1972,1986,3854
56045,1947,1974,1997,3406
72001,1968,1979,1992,7937
72003,1971,1978,1990,17824
72005,1969,1983,1999,28777
72007,1970,1981,1996,10959
72009,1970,1981,1994,10919
72011,1970,1978,1992,12640
72013,1967,1978,1993,43237
72015,1966,1977,1998,8385
72017,1971,1986,1999,10798
72019,1971,1984,1997,11843
72021,1962,1972,1987,88047
72023,1974,1987,2001,28577
72025,1968,1980,1996,61398
72027,1973,1986,1999,14747
72029,1972,1986,1998,18667
72031,1964,1970,1985,80200
72033,1963,1976,1987,11337
72035,1968,1981,1996,20583
72037,1973,1988,1999,7527
72039,1973,1985,1997,7454
72041,1978,1991,2001,17287
72043,1972,1985,1999,16674
72045,1965,1979,1995,8056
72047,1969,1979,1991,13966
72049,1987,1996,2003,1539
72051,1973,1984,2001,16454
72053,1970,1979,1994,19314
72054,1976,1990,2003,5215
72055,1971,1981,1993,9135
72057,1966,1978,1998,18983
72059,1966,1976,1991,8411
72061,1967,1980,1995,42567
72063,1976,1992,2002,18002
72065,1976,1990,2002,17452
72067,1967,1978,1995,7794
72069,1973,1984,1997,27848
72071,1969,1983,1999,21832
72073,1973,1984,1996,6394
72075,1975,1987,1999,19949
72077,1975,1990,2001,16940
72079,1969,1982,1994,12573
72081,1972,1984,1996,12921
72083,1970,1982,1994,4109
72085,1976,1991,2003,15714
72087,1974,1985,1997,11749
72089,1970,1979,1995,10815
72091,1966,1975,1989,19464
72093,1971,1980,1993,2591
72095,1974,1985,1997,5282
72097,1957,1968,1982,42468
72099,1974,1987,2000,17513
72101,1973,1987,1998,12703
72103,1969,1986,2001,11696
72105,1969,1981,1990,11460
72107,1972,1982,1996,9214
72109,1976,1987,1999,8256
72111,1973,1983,1994,8789
72113,1968,1976,1988,69741
72115,1972,1984,1997,11146
72117,1971,1979,1995,9379
72119,1972,1983,1997,23376
72121,1972,1983,1992,11400
72123,1969,1983,1998,13859
72125,1967,1978,1991,16255
72127,1955,1967,1981,201026
72129,1974,1985,1998,16809
72131,1971,1983,1997,19193
72133,1972,1989,2002,9552
72135,1976,1991,2002,27839
72137,1967,1977,1992,36615
72139,1971,1981,1996,30711
72141,1971,1984,1997,13624
72143,1970,1986,2002,17058
72145,1969,1979,1992,27010
72147,1975,1987,1996,5504
72149,1973,1986,1996,9257
72151,1972,1984,1996,14631
72153,1972,1981,1992,17387
